Customer ID,Age,Gender,Item Purchased,Category,Purchase Amount (USD),Location,Size,Color,Season,Review Rating,Subscription Status,Shipping Type,Discount Applied,Promo Code Used,Previous Purchases,Payment Method,Frequency of Purchases
1,55,Male,Backpack,Accessories,33,Nebraska,M,Orange,Fall,3.8,No,Next Day Air,Yes,Yes,31,Bank Transfer,Quarterly
2,28,Female,Boots,Footwear,23,New Mexico,M,Beige,Winter,4.5,Yes,Free Shipping,Yes,Yes,18,PayPal,Weekly
3,23,Female,Scarf,Accessories,92,New York,S,Magenta,Summer,4.6,No,Standard,No,No,18,Cash,Weekly
4,43,Male,Hat,Accessories,28,Louisiana,M,Gold,Spring,2.6,Yes,Free Shipping,Yes,Yes,33,Credit Card,Fortnightly
5,49,Male,Pants,Clothing,31,Arkansas,L,Yellow,Spring,2.7,No,2-Day Shipping,No,No,50,Bank Transfer,Quarterly
6,34,Female,Gloves,Accessories,74,Arizona,L,Beige,Fall,4.1,No,Free Shipping,No,No,36,Venmo,Bi-Weekly
7,22,Male,Coat,Outerwear,61,Illinois,S,Red,Fall,3.0,No,Free Shipping,Yes,Yes,33,Credit Card,Every 3 Months
8,53,Female,Handbag,Accessories,43,Idaho,L,Black,Winter,4.8,No,Store Pickup,No,No,3,Debit Card,Fortnightly
9,35,Female,Backpack,Accessories,23,South Dakota,L,Turquoise,Fall,3.4,Yes,Store Pickup,Yes,Yes,41,Bank Transfer,Quarterly
10,59,Male,Shoes,Footwear,40,California,S,Gray,Summer,4.0,Yes,Express,No,No,42,Cash,Every 3 Months
11,58,Male,Sweater,Clothing,31,Illinois,M,Black,Spring,3.0,No,Standard,No,No,11,Credit Card,Monthly
12,45,Male,Dress,Clothing,87,Wyoming,L,Yellow,Fall,3.0,No,Free Shipping,Yes,Yes,36,Venmo,Quarterly
13,50,Male,Shoes,Footwear,33,Nebraska,L,Olive,Fall,3.0,No,Standard,No,No,30,Debit Card,Every 3 Months
14,44,Male,Coat,Outerwear,30,Hawaii,M,Orange,Summer,3.4,No,Express,No,No,42,PayPal,Every 3 Months
15,31,Male,Sweater,Clothing,78,Alaska,M,Magenta,Fall,3.5,Yes,Store Pickup,No,No,18,Cash,Weekly
16,25,Male,T-shirt,Clothing,36,Florida,M,Charcoal,Fall,3.3,Yes,Next Day Air,No,No,36,Venmo,Monthly
17,34,Female,Skirt,Clothing,97,Montana,M,Magenta,Spring,4.2,Yes,Store Pickup,No,No,11,Debit Card,Annually
18,67,Female,Handbag,Accessories,66,Ohio,S,Gray,Fall,4.2,No,2-Day Shipping,No,No,5,Bank Transfer,Annually
19,32,Male,Sweater,Clothing,90,South Dakota,M,Cyan,Summer,3.2,No,Free Shipping,Yes,Yes,37,Bank Transfer,Bi-Weekly
20,47,Female,Scarf,Accessories,29,Georgia,S,Maroon,Summer,2.6,No,Next Day Air,No,No,14,Credit Card,Fortnightly
21,31,Male,Belt,Accessories,29,Missouri,M,Brown,Summer,3.1,No,Express,Yes,Yes,1,Debit Card,Every 3 Months
22,30,Male,Shirt,Clothing,96,Texas,M,Black,Spring,4.9,No,Express,No,No,38,Credit Card,Every 3 Months
23,46,Male,Sandals,Footwear,77,Kentucky,M,Gold,Spring,3.1,No,Express,No,No,19,Credit Card,Quarterly
24,31,Male,Socks,Clothing,95,Delaware,XL,Indigo,Spring,4.9,Yes,Store Pickup,No,No,32,Cash,Quarterly
25,27,Male,Backpack,Accessories,20,Georgia,M,Olive,Spring,4.4,No,Express,No,No,26,Bank Transfer,Quarterly
26,55,Male,Hoodie,Clothing,76,Iowa,S,Maroon,Summer,2.6,Yes,Next Day Air,No,No,22,PayPal,Fortnightly
27,48,Male,Shirt,Clothing,46,Montana,L,Olive,Fall,2.7,No,2-Day Shipping,Yes,Yes,25,Venmo,Every 3 Months
28,21,Female,Jeans,Clothing,29,North Carolina,M,Olive,Summer,4.1,No,2-Day Shipping,Yes,Yes,37,Cash,Monthly
29,20,Male,Sweater,Clothing,67,Idaho,M,Indigo,Fall,3.1,No,Next Day Air,No,No,29,PayPal,Fortnightly
30,60,Male,Sweater,Clothing,51,Utah,M,Charcoal,Spring,3.6,No,Free Shipping,No,No,33,Venmo,Every 3 Months
31,32,Male,Skirt,Clothing,65,Michigan,L,Lavender,Fall,2.6,No,2-Day Shipping,No,No,36,PayPal,Bi-Weekly
32,32,Male,Blouse,Clothing,29,Oklahoma,L,Maroon,Winter,2.8,Yes,Standard,Yes,Yes,2,Venmo,Monthly
33,28,Male,Dress,Clothing,23,Arizona,M,Red,Summer,,Yes,Next Day Air,Yes,Yes,45,Cash,Annually
34,67,Male,Sweater,Clothing,92,South Carolina,S,Green,Winter,3.9,No,Free Shipping,Yes,Yes,32,Credit Card,Bi-Weekly
35,47,Female,Belt,Accessories,76,Michigan,S,Orange,Summer,2.9,No,Free Shipping,Yes,Yes,31,Venmo,Annually
36,41,Male,Jacket,Outerwear,96,South Carolina,L,Red,Winter,4.2,Yes,2-Day Shipping,Yes,Yes,6,Cash,Weekly
37,25,Male,Hoodie,Clothing,49,Massachusetts,S,Gold,Summer,4.0,No,2-Day Shipping,No,No,5,Cash,Fortnightly
38,53,Male,Boots,Footwear,32,Washington,M,Orange,Summer,5.0,No,Standard,No,No,50,Debit Card,Annually
39,19,Female,Belt,Accessories,83,Utah,M,Black,Summer,3.4,No,Store Pickup,No,No,42,Credit Card,Fortnightly
40,21,Male,Hoodie,Clothing,51,Alaska,L,Beige,Summer,5.0,No,Free Shipping,Yes,Yes,5,Credit Card,Fortnightly
41,68,Male,Dress,Clothing,53,North Dakota,L,Purple,Winter,2.6,No,Free Shipping,Yes,Yes,24,Bank Transfer,Every 3 Months
42,26,Female,Sneakers,Footwear,59,Oklahoma,M,Purple,Summer,4.7,No,Free Shipping,No,No,40,Credit Card,Bi-Weekly
43,21,Male,Dress,Clothing,34,Wisconsin,L,Cyan,Summer,2.6,Yes,2-Day Shipping,No,No,36,Debit Card,Monthly
44,41,Female,Dress,Clothing,93,Nevada,M,Brown,Winter,4.7,No,Free Shipping,No,No,23,Venmo,Weekly
45,30,Male,Sunglasses,Accessories,61,Michigan,L,Black,Spring,4.8,No,Free Shipping,Yes,Yes,38,PayPal,Fortnightly
46,52,Female,Hat,Accessories,21,Alabama,M,Gray,Fall,3.0,No,Store Pickup,Yes,Yes,37,Credit Card,Weekly
47,50,Male,Sandals,Footwear,32,Utah,M,Green,Summer,3.4,No,Standard,No,No,1,Cash,Every 3 Months
48,63,Male,Belt,Accessories,72,Missouri,M,Olive,Winter,3.8,No,2-Day Shipping,Yes,Yes,37,Cash,Quarterly
49,40,Male,Blouse,Clothing,73,Delaware,XL,Maroon,Fall,3.0,No,Express,No,No,31,Cash,Fortnightly
50,47,Female,Blouse,Clothing,86,Utah,L,Green,Summer,4.8,No,Express,No,No,16,Cash,Bi-Weekly
51,60,Male,T-shirt,Clothing,75,West Virginia,M,Indigo,Fall,3.0,No,Standard,No,No,10,PayPal,Annually
52,54,Male,Sunglasses,Accessories,83,Arkansas,M,Lavender,Fall,4.9,Yes,Next Day Air,Yes,Yes,38,Bank Transfer,Quarterly
53,19,Male,Coat,Outerwear,50,Florida,M,Cyan,Winter,3.4,Yes,Next Day Air,Yes,Yes,40,Credit Card,Every 3 Months
54,52,Male,Skirt,Clothing,53,Kentucky,S,Green,Winter,3.7,Yes,Free Shipping,Yes,Yes,14,Credit Card,Annually
55,32,Male,Blouse,Clothing,27,Tennessee,XL,Red,Winter,4.7,No,Express,No,No,49,Bank Transfer,Quarterly
56,57,Male,Sweater,Clothing,27,Texas,M,Blue,Fall,3.5,No,2-Day Shipping,Yes,Yes,19,Debit Card,Quarterly
57,26,Female,Shorts,Clothing,34,Minnesota,XL,Cyan,Winter,3.7,Yes,Standard,Yes,Yes,47,PayPal,Every 3 Months
58,58,Male,Gloves,Accessories,38,South Dakota,M,Silver,Fall,4.1,No,2-Day Shipping,Yes,Yes,50,Credit Card,Annually
59,30,Female,Jacket,Outerwear,60,Virginia,M,Green,Winter,3.1,No,Standard,No,No,15,Bank Transfer,Bi-Weekly
60,28,Male,Blouse,Clothing,49,Florida,M,Turquoise,Winter,4.9,Yes,Free Shipping,Yes,Yes,47,Cash,Annually
61,32,Male,Jewelry,Accessories,48,Vermont,M,Gold,Spring,2.6,Yes,Store Pickup,No,No,19,Debit Card,Bi-Weekly
62,47,Male,Boots,Footwear,87,New Jersey,M,Maroon,Winter,4.0,No,Next Day Air,No,No,14,Credit Card,Weekly
63,28,Male,Sweater,Clothing,53,North Dakota,S,Peach,Summer,2.7,No,Store Pickup,Yes,Yes,30,Venmo,Bi-Weekly
64,23,Male,Coat,Outerwear,82,South Dakota,L,Cyan,Winter,3.2,Yes,Standard,No,No,33,Venmo,Fortnightly
65,36,Male,Belt,Accessories,89,Michigan,S,Indigo,Spring,3.0,No,Free Shipping,Yes,Yes,50,Bank Transfer,Weekly
66,40,Male,Sunglasses,Accessories,38,West Virginia,M,White,Winter,,Yes,Store Pickup,Yes,Yes,18,Cash,Fortnightly
67,39,Male,Sweater,Clothing,98,Iowa,S,Silver,Spring,3.7,No,Free Shipping,No,No,6,Debit Card,Quarterly
68,63,Male,Shorts,Clothing,38,Indiana,M,Red,Fall,4.9,No,Standard,Yes,Yes,45,Debit Card,Annually
69,47,Female,T-shirt,Clothing,22,Missouri,M,Cyan,Spring,3.8,No,Express,No,No,21,Venmo,Weekly
70,57,Male,Shoes,Footwear,92,Colorado,XL,Purple,Summer,2.9,Yes,Express,Yes,Yes,13,Cash,Annually
71,29,Male,Boots,Footwear,92,Minnesota,S,Olive,Summer,4.6,No,2-Day Shipping,Yes,Yes,20,Bank Transfer,Quarterly
72,50,Male,Socks,Clothing,45,Virginia,S,White,Winter,2.6,No,Store Pickup,Yes,Yes,2,Bank Transfer,Quarterly
73,19,Female,Hat,Accessories,54,Massachusetts,L,Indigo,Fall,3.0,No,Next Day Air,Yes,Yes,50,Credit Card,Monthly
74,66,Male,Dress,Clothing,24,Nebraska,M,Indigo,Spring,3.9,No,2-Day Shipping,Yes,Yes,31,PayPal,Fortnightly
75,41,Male,Boots,Footwear,85,Nebraska,L,Green,Winter,4.3,No,Express,No,No,25,PayPal,Monthly
76,18,Female,Gloves,Accessories,60,Maine,M,Olive,Spring,2.7,No,Free Shipping,No,No,42,Credit Card,Weekly
77,52,Female,Jacket,Outerwear,63,Arizona,S,Brown,Summer,4.7,Yes,Express,No,No,48,Bank Transfer,Monthly
78,45,Female,Gloves,Accessories,86,Iowa,L,White,Summer,3.2,No,Standard,No,No,49,Credit Card,Monthly
79,37,Male,Shorts,Clothing,52,Mississippi,S,Yellow,Spring,3.4,Yes,Next Day Air,Yes,Yes,49,PayPal,Bi-Weekly
80,68,Male,Socks,Clothing,48,Washington,S,Green,Summer,3.5,No,Free Shipping,No,No,1,PayPal,Every 3 Months
81,68,Male,Scarf,Accessories,34,Montana,S,Maroon,Summer,3.8,No,Store Pickup,Yes,Yes,38,Cash,Weekly
82,18,Female,Sneakers,Footwear,55,South Dakota,M,Lavender,Spring,4.6,Yes,Store Pickup,Yes,Yes,46,Credit Card,Bi-Weekly
83,45,Male,Shorts,Clothing,32,Massachusetts,M,Gold,Winter,2.8,No,Next Day Air,Yes,Yes,30,PayPal,Weekly
84,19,Male,Dress,Clothing,87,Maryland,M,Cyan,Fall,4.8,Yes,Store Pickup,Yes,Yes,3,Debit Card,Annually
85,25,Female,Blouse,Clothing,40,North Carolina,XL,Maroon,Winter,4.9,No,Free Shipping,No,No,13,Cash,Every 3 Months
86,63,Male,Blouse,Clothing,55,Illinois,L,Cyan,Summer,5.0,No,2-Day Shipping,Yes,Yes,35,Debit Card,Quarterly
87,37,Male,Dress,Clothing,59,Georgia,L,Teal,Fall,4.7,No,Store Pickup,Yes,Yes,25,Bank Transfer,Every 3 Months
88,26,Male,Shorts,Clothing,40,Utah,S,Orange,Spring,4.7,Yes,Free Shipping,No,No,47,Venmo,Monthly
89,18,Male,Socks,Clothing,67,Hawaii,L,Orange,Fall,4.5,Yes,Express,No,No,38,Credit Card,Every 3 Months
90,67,Male,Jewelry,Accessories,40,Virginia,M,Olive,Spring,3.8,No,Express,Yes,Yes,17,Debit Card,Monthly
91,59,Male,Shoes,Footwear,49,Illinois,L,Red,Winter,2.5,Yes,Free Shipping,Yes,Yes,23,Credit Card,Every 3 Months
92,39,Female,Coat,Outerwear,49,South Carolina,S,Turquoise,Fall,2.7,No,Free Shipping,No,No,6,Venmo,Bi-Weekly
93,70,Male,Sweater,Clothing,53,Maryland,S,Turquoise,Winter,3.5,No,Free Shipping,Yes,Yes,29,PayPal,Monthly
94,18,Male,Belt,Accessories,25,Maine,M,Violet,Spring,2.8,No,Next Day Air,No,No,23,PayPal,Bi-Weekly
95,25,Male,Hat,Accessories,54,Arizona,XL,Black,Fall,4.7,Yes,Next Day Air,No,No,46,Credit Card,Bi-Weekly
96,29,Female,Shirt,Clothing,76,Wyoming,L,Purple,Summer,4.3,No,2-Day Shipping,No,No,15,Bank Transfer,Weekly
97,55,Male,Gloves,Accessories,69,Pennsylvania,M,Teal,Summer,3.3,No,Standard,No,No,23,Bank Transfer,Fortnightly
98,29,Male,Sweater,Clothing,91,Washington,M,Teal,Winter,3.1,No,Free Shipping,No,No,13,Cash,Weekly
99,60,Male,Pants,Clothing,84,Nebraska,XL,Yellow,Winter,4.5,No,2-Day Shipping,No,No,40,Cash,Quarterly
100,50,Male,Sweater,Clothing,30,Iowa,XL,Silver,Spring,4.8,Yes,Standard,Yes,Yes,9,Debit Card,Bi-Weekly
101,68,Female,Sandals,Footwear,20,Illinois,M,Cyan,Winter,3.1,Yes,Next Day Air,No,No,16,Cash,Quarterly
102,62,Male,Blouse,Clothing,93,Nebraska,L,Olive,Winter,3.0,No,Free Shipping,Yes,Yes,21,Debit Card,Fortnightly
103,61,Male,Hat,Accessories,100,Colorado,M,Turquoise,Spring,3.2,Yes,Express,No,No,31,Debit Card,Every 3 Months
104,61,Male,Belt,Accessories,69,South Dakota,S,Pink,Winter,2.8,No,Free Shipping,Yes,Yes,11,Cash,Monthly
105,22,Female,Jeans,Clothing,44,Louisiana,M,Orange,Spring,2.5,No,Free Shipping,No,No,24,Credit Card,Annually
106,61,Male,Jacket,Outerwear,39,West Virginia,L,Orange,Winter,3.7,No,Standard,No,No,45,Bank Transfer,Annually
107,66,Male,Hoodie,Clothing,27,Missouri,M,Blue,Spring,3.2,No,2-Day Shipping,Yes,Yes,42,Cash,Fortnightly
108,36,Female,Dress,Clothing,31,Connecticut,M,Lavender,Summer,2.5,Yes,Next Day Air,Yes,Yes,8,Credit Card,Monthly
109,26,Male,Sunglasses,Accessories,86,Alabama,M,Green,Fall,3.5,No,Next Day Air,Yes,Yes,2,Credit Card,Every 3 Months
110,18,Male,Scarf,Accessories,72,Nebraska,XL,Orange,Summer,2.7,No,Standard,Yes,Yes,37,Credit Card,Annually
111,62,Female,Backpack,Accessories,71,Ohio,M,Teal,Fall,3.8,No,2-Day Shipping,Yes,Yes,11,Bank Transfer,Fortnightly
112,50,Female,Socks,Clothing,65,Georgia,L,Pink,Summer,3.3,No,2-Day Shipping,Yes,Yes,39,PayPal,Weekly
113,53,Male,Hoodie,Clothing,82,New Mexico,M,Turquoise,Fall,3.0,Yes,Store Pickup,Yes,Yes,19,Cash,Monthly
114,55,Female,Scarf,Accessories,29,Missouri,L,Blue,Spring,4.9,No,Express,No,No,24,Debit Card,Fortnightly
115,62,Male,Sweater,Clothing,55,Connecticut,S,Olive,Fall,4.6,No,2-Day Shipping,No,No,12,Debit Card,Fortnightly
116,53,Female,Sneakers,Footwear,84,Maryland,M,Teal,Winter,4.3,No,Next Day Air,No,No,29,PayPal,Weekly
117,59,Female,Shirt,Clothing,97,Georgia,L,Green,Summer,2.6,No,Store Pickup,No,No,18,Cash,Weekly
118,61,Male,Pants,Clothing,37,Mississippi,M,Maroon,Spring,3.3,Yes,Next Day Air,Yes,Yes,28,Debit Card,Monthly
119,41,Male,Sandals,Footwear,92,Kansas,M,Black,Winter,2.8,No,Free Shipping,Yes,Yes,47,PayPal,Annually
120,56,Female,Socks,Clothing,91,Connecticut,S,Indigo,Summer,4.0,No,Free Shipping,Yes,Yes,6,Venmo,Quarterly
121,21,Male,Sweater,Clothing,77,Utah,M,Magenta,Spring,4.9,No,Next Day Air,No,No,5,Debit Card,Fortnightly
122,55,Male,T-shirt,Clothing,44,California,L,Gold,Fall,3.9,No,Store Pickup,Yes,Yes,37,Debit Card,Monthly
123,51,Female,Sandals,Footwear,94,Virginia,XL,Teal,Fall,3.3,No,Standard,No,No,17,PayPal,Monthly
124,65,Male,T-shirt,Clothing,61,Tennessee,S,Pink,Winter,2.8,No,Next Day Air,Yes,Yes,1,Bank Transfer,Monthly
125,63,Female,Gloves,Accessories,44,Iowa,M,Yellow,Fall,4.5,No,Store Pickup,Yes,Yes,19,Bank Transfer,Fortnightly
126,47,Male,Sandals,Footwear,41,California,L,Cyan,Summer,4.9,No,Store Pickup,Yes,Yes,50,Credit Card,Annually
127,19,Male,Gloves,Accessories,30,Kentucky,S,Cyan,Summer,2.8,No,2-Day Shipping,Yes,Yes,20,Cash,Bi-Weekly
128,30,Male,Gloves,Accessories,68,Arizona,M,Turquoise,Winter,4.9,Yes,Free Shipping,Yes,Yes,8,Debit Card,Annually
129,70,Male,Coat,Outerwear,78,New Jersey,XL,White,Summer,4.8,Yes,2-Day Shipping,No,No,36,Debit Card,Monthly
130,47,Male,T-shirt,Clothing,83,Illinois,M,Magenta,Fall,4.3,No,Express,No,No,24,PayPal,Fortnightly
131,62,Female,Sandals,Footwear,74,Connecticut,M,Silver,Spring,2.8,No,Standard,Yes,Yes,8,Bank Transfer,Fortnightly
132,62,Male,Jewelry,Accessories,31,Wyoming,L,Yellow,Winter,4.5,Yes,Next Day Air,Yes,Yes,36,Cash,Bi-Weekly
133,38,Male,Blouse,Clothing,25,Minnesota,L,Silver,Summer,3.5,No,Express,No,No,14,Venmo,Annually
134,45,Male,Hoodie,Clothing,59,Alabama,M,Green,Summer,4.7,No,Next Day Air,Yes,Yes,38,Bank Transfer,Bi-Weekly
135,54,Female,Jeans,Clothing,70,South Carolina,L,Violet,Spring,3.0,No,Free Shipping,No,No,27,Cash,Bi-Weekly
136,51,Male,Socks,Clothing,48,Connecticut,M,Peach,Spring,4.0,Yes,Store Pickup,Yes,Yes,14,Venmo,Weekly
137,21,Female,Shoes,Footwear,43,Wyoming,S,Red,Winter,3.7,No,Next Day Air,No,No,3,Bank Transfer,Every 3 Months
138,56,Male,Backpack,Accessories,60,New Mexico,L,Teal,Fall,3.5,No,Express,No,No,30,PayPal,Annually
139,22,Male,Shirt,Clothing,50,New Hampshire,L,Turquoise,Spring,2.7,No,Store Pickup,Yes,Yes,45,Debit Card,Every 3 Months
140,21,Female,Shoes,Footwear,61,Virginia,M,Magenta,Winter,4.7,No,Next Day Air,No,No,36,Bank Transfer,Annually
141,67,Female,Gloves,Accessories,30,Louisiana,XL,Pink,Winter,4.7,No,Express,No,No,17,Cash,Quarterly
142,47,Male,T-shirt,Clothing,23,Wyoming,M,Gold,Winter,3.8,No,Express,No,No,37,Credit Card,Quarterly
143,31,Male,Blouse,Clothing,73,Wisconsin,L,Pink,Summer,3.1,No,Express,No,No,25,Credit Card,Monthly
144,22,Female,Gloves,Accessories,72,Vermont,S,Pink,Summer,3.6,Yes,Store Pickup,No,No,38,Bank Transfer,Quarterly
145,50,Male,Jacket,Outerwear,22,Wyoming,L,Silver,Spring,4.6,Yes,2-Day Shipping,No,No,5,Credit Card,Every 3 Months
146,33,Female,Belt,Accessories,56,North Carolina,M,Charcoal,Spring,2.8,No,Free Shipping,Yes,Yes,17,PayPal,Monthly
147,55,Male,Belt,Accessories,77,Oregon,L,Red,Winter,4.6,No,Next Day Air,Yes,Yes,46,Credit Card,Weekly
148,59,Male,Handbag,Accessories,83,Arizona,L,Indigo,Spring,4.5,Yes,Standard,Yes,Yes,2,Bank Transfer,Quarterly
149,66,Male,Hat,Accessories,74,Indiana,M,White,Spring,3.3,No,Free Shipping,No,No,12,Credit Card,Every 3 Months
150,65,Female,Sunglasses,Accessories,61,Iowa,M,Magenta,Summer,4.1,No,Next Day Air,Yes,Yes,24,Venmo,Bi-Weekly
151,62,Male,Shorts,Clothing,41,New York,M,Magenta,Fall,4.5,No,Next Day Air,Yes,Yes,19,Debit Card,Every 3 Months
152,28,Female,Sweater,Clothing,39,Connecticut,M,Indigo,Winter,4.7,No,2-Day Shipping,Yes,Yes,3,Credit Card,Quarterly
153,29,Male,Skirt,Clothing,89,Nevada,L,Beige,Winter,3.5,No,Express,Yes,Yes,43,Cash,Quarterly
154,49,Female,Sneakers,Footwear,57,New York,XL,Olive,Spring,2.7,No,Express,No,No,30,Cash,Weekly
155,51,Male,Blouse,Clothing,75,Kansas,M,Pink,Winter,4.8,No,Store Pickup,Yes,Yes,10,Venmo,Quarterly
156,22,Female,Blouse,Clothing,52,Wyoming,XL,Turquoise,Winter,4.4,No,Store Pickup,No,No,7,Venmo,Every 3 Months
157,44,Male,Scarf,Accessories,23,Delaware,M,Silver,Spring,3.3,No,Express,Yes,Yes,36,Debit Card,Annually
158,57,Male,Hat,Accessories,22,Ohio,XL,Green,Summer,4.4,No,2-Day Shipping,Yes,Yes,6,Cash,Quarterly
159,63,Male,Shoes,Footwear,26,Pennsylvania,M,Black,Spring,3.9,Yes,Standard,Yes,Yes,21,Venmo,Weekly
160,32,Male,Socks,Clothing,89,Connecticut,M,Black,Fall,3.9,No,Free Shipping,Yes,Yes,34,Debit Card,Weekly
161,43,Male,Shorts,Clothing,71,Illinois,S,Cyan,Fall,4.8,No,Standard,Yes,Yes,17,PayPal,Fortnightly
162,29,Female,Socks,Clothing,86,Mississippi,XL,Blue,Fall,4.1,No,Store Pickup,No,No,36,Credit Card,Bi-Weekly
163,41,Female,Gloves,Accessories,81,Connecticut,S,Orange,Summer,3.3,No,2-Day Shipping,Yes,Yes,36,Cash,Bi-Weekly
164,32,Male,Blouse,Clothing,33,Wisconsin,L,Red,Spring,3.5,No,Express,No,No,19,Bank Transfer,Annually
165,20,Male,Sunglasses,Accessories,26,Utah,M,Blue,Summer,4.2,No,Express,No,No,29,Debit Card,Weekly
166,68,Male,Backpack,Accessories,96,Mississippi,XL,Green,Summer,3.5,No,2-Day Shipping,Yes,Yes,45,Cash,Annually
167,41,Male,Sweater,Clothing,58,Nebraska,L,Magenta,Spring,4.7,Yes,2-Day Shipping,Yes,Yes,49,Credit Card,Annually
168,30,Male,Sunglasses,Accessories,90,Washington,S,Beige,Spring,3.3,Yes,Standard,No,No,35,PayPal,Fortnightly
169,44,Male,T-shirt,Clothing,45,Montana,M,Magenta,Fall,2.9,No,Standard,Yes,Yes,1,Cash,Monthly
170,44,Female,Belt,Accessories,62,Minnesota,XL,Pink,Spring,3.9,No,Express,No,No,26,Debit Card,Every 3 Months
171,52,Male,Shoes,Footwear,78,New Jersey,L,Black,Spring,4.7,No,2-Day Shipping,No,No,27,Debit Card,Monthly
172,35,Male,Coat,Outerwear,56,Nevada,L,Lavender,Summer,4.5,No,Store Pickup,No,No,15,PayPal,Bi-Weekly
173,67,Male,Backpack,Accessories,86,Indiana,M,Violet,Spring,4.3,No,2-Day Shipping,Yes,Yes,21,Credit Card,Every 3 Months
174,51,Male,Coat,Outerwear,32,Florida,M,Gray,Fall,2.9,Yes,Standard,No,No,11,Credit Card,Bi-Weekly
175,35,Male,Pants,Clothing,61,North Carolina,M,Beige,Spring,2.6,Yes,Free Shipping,No,No,3,Credit Card,Fortnightly
176,63,Male,Shirt,Clothing,35,Connecticut,M,Gray,Spring,3.2,No,2-Day Shipping,No,No,45,Credit Card,Every 3 Months
177,50,Female,Gloves,Accessories,46,Maryland,L,Gold,Winter,3.9,Yes,Standard,Yes,Yes,1,Debit Card,Weekly
178,23,Female,Handbag,Accessories,47,Hawaii,M,Magenta,Summer,4.6,No,Free Shipping,No,No,20,PayPal,Monthly
179,32,Female,Sandals,Footwear,85,Kansas,M,Red,Summer,3.1,No,2-Day Shipping,Yes,Yes,17,PayPal,Annually
180,55,Male,Backpack,Accessories,56,Rhode Island,M,Peach,Spring,3.5,No,Standard,Yes,Yes,1,Credit Card,Every 3 Months
181,39,Female,Blouse,Clothing,39,Kansas,S,Maroon,Summer,4.5,No,Express,No,No,20,PayPal,Every 3 Months
182,18,Female,Sunglasses,Accessories,78,New Jersey,M,Beige,Summer,4.8,No,2-Day Shipping,No,No,28,Cash,Weekly
183,30,Female,Socks,Clothing,69,Washington,S,Green,Spring,2.7,No,Store Pickup,No,No,46,Credit Card,Quarterly
184,66,Male,Shoes,Footwear,36,Massachusetts,M,Gray,Spring,4.3,No,Store Pickup,Yes,Yes,4,Venmo,Fortnightly
185,59,Female,Jeans,Clothing,76,Maryland,L,Black,Fall,4.6,No,Express,No,No,18,PayPal,Weekly
186,35,Male,Socks,Clothing,25,Pennsylvania,M,Purple,Summer,4.6,No,Standard,Yes,Yes,43,Cash,Quarterly
187,37,Male,Hoodie,Clothing,96,South Carolina,M,Gold,Summer,3.2,Yes,2-Day Shipping,No,No,45,Credit Card,Quarterly
188,56,Male,Dress,Clothing,29,Connecticut,S,Violet,Winter,3.8,Yes,2-Day Shipping,No,No,11,Debit Card,Quarterly
189,69,Male,Handbag,Accessories,79,Nevada,L,Silver,Fall,4.4,Yes,Free Shipping,No,No,1,Venmo,Quarterly
190,26,Male,Dress,Clothing,97,Montana,S,Red,Fall,4.6,No,Express,No,No,7,Credit Card,Weekly
191,32,Male,Jeans,Clothing,51,Tennessee,S,White,Fall,4.2,No,Standard,Yes,Yes,24,Debit Card,Bi-Weekly
192,28,Male,Gloves,Accessories,39,New York,S,Orange,Spring,3.7,Yes,Store Pickup,No,No,33,Bank Transfer,Bi-Weekly
193,46,Male,Hat,Accessories,78,South Dakota,M,Black,Winter,2.6,No,Standard,No,No,15,Bank Transfer,Fortnightly
194,45,Male,Shirt,Clothing,34,Mississippi,M,Brown,Winter,2.6,No,Express,No,No,9,Venmo,Fortnightly
195,39,Male,Skirt,Clothing,59,Maine,M,Olive,Fall,3.3,No,Next Day Air,No,No,15,Bank Transfer,Monthly
196,33,Male,T-shirt,Clothing,36,North Carolina,L,Lavender,Winter,4.7,No,Next Day Air,Yes,Yes,34,Bank Transfer,Annually
197,39,Male,Sweater,Clothing,98,Alaska,L,Silver,Summer,4.3,No,Express,Yes,Yes,7,Venmo,Annually
198,31,Male,Pants,Clothing,28,Arkansas,S,Yellow,Spring,4.9,No,Store Pickup,No,No,38,Venmo,Quarterly
199,56,Female,Shirt,Clothing,31,Tennessee,XL,Pink,Fall,3.0,No,2-Day Shipping,Yes,Yes,33,Bank Transfer,Monthly
200,46,Male,Sandals,Footwear,67,Maine,S,Purple,Winter,3.3,No,Free Shipping,Yes,Yes,26,Debit Card,Quarterly
201,51,Female,Shirt,Clothing,96,Kentucky,L,White,Winter,2.9,No,Store Pickup,No,No,43,Cash,Annually
202,47,Male,Jewelry,Accessories,66,Kansas,M,Maroon,Spring,3.1,Yes,Store Pickup,Yes,Yes,18,Cash,Weekly
203,44,Male,Sunglasses,Accessories,62,Maine,L,Olive,Spring,4.6,No,Store Pickup,No,No,34,PayPal,Weekly
204,70,Male,Pants,Clothing,90,Nebraska,M,Gray,Summer,4.9,Yes,Next Day Air,Yes,Yes,24,Debit Card,Every 3 Months
205,48,Male,Belt,Accessories,100,Nebraska,S,Red,Summer,4.8,No,Next Day Air,No,No,16,Credit Card,Annually
206,25,Male,Blouse,Clothing,29,Wisconsin,M,Black,Spring,3.6,Yes,Standard,No,No,36,PayPal,Monthly
207,41,Female,Hoodie,Clothing,55,Iowa,M,Olive,Fall,4.8,No,Next Day Air,No,No,24,Venmo,Bi-Weekly
208,67,Female,T-shirt,Clothing,69,New Jersey,M,Red,Winter,4.3,No,Standard,Yes,Yes,23,Cash,Weekly
209,60,Female,Shoes,Footwear,37,Texas,M,Silver,Winter,4.2,No,2-Day Shipping,No,No,19,Debit Card,Every 3 Months
210,55,Male,Socks,Clothing,26,Arizona,S,Turquoise,Summer,3.1,No,2-Day Shipping,No,No,10,Venmo,Annually
211,64,Male,Shorts,Clothing,41,Florida,M,Teal,Spring,3.7,Yes,Free Shipping,No,No,44,Venmo,Quarterly
212,35,Male,Belt,Accessories,22,Missouri,M,Charcoal,Fall,3.4,No,Free Shipping,No,No,35,Venmo,Monthly
213,24,Male,Handbag,Accessories,45,Georgia,M,Charcoal,Fall,4.2,Yes,Standard,No,No,16,Credit Card,Fortnightly
214,55,Male,Belt,Accessories,65,Iowa,XL,Pink,Summer,4.0,Yes,Express,No,No,10,Debit Card,Quarterly
215,33,Female,Hoodie,Clothing,76,Wyoming,XL,Purple,Fall,2.8,No,2-Day Shipping,No,No,4,Debit Card,Annually
216,47,Male,Skirt,Clothing,91,Indiana,M,Gray,Winter,3.5,Yes,2-Day Shipping,Yes,Yes,17,PayPal,Every 3 Months
217,25,Female,Sneakers,Footwear,56,Iowa,XL,Olive,Fall,4.9,No,Free Shipping,No,No,17,Venmo,Fortnightly
218,70,Female,Hoodie,Clothing,91,Virginia,M,Indigo,Spring,3.2,Yes,Standard,Yes,Yes,42,Cash,Weekly
219,53,Male,Shorts,Clothing,91,Vermont,M,Red,Winter,2.5,No,2-Day Shipping,No,No,18,PayPal,Bi-Weekly
220,40,Female,Scarf,Accessories,20,Illinois,L,Gold,Spring,4.0,No,Store Pickup,No,No,37,Cash,Quarterly
221,25,Female,Pants,Clothing,35,Connecticut,M,Lavender,Spring,3.7,No,Next Day Air,Yes,Yes,8,Credit Card,Every 3 Months
222,59,Male,Coat,Outerwear,20,Louisiana,XL,Charcoal,Summer,3.2,No,Store Pickup,No,No,34,Venmo,Fortnightly
223,68,Male,Sweater,Clothing,88,Alaska,XL,Green,Summer,4.1,No,Next Day Air,No,No,43,Bank Transfer,Fortnightly
224,38,Male,Backpack,Accessories,30,Connecticut,M,Charcoal,Fall,4.9,Yes,Free Shipping,Yes,Yes,15,Debit Card,Every 3 Months
225,66,Male,Sunglasses,Accessories,93,Washington,M,Magenta,Fall,2.8,No,Express,No,No,12,Cash,Monthly
226,28,Male,Scarf,Accessories,84,Florida,M,Green,Winter,3.1,No,Store Pickup,Yes,Yes,26,Bank Transfer,Quarterly
227,52,Male,Shoes,Footwear,30,South Dakota,XL,Blue,Winter,4.8,Yes,Next Day Air,No,No,49,Debit Card,Monthly
228,55,Male,Shirt,Clothing,27,Vermont,XL,Cyan,Winter,4.0,Yes,Standard,Yes,Yes,7,Credit Card,Fortnightly
229,42,Female,Scarf,Accessories,88,Oklahoma,M,Lavender,Fall,2.8,No,Standard,No,No,27,Debit Card,Weekly
230,34,Female,Sneakers,Footwear,32,Hawaii,XL,Maroon,Summer,5.0,No,Standard,No,No,12,Venmo,Fortnightly
231,57,Male,Pants,Clothing,65,Tennessee,L,Lavender,Fall,5.0,Yes,Store Pickup,No,No,3,Cash,Fortnightly
232,61,Female,Scarf,Accessories,90,Colorado,L,Orange,Summer,4.1,Yes,Free Shipping,Yes,Yes,45,Bank Transfer,Bi-Weekly
233,65,Female,Skirt,Clothing,98,Maryland,M,Indigo,Summer,2.9,No,Express,No,No,4,Credit Card,Quarterly
234,46,Female,Shorts,Clothing,28,Kentucky,S,Green,Fall,2.6,No,Standard,No,No,14,Venmo,Annually
235,36,Male,Belt,Accessories,59,Wyoming,M,Brown,Winter,3.7,No,2-Day Shipping,Yes,Yes,1,Bank Transfer,Fortnightly
236,68,Male,Belt,Accessories,25,New Jersey,M,Gray,Winter,4.0,Yes,2-Day Shipping,Yes,Yes,41,Credit Card,Weekly
237,39,Male,Handbag,Accessories,89,Idaho,M,Maroon,Spring,2.8,Yes,2-Day Shipping,Yes,Yes,39,Venmo,Monthly
238,46,Male,Boots,Footwear,96,Wyoming,M,Yellow,Summer,2.6,No,Next Day Air,No,No,1,Cash,Monthly
239,37,Male,Hat,Accessories,52,West Virginia,S,Red,Fall,4.5,No,Next Day Air,No,No,2,Credit Card,Weekly
240,23,Female,Jacket,Outerwear,71,Idaho,S,Cyan,Winter,3.0,No,Store Pickup,No,No,11,Bank Transfer,Monthly
241,41,Male,Backpack,Accessories,45,Pennsylvania,M,Violet,Fall,3.3,No,Free Shipping,No,No,27,Credit Card,Quarterly
242,57,Male,T-shirt,Clothing,49,Connecticut,M,Peach,Fall,4.6,No,Express,Yes,Yes,44,Venmo,Quarterly
243,24,Male,Socks,Clothing,27,Vermont,L,Cyan,Spring,2.8,No,Next Day Air,Yes,Yes,44,PayPal,Every 3 Months
244,18,Male,Shirt,Clothing,39,New Jersey,M,White,Summer,3.6,No,Standard,No,No,1,Venmo,Bi-Weekly
245,51,Male,Blouse,Clothing,87,Texas,M,Olive,Summer,4.2,No,Next Day Air,Yes,Yes,46,Venmo,Annually
246,40,Male,Shorts,Clothing,89,Montana,S,Black,Summer,2.7,No,2-Day Shipping,Yes,Yes,15,Bank Transfer,Quarterly
247,63,Male,Belt,Accessories,44,Kentucky,M,Pink,Summer,3.5,Yes,Standard,Yes,Yes,46,Bank Transfer,Fortnightly
248,58,Male,Belt,Accessories,44,Minnesota,XL,Red,Summer,2.7,No,Free Shipping,No,No,2,PayPal,Every 3 Months
249,61,Female,Backpack,Accessories,48,Mississippi,L,Olive,Winter,4.2,No,Store Pickup,No,No,29,Venmo,Monthly
250,50,Male,Sweater,Clothing,63,Massachusetts,M,Black,Spring,2.9,Yes,Standard,Yes,Yes,46,Credit Card,Annually
251,36,Male,Handbag,Accessories,51,New Jersey,M,Gold,Summer,4.8,No,2-Day Shipping,Yes,Yes,28,PayPal,Fortnightly
252,19,Male,Pants,Clothing,87,Oregon,M,Brown,Summer,2.6,No,2-Day Shipping,No,No,2,Venmo,Annually
253,64,Male,Jacket,Outerwear,87,Oregon,XL,Charcoal,Winter,5.0,No,Free Shipping,No,No,45,Cash,Weekly
254,26,Male,Dress,Clothing,54,North Dakota,L,Violet,Fall,3.6,No,Store Pickup,Yes,Yes,45,Venmo,Every 3 Months
255,58,Male,Sweater,Clothing,44,Iowa,M,Beige,Winter,3.6,No,Express,Yes,Yes,13,Bank Transfer,Monthly
256,69,Male,Backpack,Accessories,70,Connecticut,L,Yellow,Winter,4.5,No,Store Pickup,No,No,46,PayPal,Weekly
257,49,Male,Skirt,Clothing,63,Indiana,M,Blue,Winter,3.2,Yes,2-Day Shipping,Yes,Yes,27,Debit Card,Bi-Weekly
258,50,Female,Shoes,Footwear,80,Indiana,XL,Brown,Fall,4.8,No,2-Day Shipping,No,No,9,Cash,Weekly
259,54,Male,Handbag,Accessories,73,Nevada,M,Maroon,Spring,3.6,Yes,Free Shipping,Yes,Yes,44,Cash,Annually
260,37,Male,Pants,Clothing,61,Massachusetts,L,Gray,Fall,3.2,No,2-Day Shipping,Yes,Yes,12,Credit Card,Annually
261,29,Male,Socks,Clothing,71,Vermont,M,Indigo,Spring,4.8,Yes,Free Shipping,No,No,23,PayPal,Quarterly
262,70,Female,Jeans,Clothing,28,North Dakota,M,Black,Fall,3.3,Yes,Standard,No,No,11,PayPal,Bi-Weekly
263,39,Male,Gloves,Accessories,37,Oregon,L,Peach,Summer,4.5,Yes,Express,No,No,36,Credit Card,Weekly
264,65,Male,Blouse,Clothing,20,New Mexico,L,Charcoal,Summer,2.9,No,Express,Yes,Yes,14,Credit Card,Bi-Weekly
265,27,Male,Blouse,Clothing,64,Wisconsin,XL,Blue,Winter,4.2,Yes,Free Shipping,Yes,Yes,12,Credit Card,Fortnightly
266,37,Male,Gloves,Accessories,43,New Jersey,M,Turquoise,Winter,3.2,Yes,2-Day Shipping,Yes,Yes,7,Credit Card,Bi-Weekly
267,42,Female,Shirt,Clothing,45,Washington,L,Peach,Fall,2.5,No,Store Pickup,No,No,43,Credit Card,Weekly
268,51,Male,Boots,Footwear,39,Nevada,M,Maroon,Winter,4.9,No,Next Day Air,No,No,16,Bank Transfer,Annually
269,24,Male,Hat,Accessories,22,California,L,Red,Summer,4.2,No,Free Shipping,Yes,Yes,50,Debit Card,Quarterly
270,53,Female,Hat,Accessories,22,Ohio,M,Charcoal,Summer,2.7,Yes,2-Day Shipping,Yes,Yes,42,Cash,Annually
271,51,Male,Sandals,Footwear,39,Oregon,XL,Purple,Fall,3.5,No,2-Day Shipping,No,No,17,Debit Card,Annually
272,34,Male,Shoes,Footwear,57,Arkansas,L,Peach,Summer,3.5,No,Standard,Yes,Yes,31,Cash,Monthly
273,54,Male,Shorts,Clothing,84,Delaware,L,Violet,Fall,4.1,Yes,Store Pickup,No,No,20,Venmo,Monthly
274,48,Female,Handbag,Accessories,59,Washington,M,Olive,Fall,4.8,Yes,Free Shipping,No,No,34,Bank Transfer,Weekly
275,36,Male,Shorts,Clothing,77,Arkansas,M,Red,Fall,3.1,Yes,2-Day Shipping,No,No,25,Credit Card,Monthly
276,50,Female,Dress,Clothing,71,Tennessee,S,White,Spring,4.1,No,Free Shipping,No,No,35,Venmo,Every 3 Months
277,42,Male,Pants,Clothing,20,Montana,S,Gray,Spring,4.7,No,Express,No,No,49,Debit Card,Monthly
278,59,Female,Skirt,Clothing,33,Kansas,M,Red,Summer,3.2,No,Free Shipping,Yes,Yes,17,Debit Card,Fortnightly
279,53,Female,Hoodie,Clothing,88,Utah,S,Maroon,Winter,2.9,No,Store Pickup,No,No,47,PayPal,Fortnightly
280,21,Female,Pants,Clothing,35,Ohio,M,Blue,Spring,3.6,No,2-Day Shipping,No,No,4,Credit Card,Every 3 Months
281,55,Male,Gloves,Accessories,67,Texas,M,Purple,Summer,3.9,No,Free Shipping,Yes,Yes,8,Cash,Every 3 Months
282,61,Male,Jeans,Clothing,44,Nebraska,M,Gray,Summer,4.8,No,Standard,No,No,1,Bank Transfer,Every 3 Months
283,61,Male,T-shirt,Clothing,28,Georgia,M,Orange,Summer,2.5,No,Store Pickup,No,No,31,Debit Card,Fortnightly
284,50,Male,Sweater,Clothing,46,North Dakota,M,Gold,Winter,4.7,Yes,Next Day Air,Yes,Yes,30,Venmo,Annually
285,47,Female,Sweater,Clothing,71,Tennessee,M,Beige,Winter,3.3,Yes,Free Shipping,No,No,7,Debit Card,Every 3 Months
286,27,Male,Gloves,Accessories,27,Utah,L,Yellow,Spring,5.0,No,Store Pickup,No,No,4,Venmo,Annually
287,61,Male,Blouse,Clothing,92,Nebraska,M,Cyan,Spring,4.0,No,Standard,No,No,14,Cash,Weekly
288,63,Male,Belt,Accessories,99,Delaware,L,Olive,Winter,4.2,No,Standard,No,No,13,Venmo,Annually
289,64,Female,Shirt,Clothing,60,Florida,L,Orange,Winter,3.0,No,Standard,No,No,5,Credit Card,Bi-Weekly
290,38,Female,Sunglasses,Accessories,70,New Jersey,L,Blue,Fall,4.1,No,Next Day Air,No,No,33,Credit Card,Weekly
291,64,Male,Sandals,Footwear,82,South Carolina,XL,Indigo,Summer,3.7,No,Express,Yes,Yes,4,PayPal,Monthly
292,64,Male,T-shirt,Clothing,84,New Mexico,L,Peach,Spring,4.2,No,Standard,Yes,Yes,20,PayPal,Quarterly
293,23,Female,Handbag,Accessories,78,Kentucky,L,Charcoal,Spring,3.4,No,Standard,No,No,47,Bank Transfer,Fortnightly
294,43,Male,Hoodie,Clothing,46,Hawaii,L,Teal,Spring,3.4,Yes,Express,Yes,Yes,49,Venmo,Quarterly
295,22,Female,Shirt,Clothing,32,Delaware,L,Purple,Summer,3.8,No,2-Day Shipping,Yes,Yes,42,Debit Card,Bi-Weekly
296,28,Female,Sweater,Clothing,32,Louisiana,XL,Turquoise,Winter,3.7,No,Next Day Air,No,No,30,PayPal,Monthly
297,20,Female,Sandals,Footwear,87,Oregon,S,Green,Winter,3.5,Yes,2-Day Shipping,Yes,Yes,4,Cash,Weekly
298,52,Female,Hoodie,Clothing,70,Michigan,M,Orange,Winter,3.3,No,Next Day Air,No,No,3,Cash,Weekly
299,64,Female,Jewelry,Accessories,72,Massachusetts,M,Maroon,Spring,4.2,Yes,Standard,No,No,45,Credit Card,Annually
300,67,Male,Shorts,Clothing,40,New Mexico,M,Gray,Summer,4.1,No,2-Day Shipping,Yes,Yes,7,Credit Card,Every 3 Months
301,31,Male,Shoes,Footwear,21,Minnesota,XL,Silver,Summer,5.0,No,Standard,No,No,30,Cash,Fortnightly
302,28,Male,Shirt,Clothing,92,Idaho,M,Red,Spring,3.2,Yes,2-Day Shipping,No,No,18,Bank Transfer,Every 3 Months
303,26,Female,Handbag,Accessories,90,Mississippi,M,Green,Spring,3.4,No,2-Day Shipping,No,No,36,Bank Transfer,Every 3 Months
304,40,Female,Sunglasses,Accessories,31,Texas,XL,Orange,Summer,2.6,No,Store Pickup,No,No,47,PayPal,Every 3 Months
305,60,Female,Shoes,Footwear,95,Delaware,S,Gold,Winter,2.9,Yes,Free Shipping,No,No,48,PayPal,Weekly
306,22,Male,Skirt,Clothing,46,Massachusetts,L,Green,Spring,4.6,No,2-Day Shipping,Yes,Yes,18,Debit Card,Weekly
307,23,Male,Pants,Clothing,87,Montana,M,Pink,Summer,4.7,No,Next Day Air,No,No,31,Credit Card,Every 3 Months
308,33,Male,Hat,Accessories,50,Missouri,M,Orange,Summer,4.3,No,Store Pickup,Yes,Yes,22,Debit Card,Annually
309,33,Male,Handbag,Accessories,57,Pennsylvania,M,Indigo,Fall,2.6,No,Next Day Air,No,No,46,Debit Card,Quarterly
310,52,Female,Dress,Clothing,31,Utah,M,Olive,Winter,3.0,No,2-Day Shipping,No,No,18,Bank Transfer,Fortnightly
311,43,Male,Sunglasses,Accessories,98,North Carolina,S,Magenta,Winter,3.3,Yes,Express,No,No,13,Bank Transfer,Fortnightly
312,58,Male,Handbag,Accessories,21,Georgia,L,Cyan,Fall,3.9,Yes,Next Day Air,No,No,24,Cash,Quarterly
313,23,Male,Sunglasses,Accessories,90,Florida,L,Red,Winter,2.8,Yes,Express,No,No,15,Credit Card,Quarterly
314,64,Female,Hoodie,Clothing,88,Nevada,L,Blue,Fall,4.6,No,Next Day Air,No,No,36,Venmo,Monthly
315,48,Male,Shorts,Clothing,89,South Carolina,L,Maroon,Summer,4.0,No,Store Pickup,No,No,32,Debit Card,Every 3 Months
316,47,Female,Shirt,Clothing,95,Louisiana,M,Silver,Spring,3.5,No,2-Day Shipping,Yes,Yes,32,PayPal,Weekly
317,30,Female,Dress,Clothing,28,New York,S,Red,Fall,4.8,No,Store Pickup,No,No,25,PayPal,Annually
318,39,Male,Jeans,Clothing,22,West Virginia,S,Orange,Spring,4.1,Yes,Next Day Air,No,No,28,Venmo,Quarterly
319,46,Male,Jacket,Outerwear,79,Arkansas,XL,Olive,Winter,4.2,No,Standard,No,No,10,Cash,Annually
320,58,Female,Pants,Clothing,69,Idaho,L,Pink,Spring,3.9,Yes,Express,Yes,Yes,30,Bank Transfer,Fortnightly
321,28,Female,Jacket,Outerwear,22,Florida,M,Charcoal,Fall,4.1,No,2-Day Shipping,No,No,43,Cash,Monthly
322,34,Male,Jeans,Clothing,64,Mississippi,XL,Olive,Summer,3.9,Yes,Store Pickup,No,No,6,Cash,Weekly
323,50,Female,Shorts,Clothing,35,Rhode Island,M,Purple,Winter,3.9,No,Express,No,No,7,Venmo,Annually
324,32,Female,Socks,Clothing,78,Maine,M,Black,Fall,4.0,No,2-Day Shipping,Yes,Yes,25,Venmo,Every 3 Months
325,45,Female,Skirt,Clothing,52,Hawaii,L,Silver,Fall,4.3,No,Next Day Air,Yes,Yes,42,Debit Card,Bi-Weekly
326,62,Male,Shoes,Footwear,24,California,S,Yellow,Spring,3.4,No,Store Pickup,No,No,1,Cash,Weekly
327,41,Male,Boots,Footwear,22,Ohio,XL,Beige,Spring,3.3,No,Store Pickup,No,No,21,Bank Transfer,Monthly
328,30,Female,Jacket,Outerwear,99,North Dakota,L,Magenta,Summer,4.5,Yes,Free Shipping,Yes,Yes,42,Venmo,Fortnightly
329,20,Male,Socks,Clothing,21,New York,M,Gold,Spring,4.6,Yes,Store Pickup,No,No,17,Credit Card,Bi-Weekly
330,43,Male,Shirt,Clothing,47,Iowa,M,Peach,Summer,4.9,Yes,Standard,No,No,28,Credit Card,Every 3 Months
331,24,Male,Scarf,Accessories,24,Texas,S,Red,Winter,2.7,Yes,Standard,No,No,2,Bank Transfer,Monthly
332,70,Male,Sneakers,Footwear,92,South Dakota,L,Olive,Winter,3.6,No,Store Pickup,Yes,Yes,28,Debit Card,Quarterly
333,62,Female,Shorts,Clothing,55,Missouri,M,Olive,Summer,4.4,No,Standard,Yes,Yes,6,Credit Card,Monthly
334,70,Male,Sneakers,Footwear,29,New Jersey,S,Blue,Spring,3.1,Yes,Express,Yes,Yes,7,Cash,Every 3 Months
335,24,Female,Shorts,Clothing,60,Rhode Island,XL,Violet,Fall,4.1,No,Store Pickup,Yes,Yes,20,Cash,Every 3 Months
336,26,Male,Jewelry,Accessories,44,Idaho,M,Turquoise,Fall,3.8,Yes,Express,Yes,Yes,18,Bank Transfer,Quarterly
337,24,Female,Belt,Accessories,47,Indiana,L,Yellow,Spring,3.6,No,Free Shipping,Yes,Yes,31,Debit Card,Every 3 Months
338,43,Male,Sneakers,Footwear,26,Montana,M,Yellow,Spring,4.2,No,2-Day Shipping,No,No,42,Cash,Every 3 Months
339,27,Male,Sandals,Footwear,58,Massachusetts,L,Olive,Fall,3.2,No,Standard,Yes,Yes,41,Cash,Monthly
340,53,Male,Hoodie,Clothing,48,Utah,M,Blue,Summer,4.2,Yes,Standard,No,No,18,Bank Transfer,Annually
341,59,Male,Backpack,Accessories,80,California,XL,Indigo,Fall,4.4,Yes,Express,No,No,9,Cash,Every 3 Months
342,59,Male,Dress,Clothing,52,Oklahoma,M,Gray,Summer,3.2,No,Express,Yes,Yes,27,Cash,Weekly
343,54,Female,Sweater,Clothing,63,Colorado,L,White,Winter,4.4,No,Next Day Air,Yes,Yes,40,Cash,Every 3 Months
344,38,Male,T-shirt,Clothing,56,Illinois,M,Teal,Winter,4.7,No,Next Day Air,Yes,Yes,28,Bank Transfer,Monthly
345,25,Male,Pants,Clothing,70,South Dakota,M,Silver,Fall,4.5,No,Standard,No,No,45,PayPal,Bi-Weekly
346,26,Female,Sweater,Clothing,94,North Dakota,XL,Turquoise,Winter,4.6,Yes,Free Shipping,Yes,Yes,43,Credit Card,Every 3 Months
347,55,Female,T-shirt,Clothing,27,West Virginia,M,White,Spring,2.8,No,Standard,No,No,21,Venmo,Quarterly
348,56,Female,Jewelry,Accessories,38,New Jersey,XL,Cyan,Summer,2.9,Yes,Standard,No,No,31,Credit Card,Bi-Weekly
349,41,Male,Shoes,Footwear,49,Wisconsin,S,Turquoise,Fall,3.4,No,Next Day Air,Yes,Yes,43,Debit Card,Monthly
350,60,Male,Blouse,Clothing,27,Alaska,L,Turquoise,Winter,3.0,Yes,Express,No,No,32,Bank Transfer,Annually
351,35,Male,Jacket,Outerwear,33,Louisiana,L,Green,Summer,,Yes,Next Day Air,No,No,14,Cash,Every 3 Months
352,47,Male,Gloves,Accessories,78,New Jersey,M,White,Winter,4.6,No,Standard,No,No,22,Bank Transfer,Fortnightly
353,47,Male,Hoodie,Clothing,38,Hawaii,S,Lavender,Fall,3.6,No,Next Day Air,No,No,13,Cash,Weekly
354,65,Male,Coat,Outerwear,25,Arkansas,L,Violet,Summer,3.2,No,2-Day Shipping,Yes,Yes,9,Debit Card,Quarterly
355,39,Male,Sunglasses,Accessories,45,Arizona,L,Magenta,Spring,4.9,No,Next Day Air,No,No,44,Debit Card,Every 3 Months
356,61,Male,Dress,Clothing,38,Missouri,S,Turquoise,Summer,3.7,No,Standard,No,No,49,Credit Card,Annually
357,34,Female,Blouse,Clothing,42,Maryland,L,Lavender,Fall,4.0,Yes,Express,Yes,Yes,48,Cash,Quarterly
358,21,Male,Shoes,Footwear,55,Georgia,M,White,Winter,3.4,Yes,Standard,No,No,28,Cash,Weekly
359,46,Male,T-shirt,Clothing,23,Wisconsin,S,Gray,Spring,3.2,No,2-Day Shipping,No,No,22,Bank Transfer,Annually
360,38,Male,Jeans,Clothing,51,Wyoming,L,Olive,Summer,4.2,No,Express,Yes,Yes,44,PayPal,Monthly
361,25,Male,Sweater,Clothing,61,Kentucky,L,Maroon,Fall,3.9,No,Standard,Yes,Yes,22,Venmo,Every 3 Months
362,34,Male,Socks,Clothing,84,Wyoming,M,White,Spring,2.5,No,Free Shipping,Yes,Yes,4,PayPal,Annually
363,60,Male,Boots,Footwear,54,Oregon,M,Pink,Summer,3.4,No,Standard,No,No,22,Credit Card,Monthly
364,25,Male,Gloves,Accessories,95,Oregon,M,Purple,Fall,3.8,No,2-Day Shipping,Yes,Yes,8,PayPal,Fortnightly
365,36,Male,Jewelry,Accessories,33,Washington,S,Blue,Spring,4.4,Yes,2-Day Shipping,No,No,19,Credit Card,Fortnightly
366,22,Male,Sandals,Footwear,95,Illinois,XL,Olive,Summer,3.7,No,Next Day Air,Yes,Yes,41,Cash,Weekly
367,55,Male,Belt,Accessories,79,Nebraska,XL,Yellow,Spring,3.2,No,Free Shipping,Yes,Yes,13,PayPal,Every 3 Months
368,42,Female,Sweater,Clothing,51,West Virginia,L,Magenta,Spring,3.6,No,Store Pickup,Yes,Yes,24,PayPal,Annually
369,23,Female,Jewelry,Accessories,34,Hawaii,S,Charcoal,Spring,4.8,Yes,2-Day Shipping,Yes,Yes,37,PayPal,Fortnightly
370,62,Male,Backpack,Accessories,87,Illinois,M,Turquoise,Fall,4.6,No,Next Day Air,Yes,Yes,1,PayPal,Every 3 Months
371,41,Male,Sweater,Clothing,24,Colorado,M,Blue,Summer,3.4,Yes,Free Shipping,Yes,Yes,14,Bank Transfer,Quarterly
372,59,Male,Dress,Clothing,61,Oklahoma,XL,Turquoise,Spring,2.7,No,Next Day Air,Yes,Yes,35,Venmo,Weekly
373,56,Female,Sweater,Clothing,71,Vermont,M,Beige,Summer,3.5,No,2-Day Shipping,No,No,33,Cash,Weekly
374,46,Female,Hat,Accessories,84,South Carolina,M,White,Fall,3.0,Yes,Free Shipping,No,No,29,Debit Card,Every 3 Months
375,41,Male,Sweater,Clothing,30,Texas,M,Silver,Fall,2.7,No,Standard,Yes,Yes,2,PayPal,Fortnightly
376,21,Female,Jacket,Outerwear,96,Maine,S,Pink,Summer,2.9,No,Express,No,No,11,Bank Transfer,Bi-Weekly
377,51,Male,T-shirt,Clothing,44,Virginia,XL,Blue,Summer,4.1,No,Express,No,No,38,Debit Card,Weekly
378,50,Male,Socks,Clothing,92,Utah,M,Silver,Spring,4.5,Yes,2-Day Shipping,No,No,46,Debit Card,Annually
379,45,Male,Shorts,Clothing,94,Connecticut,L,Orange,Winter,3.6,Yes,Free Shipping,Yes,Yes,48,Bank Transfer,Every 3 Months
380,29,Female,Hoodie,Clothing,21,Alaska,S,Gray,Fall,,No,Next Day Air,Yes,Yes,7,Venmo,Fortnightly
381,59,Male,Socks,Clothing,77,New Hampshire,S,Beige,Spring,3.3,Yes,Next Day Air,No,No,33,Debit Card,Weekly
382,31,Male,Jewelry,Accessories,76,Hawaii,XL,Cyan,Summer,4.3,No,Next Day Air,No,No,8,Venmo,Every 3 Months
383,65,Male,Sneakers,Footwear,36,Colorado,L,Beige,Fall,2.9,Yes,Free Shipping,No,No,5,Venmo,Fortnightly
384,29,Male,Hoodie,Clothing,57,California,S,Purple,Winter,4.6,No,Next Day Air,Yes,Yes,34,Bank Transfer,Fortnightly
385,31,Male,Sneakers,Footwear,28,Iowa,M,Magenta,Winter,4.9,No,2-Day Shipping,No,No,32,Bank Transfer,Weekly
386,54,Male,Shorts,Clothing,67,Wisconsin,L,Violet,Spring,4.7,No,Standard,Yes,Yes,40,Credit Card,Monthly
387,19,Female,Blouse,Clothing,64,Vermont,L,Olive,Fall,4.2,Yes,2-Day Shipping,Yes,Yes,42,Venmo,Every 3 Months
388,44,Female,Socks,Clothing,63,North Carolina,M,Magenta,Fall,2.6,No,Next Day Air,Yes,Yes,24,Venmo,Quarterly
389,35,Female,Shoes,Footwear,60,Tennessee,M,Cyan,Summer,2.6,No,Express,No,No,3,PayPal,Weekly
390,33,Female,Dress,Clothing,82,Colorado,L,Cyan,Summer,4.8,No,Express,No,No,16,Cash,Fortnightly
391,37,Female,Jewelry,Accessories,50,Maryland,M,Violet,Winter,3.3,No,Express,No,No,17,Bank Transfer,Annually
392,40,Female,Blouse,Clothing,86,Florida,S,Charcoal,Fall,4.2,No,2-Day Shipping,No,No,47,Debit Card,Bi-Weekly
393,68,Female,Belt,Accessories,75,Kentucky,L,Silver,Fall,3.4,No,Next Day Air,Yes,Yes,22,Cash,Weekly
394,24,Female,Socks,Clothing,75,Oregon,M,Peach,Fall,2.6,Yes,Standard,Yes,Yes,13,PayPal,Every 3 Months
395,68,Male,Belt,Accessories,80,Kansas,M,Gray,Fall,3.4,No,Standard,Yes,Yes,8,Bank Transfer,Every 3 Months
396,35,Male,Jewelry,Accessories,43,Utah,S,Indigo,Fall,4.3,No,Standard,No,No,39,Venmo,Bi-Weekly
397,49,Female,Jeans,Clothing,34,Illinois,M,Charcoal,Fall,4.0,No,Free Shipping,No,No,17,Credit Card,Bi-Weekly
398,44,Male,Belt,Accessories,20,Utah,S,Yellow,Fall,2.9,No,2-Day Shipping,No,No,43,Venmo,Monthly
399,45,Female,Sneakers,Footwear,80,Vermont,M,Orange,Winter,3.4,No,Next Day Air,No,No,46,Bank Transfer,Quarterly
400,18,Male,Skirt,Clothing,28,Virginia,XL,Charcoal,Summer,4.6,No,Standard,No,No,34,Bank Transfer,Every 3 Months
401,64,Male,Sunglasses,Accessories,91,Vermont,M,Red,Summer,3.7,No,Store Pickup,No,No,35,Cash,Monthly
402,19,Female,Hoodie,Clothing,32,Vermont,XL,Gray,Spring,3.5,No,Standard,No,No,23,Cash,Bi-Weekly
403,66,Male,Hoodie,Clothing,20,Texas,M,Black,Winter,3.6,No,2-Day Shipping,Yes,Yes,33,Cash,Fortnightly
404,58,Male,Backpack,Accessories,51,North Carolina,M,Purple,Spring,3.9,No,2-Day Shipping,No,No,35,Cash,Every 3 Months
405,66,Male,Scarf,Accessories,20,New York,M,Peach,Summer,2.6,No,Store Pickup,No,No,4,Bank Transfer,Monthly
406,51,Female,Gloves,Accessories,37,Louisiana,S,Red,Winter,2.6,Yes,2-Day Shipping,No,No,3,Cash,Quarterly
407,50,Male,Boots,Footwear,27,Louisiana,M,Beige,Spring,3.8,No,Free Shipping,Yes,Yes,22,Venmo,Every 3 Months
408,35,Female,Belt,Accessories,24,Pennsylvania,S,Red,Summer,4.3,No,Express,Yes,Yes,46,Credit Card,Monthly
409,64,Male,Shorts,Clothing,31,Illinois,L,Green,Winter,4.7,No,Standard,No,No,20,Bank Transfer,Weekly
410,47,Female,Backpack,Accessories,48,North Carolina,S,Teal,Spring,4.9,No,2-Day Shipping,No,No,36,Debit Card,Monthly
411,52,Female,Handbag,Accessories,35,New Jersey,L,Cyan,Summer,2.9,No,Free Shipping,No,No,39,PayPal,Annually
412,60,Male,Sneakers,Footwear,100,Connecticut,XL,Teal,Spring,2.7,Yes,Store Pickup,Yes,Yes,1,Credit Card,Bi-Weekly
413,69,Female,Gloves,Accessories,32,Illinois,L,Gold,Summer,3.4,No,Express,Yes,Yes,48,Credit Card,Every 3 Months
414,44,Male,Scarf,Accessories,98,Colorado,M,Turquoise,Summer,2.8,No,Standard,No,No,45,Venmo,Fortnightly
415,69,Male,Jeans,Clothing,50,California,XL,Turquoise,Fall,2.6,No,Next Day Air,No,No,5,Venmo,Monthly
416,35,Female,Sneakers,Footwear,90,Wyoming,XL,Cyan,Winter,4.4,No,Express,No,No,31,Cash,Annually
417,48,Female,Blouse,Clothing,83,Utah,S,Blue,Fall,3.4,Yes,2-Day Shipping,No,No,9,Debit Card,Monthly
418,31,Male,Shirt,Clothing,57,Massachusetts,L,Red,Fall,4.1,No,2-Day Shipping,No,No,32,Venmo,Weekly
419,28,Male,Boots,Footwear,73,Ohio,M,White,Summer,2.7,Yes,Free Shipping,Yes,Yes,21,Credit Card,Bi-Weekly
420,47,Male,Dress,Clothing,52,Wyoming,M,Olive,Summer,4.2,No,Standard,Yes,Yes,20,Bank Transfer,Fortnightly
421,70,Male,Boots,Footwear,63,Alaska,S,Turquoise,Fall,4.5,Yes,Standard,No,No,6,Debit Card,Quarterly
422,46,Female,Shorts,Clothing,38,Oregon,L,Blue,Summer,4.9,No,Next Day Air,Yes,Yes,38,Venmo,Fortnightly
423,27,Male,Sweater,Clothing,56,Georgia,M,Indigo,Fall,2.5,No,Express,Yes,Yes,13,Bank Transfer,Every 3 Months
424,68,Female,Jewelry,Accessories,55,Alaska,L,Black,Summer,3.6,Yes,2-Day Shipping,Yes,Yes,48,Cash,Annually
425,59,Male,Sandals,Footwear,97,Montana,S,Turquoise,Fall,4.7,Yes,2-Day Shipping,No,No,3,Venmo,Annually
426,47,Female,Shirt,Clothing,44,Montana,M,Peach,Summer,4.4,No,Standard,No,No,35,Cash,Annually
427,36,Male,Sneakers,Footwear,98,Missouri,M,Red,Fall,4.6,Yes,Store Pickup,No,No,16,Debit Card,Monthly
428,57,Male,Shirt,Clothing,82,Delaware,M,Silver,Winter,3.1,No,2-Day Shipping,No,No,33,Debit Card,Annually
429,65,Female,Sandals,Footwear,100,Montana,XL,Beige,Spring,3.2,No,Next Day Air,No,No,35,PayPal,Weekly
430,22,Male,Jeans,Clothing,50,Virginia,M,White,Spring,4.9,No,Express,Yes,Yes,21,PayPal,Monthly
431,19,Female,Blouse,Clothing,60,Maine,XL,White,Fall,4.9,No,Express,No,No,16,PayPal,Annually
432,68,Male,Skirt,Clothing,42,Illinois,M,Red,Spring,2.8,No,Standard,No,No,8,Venmo,Monthly
433,34,Male,Scarf,Accessories,34,Maine,L,White,Spring,4.6,No,Next Day Air,No,No,43,Venmo,Annually
434,39,Male,Handbag,Accessories,51,Florida,L,Purple,Fall,4.0,No,Standard,Yes,Yes,3,Credit Card,Bi-Weekly
435,50,Female,Gloves,Accessories,58,California,L,Lavender,Summer,2.8,Yes,Store Pickup,No,No,50,Bank Transfer,Bi-Weekly
436,20,Male,Jeans,Clothing,27,Florida,M,Charcoal,Fall,3.3,No,2-Day Shipping,No,No,10,Bank Transfer,Fortnightly
437,24,Male,Gloves,Accessories,86,Florida,L,Charcoal,Spring,2.6,Yes,Standard,Yes,Yes,3,Bank Transfer,Annually
438,29,Male,Coat,Outerwear,84,Maryland,L,Beige,Fall,3.3,Yes,2-Day Shipping,No,No,13,PayPal,Quarterly
439,29,Male,Hoodie,Clothing,84,Maine,S,Orange,Fall,3.3,No,Next Day Air,No,No,13,Venmo,Monthly
440,60,Male,Pants,Clothing,50,Texas,S,Orange,Spring,3.2,No,Free Shipping,No,No,50,PayPal,Every 3 Months
441,29,Male,Shoes,Footwear,87,Missouri,S,Indigo,Fall,3.6,No,Free Shipping,No,No,1,PayPal,Bi-Weekly
442,35,Male,Sneakers,Footwear,68,Michigan,M,Purple,Fall,4.5,Yes,Store Pickup,No,No,7,Debit Card,Annually
443,35,Male,Sneakers,Footwear,23,Kansas,S,Black,Winter,2.7,No,Express,Yes,Yes,14,Venmo,Monthly
444,70,Female,Sweater,Clothing,83,Kansas,L,Maroon,Winter,3.0,No,2-Day Shipping,No,No,43,PayPal,Monthly
445,69,Male,Backpack,Accessories,63,Delaware,S,Magenta,Summer,4.0,No,Store Pickup,No,No,37,Debit Card,Every 3 Months
446,68,Male,T-shirt,Clothing,73,Oklahoma,XL,Olive,Summer,3.1,No,Store Pickup,Yes,Yes,45,PayPal,Every 3 Months
447,63,Female,Jeans,Clothing,43,South Dakota,M,Orange,Winter,2.8,Yes,2-Day Shipping,No,No,43,Cash,Annually
448,45,Female,Scarf,Accessories,38,New Mexico,M,Charcoal,Fall,4.3,Yes,Free Shipping,No,No,31,Debit Card,Quarterly
449,52,Male,Skirt,Clothing,26,New York,L,Indigo,Spring,3.4,Yes,Next Day Air,No,No,32,Bank Transfer,Monthly
450,60,Female,Hoodie,Clothing,51,Massachusetts,L,Indigo,Fall,2.6,No,Express,Yes,Yes,1,Debit Card,Fortnightly
451,51,Male,Dress,Clothing,75,Wyoming,XL,Gold,Fall,4.7,No,Standard,Yes,Yes,8,Credit Card,Annually
452,19,Male,Shirt,Clothing,45,Virginia,M,Peach,Winter,4.0,No,2-Day Shipping,Yes,Yes,19,Credit Card,Bi-Weekly
453,49,Female,Pants,Clothing,99,Idaho,L,Maroon,Spring,2.9,No,Next Day Air,No,No,11,Debit Card,Monthly
454,37,Male,Sneakers,Footwear,93,Virginia,L,Silver,Winter,3.9,No,Standard,No,No,37,Debit Card,Monthly
455,48,Male,Skirt,Clothing,61,West Virginia,M,Charcoal,Fall,4.1,No,Express,Yes,Yes,23,PayPal,Annually
456,57,Male,Jacket,Outerwear,20,Oklahoma,L,Olive,Spring,3.5,No,Next Day Air,No,No,17,PayPal,Bi-Weekly
457,40,Male,Shoes,Footwear,36,Illinois,S,Yellow,Spring,3.5,No,Free Shipping,No,No,48,Venmo,Quarterly
458,22,Male,Coat,Outerwear,99,Nebraska,M,Green,Fall,2.9,No,Standard,No,No,36,Debit Card,Bi-Weekly
459,25,Female,Sandals,Footwear,49,Montana,M,Blue,Spring,2.5,Yes,Free Shipping,Yes,Yes,16,Cash,Fortnightly
460,24,Male,Socks,Clothing,98,South Dakota,L,Purple,Spring,2.7,No,Free Shipping,No,No,22,Bank Transfer,Quarterly
461,25,Male,Shirt,Clothing,21,California,XL,Pink,Fall,3.3,No,Express,No,No,8,Venmo,Monthly
462,28,Female,Sweater,Clothing,42,Texas,S,Cyan,Spring,3.4,No,Store Pickup,No,No,30,Debit Card,Fortnightly
463,66,Male,Sweater,Clothing,36,New Jersey,L,Green,Spring,2.8,No,Free Shipping,No,No,44,Credit Card,Fortnightly
464,61,Male,Socks,Clothing,66,Maryland,M,Violet,Spring,3.7,No,Next Day Air,Yes,Yes,20,PayPal,Fortnightly
465,43,Female,Boots,Footwear,52,Rhode Island,XL,Teal,Winter,4.4,Yes,Free Shipping,No,No,34,PayPal,Annually
466,27,Male,Shoes,Footwear,68,Illinois,L,Turquoise,Fall,4.2,Yes,Standard,No,No,13,PayPal,Weekly
467,65,Female,Shoes,Footwear,37,Tennessee,M,Purple,Winter,3.2,No,Express,No,No,8,Credit Card,Bi-Weekly
468,41,Female,Hoodie,Clothing,33,Maine,L,Olive,Winter,3.6,Yes,Store Pickup,Yes,Yes,4,Bank Transfer,Quarterly
469,48,Male,Boots,Footwear,84,Minnesota,M,Red,Winter,2.6,No,Free Shipping,No,No,33,Cash,Fortnightly
470,47,Female,Sandals,Footwear,30,Colorado,S,Indigo,Winter,4.0,Yes,Standard,No,No,47,Debit Card,Bi-Weekly
471,47,Male,T-shirt,Clothing,44,Kansas,L,Green,Summer,4.2,No,Store Pickup,No,No,12,Credit Card,Monthly
472,47,Male,T-shirt,Clothing,63,New York,S,Gray,Spring,3.1,No,Store Pickup,Yes,Yes,33,Bank Transfer,Annually
473,43,Female,Jeans,Clothing,46,Virginia,S,Red,Fall,5.0,No,Express,No,No,32,Credit Card,Monthly
474,51,Male,Dress,Clothing,73,Utah,S,Indigo,Spring,3.8,No,Express,Yes,Yes,41,Credit Card,Quarterly
475,19,Male,Sandals,Footwear,24,Minnesota,S,Red,Fall,2.6,No,Store Pickup,No,No,8,Debit Card,Fortnightly
476,43,Male,Shorts,Clothing,42,Nevada,S,Cyan,Summer,4.7,No,2-Day Shipping,Yes,Yes,38,Bank Transfer,Bi-Weekly
477,69,Male,Skirt,Clothing,31,Michigan,M,Gray,Winter,4.8,Yes,Store Pickup,Yes,Yes,23,Bank Transfer,Monthly
478,70,Male,Jeans,Clothing,43,New York,M,Pink,Summer,3.8,No,Standard,Yes,Yes,7,Venmo,Annually
479,38,Male,Shoes,Footwear,52,Hawaii,M,Orange,Winter,2.8,Yes,Free Shipping,Yes,Yes,50,PayPal,Every 3 Months
480,47,Male,Sweater,Clothing,53,Michigan,L,Teal,Spring,3.1,No,Next Day Air,No,No,6,Cash,Fortnightly
481,33,Male,Scarf,Accessories,42,Iowa,M,White,Spring,2.9,No,Next Day Air,Yes,Yes,44,Venmo,Annually
482,24,Male,T-shirt,Clothing,28,Maryland,XL,Violet,Winter,4.6,Yes,Express,No,No,13,Credit Card,Fortnightly
483,29,Male,Backpack,Accessories,37,Wisconsin,M,Orange,Summer,3.8,No,Express,Yes,Yes,48,Debit Card,Annually
484,61,Female,Boots,Footwear,59,Kansas,L,Peach,Spring,3.4,No,Express,No,No,2,Debit Card,Quarterly
485,23,Male,Sandals,Footwear,89,Alabama,M,Magenta,Summer,5.0,Yes,2-Day Shipping,No,No,41,PayPal,Quarterly
486,30,Male,Sneakers,Footwear,82,Connecticut,L,Peach,Winter,3.0,Yes,Next Day Air,No,No,31,Bank Transfer,Every 3 Months
487,50,Male,T-shirt,Clothing,89,Oregon,S,Orange,Spring,4.3,No,2-Day Shipping,Yes,Yes,40,Debit Card,Annually
488,27,Male,Pants,Clothing,44,New Jersey,XL,Green,Fall,4.0,No,Express,Yes,Yes,13,Cash,Bi-Weekly
489,28,Female,Hoodie,Clothing,58,Missouri,M,Lavender,Summer,3.3,Yes,Free Shipping,No,No,13,PayPal,Annually
490,28,Female,Pants,Clothing,35,Montana,S,Purple,Summer,2.9,No,Store Pickup,No,No,40,Cash,Quarterly
491,29,Male,Shirt,Clothing,70,Washington,XL,Silver,Winter,4.1,Yes,Express,Yes,Yes,5,PayPal,Annually
492,45,Male,Sneakers,Footwear,20,Massachusetts,M,Gold,Summer,3.0,No,Standard,Yes,Yes,14,Venmo,Every 3 Months
493,40,Female,Blouse,Clothing,37,Utah,S,Orange,Summer,4.4,No,2-Day Shipping,No,No,35,Debit Card,Quarterly
494,46,Male,Dress,Clothing,92,Kentucky,M,Purple,Summer,4.8,Yes,Express,No,No,2,Cash,Bi-Weekly
495,34,Female,Shoes,Footwear,65,Ohio,L,Green,Fall,3.1,No,Next Day Air,No,No,17,Credit Card,Fortnightly
496,70,Male,Shoes,Footwear,72,South Dakota,XL,Violet,Fall,2.7,Yes,Standard,No,No,46,Debit Card,Every 3 Months
497,57,Female,Coat,Outerwear,91,Kansas,M,Magenta,Fall,,No,Next Day Air,Yes,Yes,45,Bank Transfer,Weekly
498,48,Male,Shirt,Clothing,25,Mississippi,S,Red,Spring,2.7,Yes,2-Day Shipping,No,No,15,Bank Transfer,Annually
499,59,Male,Blouse,Clothing,94,Oklahoma,M,Yellow,Fall,4.0,Yes,Express,No,No,6,PayPal,Fortnightly
500,59,Male,Shoes,Footwear,87,Wisconsin,L,Blue,Spring,2.6,No,Standard,No,No,28,Debit Card,Annually
501,18,Male,Blouse,Clothing,58,Alaska,M,Olive,Summer,4.9,No,2-Day Shipping,Yes,Yes,14,Debit Card,Bi-Weekly
502,51,Female,Sneakers,Footwear,99,Georgia,L,Peach,Winter,3.9,No,Next Day Air,Yes,Yes,39,Bank Transfer,Bi-Weekly
503,46,Female,Blouse,Clothing,91,Michigan,S,Turquoise,Summer,3.4,No,2-Day Shipping,No,No,16,PayPal,Monthly
504,58,Male,Dress,Clothing,91,Arizona,M,Indigo,Spring,3.7,No,Express,Yes,Yes,16,Credit Card,Quarterly
505,70,Female,Handbag,Accessories,70,Maine,M,Red,Winter,3.0,No,2-Day Shipping,Yes,Yes,34,Credit Card,Monthly
506,54,Male,Sunglasses,Accessories,37,Alaska,M,Brown,Fall,3.5,No,Standard,No,No,35,Bank Transfer,Quarterly
507,70,Male,Handbag,Accessories,94,Virginia,M,Orange,Summer,3.3,Yes,Free Shipping,Yes,Yes,44,Venmo,Monthly
508,46,Male,Gloves,Accessories,84,Mississippi,M,Teal,Spring,2.8,No,2-Day Shipping,Yes,Yes,19,Venmo,Annually
509,58,Male,Belt,Accessories,62,Indiana,M,Blue,Winter,4.6,Yes,Next Day Air,No,No,41,Venmo,Bi-Weekly
510,18,Male,Blouse,Clothing,97,Missouri,S,Violet,Winter,3.9,No,Standard,No,No,41,Cash,Weekly
511,29,Female,Hoodie,Clothing,49,Hawaii,L,Brown,Spring,3.7,No,Standard,No,No,48,Credit Card,Weekly
512,52,Female,Pants,Clothing,58,Maryland,M,Teal,Fall,4.5,No,Store Pickup,No,No,31,Credit Card,Every 3 Months
513,63,Male,Scarf,Accessories,86,Louisiana,L,Purple,Fall,2.8,No,2-Day Shipping,No,No,1,Credit Card,Weekly
514,24,Female,Pants,Clothing,30,Maryland,L,Gold,Fall,3.5,No,Standard,No,No,10,Venmo,Annually
515,54,Female,Shirt,Clothing,73,Mississippi,M,Silver,Spring,2.6,No,2-Day Shipping,No,No,40,PayPal,Quarterly
516,33,Male,Jewelry,Accessories,98,Nebraska,M,Gold,Summer,2.8,No,Store Pickup,Yes,Yes,43,PayPal,Bi-Weekly
517,58,Male,Hoodie,Clothing,79,Indiana,M,Violet,Spring,3.5,Yes,2-Day Shipping,No,No,14,Cash,Bi-Weekly
518,31,Female,Socks,Clothing,44,Colorado,L,Lavender,Summer,3.7,No,Standard,No,No,42,PayPal,Annually
519,65,Male,Coat,Outerwear,81,North Carolina,M,Brown,Spring,4.9,No,Express,No,No,27,Cash,Fortnightly
520,18,Male,Coat,Outerwear,84,New Hampshire,L,Purple,Summer,4.2,No,Next Day Air,No,No,14,Credit Card,Weekly
521,22,Male,Dress,Clothing,31,North Dakota,M,Pink,Summer,2.6,No,2-Day Shipping,No,No,21,Debit Card,Weekly
522,65,Male,Jewelry,Accessories,89,New Hampshire,L,Teal,Fall,3.5,No,2-Day Shipping,Yes,Yes,33,Venmo,Bi-Weekly
523,34,Male,Hoodie,Clothing,69,North Dakota,S,Cyan,Summer,4.5,No,Next Day Air,Yes,Yes,48,Credit Card,Weekly
524,55,Male,Shirt,Clothing,24,Missouri,M,Cyan,Fall,3.9,No,Express,No,No,41,Debit Card,Fortnightly
525,44,Male,Pants,Clothing,60,South Carolina,M,Silver,Spring,3.2,No,Standard,Yes,Yes,36,Cash,Every 3 Months
526,36,Male,Pants,Clothing,42,West Virginia,L,Teal,Winter,3.2,Yes,Standard,No,No,49,Cash,Quarterly
527,46,Male,Pants,Clothing,26,Maine,M,Indigo,Winter,4.8,Yes,Next Day Air,No,No,3,Debit Card,Quarterly
528,64,Female,Skirt,Clothing,40,South Carolina,L,Maroon,Summer,4.8,Yes,Free Shipping,Yes,Yes,38,PayPal,Monthly
529,35,Male,Handbag,Accessories,53,New York,M,Cyan,Winter,3.0,No,Standard,No,No,39,PayPal,Annually
530,34,Male,Pants,Clothing,81,Wisconsin,XL,Silver,Summer,3.8,Yes,Next Day Air,No,No,11,Cash,Quarterly
531,40,Male,Sneakers,Footwear,86,Vermont,XL,Green,Fall,4.7,Yes,Free Shipping,No,No,39,Credit Card,Monthly
532,66,Male,Boots,Footwear,60,Michigan,M,Olive,Fall,4.4,No,Free Shipping,Yes,Yes,8,Debit Card,Bi-Weekly
533,67,Male,Dress,Clothing,85,Maryland,L,Silver,Summer,4.4,Yes,Express,Yes,Yes,10,Cash,Monthly
534,63,Female,Handbag,Accessories,81,Florida,M,Yellow,Summer,2.7,No,Store Pickup,No,No,41,Cash,Every 3 Months
535,48,Female,Coat,Outerwear,37,Wisconsin,M,Green,Fall,4.6,No,Free Shipping,No,No,19,PayPal,Monthly
536,21,Male,Skirt,Clothing,47,Nevada,M,Charcoal,Spring,3.7,No,Next Day Air,Yes,Yes,45,Bank Transfer,Fortnightly
537,65,Male,Sunglasses,Accessories,56,Montana,L,Gray,Summer,3.2,No,Express,No,No,7,Debit Card,Weekly
538,61,Male,Scarf,Accessories,66,Rhode Island,S,Green,Fall,3.6,No,Store Pickup,No,No,45,Venmo,Annually
539,40,Female,Hoodie,Clothing,88,New Hampshire,M,Turquoise,Spring,3.3,No,Free Shipping,Yes,Yes,50,PayPal,Quarterly
540,35,Male,Pants,Clothing,31,Delaware,S,Yellow,Winter,2.7,No,Standard,Yes,Yes,24,Venmo,Every 3 Months
541,18,Female,Shirt,Clothing,49,Texas,S,Silver,Fall,2.8,Yes,Express,No,No,14,Venmo,Weekly
542,53,Male,Hat,Accessories,20,Nevada,L,Lavender,Spring,3.1,Yes,Free Shipping,Yes,Yes,39,Bank Transfer,Bi-Weekly
543,24,Male,Socks,Clothing,93,Washington,S,Peach,Winter,4.4,Yes,2-Day Shipping,No,No,3,PayPal,Bi-Weekly
544,47,Female,Shirt,Clothing,25,Wyoming,L,Beige,Fall,4.9,No,2-Day Shipping,No,No,35,PayPal,Quarterly
545,52,Female,Jacket,Outerwear,52,New Jersey,S,White,Spring,3.0,No,Standard,Yes,Yes,8,PayPal,Quarterly
546,64,Male,Blouse,Clothing,60,South Carolina,XL,Brown,Fall,4.8,Yes,Standard,No,No,23,Cash,Fortnightly
547,33,Male,Blouse,Clothing,33,Massachusetts,S,Purple,Fall,3.3,No,2-Day Shipping,Yes,Yes,28,PayPal,Quarterly
548,43,Male,Coat,Outerwear,32,Indiana,L,Indigo,Spring,4.8,No,2-Day Shipping,No,No,21,Venmo,Weekly
549,47,Male,Hat,Accessories,44,Florida,M,Indigo,Winter,3.8,Yes,2-Day Shipping,No,No,12,Cash,Fortnightly
550,43,Male,Scarf,Accessories,23,Ohio,L,Brown,Spring,2.6,No,Express,Yes,Yes,48,Venmo,Fortnightly
551,35,Male,Blouse,Clothing,48,Ohio,S,Olive,Fall,3.7,No,Next Day Air,No,No,18,PayPal,Bi-Weekly
552,39,Male,Jewelry,Accessories,67,South Dakota,L,Peach,Fall,3.0,No,Standard,No,No,23,Credit Card,Annually
553,64,Male,Skirt,Clothing,56,Connecticut,M,Orange,Summer,3.6,Yes,Free Shipping,Yes,Yes,30,Venmo,Monthly
554,63,Male,Scarf,Accessories,41,Connecticut,S,Magenta,Spring,4.5,No,Express,No,No,35,Cash,Monthly
555,31,Male,Blouse,Clothing,39,West Virginia,M,Brown,Spring,4.5,No,Express,No,No,47,PayPal,Annually
556,37,Male,Pants,Clothing,55,Iowa,M,Orange,Fall,3.9,No,Express,No,No,41,Debit Card,Fortnightly
557,19,Female,Sandals,Footwear,84,Arkansas,XL,Peach,Summer,3.8,No,Standard,No,No,19,Bank Transfer,Quarterly
558,54,Male,Jewelry,Accessories,61,Alaska,XL,Gray,Fall,2.5,No,Express,No,No,28,Debit Card,Weekly
559,54,Male,Coat,Outerwear,25,Illinois,M,Indigo,Summer,2.8,No,Express,Yes,Yes,21,Bank Transfer,Bi-Weekly
560,60,Male,T-shirt,Clothing,74,Georgia,L,Olive,Spring,4.1,No,Store Pickup,No,No,21,Bank Transfer,Monthly
561,42,Male,Blouse,Clothing,70,Arizona,M,Orange,Summer,3.8,No,Free Shipping,Yes,Yes,22,Credit Card,Fortnightly
562,37,Male,Shirt,Clothing,34,Tennessee,XL,Red,Winter,4.7,No,2-Day Shipping,No,No,24,Cash,Quarterly
563,50,Male,Dress,Clothing,31,Maine,M,Beige,Summer,4.3,No,Next Day Air,No,No,28,Credit Card,Weekly
564,31,Male,Shorts,Clothing,89,Mississippi,L,Cyan,Spring,3.3,No,Next Day Air,No,No,16,Debit Card,Quarterly
565,68,Male,Jeans,Clothing,61,Massachusetts,M,White,Spring,4.6,No,Free Shipping,No,No,23,Bank Transfer,Bi-Weekly
566,62,Female,Shorts,Clothing,84,Maryland,M,Lavender,Summer,4.2,Yes,Next Day Air,No,No,13,Bank Transfer,Every 3 Months
567,44,Male,Shorts,Clothing,63,Vermont,L,Brown,Summer,2.7,No,Next Day Air,No,No,2,PayPal,Monthly
568,25,Male,Boots,Footwear,54,Wisconsin,L,Brown,Winter,3.5,No,Store Pickup,No,No,44,Debit Card,Annually
569,46,Male,Hat,Accessories,99,Ohio,XL,Silver,Summer,2.6,No,Express,No,No,43,Credit Card,Monthly
570,50,Male,Shoes,Footwear,87,Tennessee,L,Beige,Summer,2.6,Yes,2-Day Shipping,Yes,Yes,11,Cash,Quarterly
571,65,Female,T-shirt,Clothing,86,South Dakota,L,Beige,Winter,2.7,Yes,2-Day Shipping,No,No,38,Credit Card,Every 3 Months
572,58,Male,Socks,Clothing,88,Delaware,L,Pink,Fall,4.7,No,Free Shipping,No,No,40,Debit Card,Bi-Weekly
573,63,Female,Jacket,Outerwear,31,Iowa,M,Turquoise,Spring,4.3,No,Free Shipping,Yes,Yes,13,PayPal,Annually
574,59,Female,Blouse,Clothing,28,Virginia,M,Magenta,Winter,3.5,No,Store Pickup,No,No,35,PayPal,Every 3 Months
575,40,Male,Shirt,Clothing,58,Vermont,L,Teal,Winter,4.6,Yes,Express,No,No,36,Credit Card,Monthly
576,44,Male,Gloves,Accessories,49,Georgia,M,White,Winter,4.0,Yes,Free Shipping,Yes,Yes,19,Venmo,Annually
577,57,Male,Jeans,Clothing,97,Wyoming,M,Green,Summer,2.7,No,Standard,Yes,Yes,4,Bank Transfer,Weekly
578,69,Male,Jeans,Clothing,43,Wyoming,M,Black,Fall,4.6,No,Standard,Yes,Yes,10,Venmo,Fortnightly
579,34,Female,Hat,Accessories,37,Hawaii,M,White,Spring,3.2,No,Next Day Air,No,No,29,PayPal,Weekly
580,49,Male,Gloves,Accessories,78,Pennsylvania,L,Blue,Summer,3.1,No,2-Day Shipping,Yes,Yes,41,Venmo,Bi-Weekly
581,47,Female,Sweater,Clothing,46,Mississippi,M,Black,Spring,2.8,Yes,Next Day Air,No,No,11,Debit Card,Quarterly
582,60,Female,Handbag,Accessories,71,Arkansas,L,Blue,Fall,3.7,No,Next Day Air,Yes,Yes,44,Cash,Annually
583,70,Male,Handbag,Accessories,85,Pennsylvania,M,Orange,Spring,3.3,No,Next Day Air,No,No,13,Credit Card,Weekly
584,48,Male,Boots,Footwear,24,New Jersey,M,Purple,Winter,4.9,No,Next Day Air,Yes,Yes,37,Cash,Quarterly
585,65,Male,Jeans,Clothing,54,Delaware,S,Blue,Fall,3.5,Yes,Express,No,No,46,Bank Transfer,Every 3 Months
586,26,Female,Skirt,Clothing,39,Iowa,M,Cyan,Winter,3.0,Yes,Store Pickup,Yes,Yes,46,Cash,Weekly
587,65,Female,Backpack,Accessories,47,Oregon,M,Magenta,Fall,4.6,No,Next Day Air,Yes,Yes,8,Credit Card,Monthly
588,66,Female,Pants,Clothing,59,Wyoming,M,Charcoal,Winter,5.0,No,Express,Yes,Yes,28,Cash,Monthly
589,32,Male,Shoes,Footwear,57,Kansas,S,Lavender,Spring,3.8,Yes,Store Pickup,No,No,10,Bank Transfer,Fortnightly
590,19,Male,Coat,Outerwear,22,Alabama,M,Pink,Fall,4.2,No,Store Pickup,Yes,Yes,44,Bank Transfer,Weekly
591,61,Male,Blouse,Clothing,32,Mississippi,XL,Green,Winter,4.3,No,Free Shipping,No,No,22,Cash,Annually
592,25,Male,Sneakers,Footwear,42,Oklahoma,M,Beige,Winter,2.9,No,Standard,No,No,32,Venmo,Bi-Weekly
593,26,Female,Pants,Clothing,44,Missouri,M,Indigo,Fall,4.7,No,Next Day Air,No,No,25,Bank Transfer,Annually
594,27,Male,Coat,Outerwear,88,California,L,Gold,Spring,4.5,No,2-Day Shipping,Yes,Yes,39,Credit Card,Monthly
595,62,Male,Shirt,Clothing,74,South Carolina,XL,Teal,Winter,4.4,Yes,Store Pickup,Yes,Yes,34,Credit Card,Quarterly
596,49,Male,Sweater,Clothing,80,New Hampshire,XL,Yellow,Fall,3.6,Yes,Next Day Air,No,No,44,PayPal,Bi-Weekly
597,49,Male,Jeans,Clothing,24,Kentucky,M,Indigo,Summer,3.4,Yes,Next Day Air,Yes,Yes,32,Debit Card,Weekly
598,49,Female,Hat,Accessories,54,South Carolina,L,Beige,Fall,4.2,No,Store Pickup,Yes,Yes,14,Venmo,Fortnightly
599,40,Female,T-shirt,Clothing,55,Illinois,M,Olive,Winter,4.3,Yes,Express,Yes,Yes,6,Credit Card,Annually
600,67,Male,Coat,Outerwear,23,Hawaii,L,Pink,Spring,4.6,No,Free Shipping,No,No,21,Cash,Monthly
601,44,Female,Jewelry,Accessories,93,Kentucky,L,Maroon,Winter,4.8,No,Free Shipping,No,No,39,Bank Transfer,Quarterly
602,57,Female,Handbag,Accessories,86,Nebraska,M,Peach,Spring,4.5,Yes,2-Day Shipping,Yes,Yes,21,Debit Card,Fortnightly
603,52,Male,Scarf,Accessories,66,Iowa,L,White,Winter,4.9,Yes,Next Day Air,No,No,25,Debit Card,Annually
604,62,Male,Sweater,Clothing,38,Oklahoma,M,Magenta,Winter,4.3,Yes,Free Shipping,No,No,38,Debit Card,Annually
605,29,Male,Boots,Footwear,61,Oklahoma,S,Gold,Winter,3.2,No,Next Day Air,No,No,32,Venmo,Monthly
606,19,Male,Sunglasses,Accessories,61,Tennessee,M,Indigo,Fall,3.5,No,2-Day Shipping,No,No,35,Debit Card,Monthly
607,32,Male,Blouse,Clothing,46,Alabama,L,Magenta,Fall,3.3,No,2-Day Shipping,No,No,3,PayPal,Bi-Weekly
608,48,Male,Jeans,Clothing,21,Oklahoma,XL,Orange,Spring,4.7,Yes,2-Day Shipping,No,No,28,PayPal,Every 3 Months
609,62,Female,Pants,Clothing,40,North Carolina,L,Olive,Spring,4.0,No,Store Pickup,Yes,Yes,29,Debit Card,Quarterly
610,22,Male,Shorts,Clothing,75,Hawaii,XL,Maroon,Summer,4.1,No,Free Shipping,No,No,30,PayPal,Quarterly
611,61,Female,Dress,Clothing,65,North Dakota,XL,Pink,Summer,4.8,No,2-Day Shipping,Yes,Yes,28,Debit Card,Quarterly
612,53,Female,Socks,Clothing,71,Nebraska,S,Magenta,Fall,2.6,No,2-Day Shipping,No,No,39,Venmo,Fortnightly
613,52,Female,Coat,Outerwear,98,Oregon,S,Pink,Winter,3.6,No,Free Shipping,Yes,Yes,16,Venmo,Every 3 Months
614,19,Male,Skirt,Clothing,96,Idaho,S,Gold,Fall,2.9,No,Standard,No,No,47,Venmo,Weekly
615,59,Male,Scarf,Accessories,61,New York,L,Peach,Fall,3.3,No,Standard,No,No,33,Cash,Quarterly
616,49,Female,Hoodie,Clothing,68,Alaska,S,Orange,Summer,3.8,No,Standard,Yes,Yes,19,PayPal,Every 3 Months
617,27,Male,Backpack,Accessories,57,Colorado,S,Turquoise,Summer,3.3,No,2-Day Shipping,No,No,28,Bank Transfer,Annually
618,23,Male,Handbag,Accessories,87,Louisiana,S,Orange,Winter,2.7,No,Standard,Yes,Yes,10,Debit Card,Every 3 Months
619,67,Female,Sweater,Clothing,67,Massachusetts,M,Teal,Summer,4.6,No,Free Shipping,No,No,10,Cash,Annually
620,41,Female,Jacket,Outerwear,25,North Carolina,M,Pink,Spring,4.1,No,Express,Yes,Yes,5,Venmo,Monthly
621,39,Male,Blouse,Clothing,55,Connecticut,L,Cyan,Summer,2.9,Yes,Store Pickup,No,No,50,Venmo,Every 3 Months
622,49,Male,T-shirt,Clothing,78,New Jersey,L,Gold,Spring,2.6,No,Express,No,No,5,Debit Card,Weekly
623,30,Female,Scarf,Accessories,25,Tennessee,M,Brown,Spring,3.9,No,Next Day Air,No,No,19,Bank Transfer,Monthly
624,27,Male,Socks,Clothing,34,Utah,M,Green,Spring,3.6,No,2-Day Shipping,Yes,Yes,50,PayPal,Quarterly
625,34,Female,Sandals,Footwear,59,New York,M,Beige,Spring,3.9,No,Store Pickup,Yes,Yes,34,PayPal,Monthly
626,62,Male,Pants,Clothing,97,Oklahoma,L,Blue,Winter,3.4,No,Store Pickup,No,No,5,Debit Card,Every 3 Months
627,25,Female,Pants,Clothing,37,Kansas,XL,Indigo,Spring,4.5,No,2-Day Shipping,No,No,33,Credit Card,Monthly
628,22,Male,Hat,Accessories,23,Kentucky,L,Purple,Summer,4.0,No,Standard,Yes,Yes,21,Cash,Annually
629,56,Male,Sneakers,Footwear,61,Maine,M,Turquoise,Fall,2.6,No,Store Pickup,Yes,Yes,40,Bank Transfer,Every 3 Months
630,37,Male,Boots,Footwear,40,Arizona,L,White,Summer,4.2,No,2-Day Shipping,No,No,28,Venmo,Every 3 Months
631,21,Male,Blouse,Clothing,83,Montana,M,Gray,Winter,4.4,No,2-Day Shipping,Yes,Yes,35,PayPal,Fortnightly
632,24,Female,Sunglasses,Accessories,77,New Mexico,M,Gray,Fall,3.9,Yes,Express,No,No,39,Venmo,Annually
633,21,Male,Shorts,Clothing,90,Kansas,M,Teal,Spring,4.0,Yes,Express,No,No,48,Cash,Fortnightly
634,25,Male,Belt,Accessories,66,Minnesota,L,Purple,Summer,4.6,No,Express,No,No,3,Bank Transfer,Quarterly
635,56,Female,Skirt,Clothing,41,Utah,M,Turquoise,Winter,3.4,Yes,2-Day Shipping,No,No,25,PayPal,Quarterly
636,35,Male,Shoes,Footwear,25,Rhode Island,S,Violet,Spring,4.8,No,Next Day Air,Yes,Yes,25,Cash,Bi-Weekly
637,44,Male,Handbag,Accessories,52,Michigan,M,Blue,Fall,3.9,Yes,Store Pickup,No,No,24,PayPal,Annually
638,25,Male,Pants,Clothing,25,Louisiana,S,Maroon,Spring,4.2,No,Next Day Air,Yes,Yes,2,Cash,Quarterly
639,27,Male,Skirt,Clothing,98,Ohio,M,Blue,Winter,4.0,No,Standard,No,No,27,Venmo,Quarterly
640,45,Female,Shirt,Clothing,25,Massachusetts,M,Yellow,Summer,3.0,No,Store Pickup,No,No,9,Debit Card,Annually
641,44,Male,Coat,Outerwear,24,Arizona,L,Pink,Fall,4.8,No,Express,Yes,Yes,31,Credit Card,Bi-Weekly
642,50,Female,Handbag,Accessories,44,North Carolina,M,Violet,Spring,3.6,No,Free Shipping,Yes,Yes,16,Cash,Fortnightly
643,47,Male,Sunglasses,Accessories,22,Georgia,M,Violet,Summer,4.7,No,2-Day Shipping,Yes,Yes,9,Venmo,Bi-Weekly
644,54,Female,Coat,Outerwear,23,Maryland,L,Maroon,Summer,4.9,No,Standard,No,No,1,Venmo,Fortnightly
645,47,Male,Jeans,Clothing,20,Arizona,XL,Cyan,Spring,4.3,No,Next Day Air,Yes,Yes,23,Credit Card,Annually
646,34,Female,Jacket,Outerwear,21,Minnesota,M,Cyan,Fall,2.8,No,Standard,Yes,Yes,15,Cash,Monthly
647,35,Female,Pants,Clothing,68,Hawaii,M,Cyan,Fall,3.7,No,Express,Yes,Yes,5,Cash,Annually
648,53,Male,Shirt,Clothing,25,Alaska,XL,Orange,Summer,2.9,No,Express,Yes,Yes,40,Debit Card,Fortnightly
649,70,Male,Dress,Clothing,35,Oregon,L,Teal,Spring,4.4,No,Standard,Yes,Yes,9,Bank Transfer,Annually
650,41,Female,Gloves,Accessories,79,Oregon,XL,Cyan,Summer,3.7,Yes,Store Pickup,No,No,33,Credit Card,Bi-Weekly
651,18,Female,Skirt,Clothing,80,Tennessee,M,Teal,Winter,3.4,No,Store Pickup,No,No,19,PayPal,Annually
652,69,Male,Sandals,Footwear,31,North Dakota,S,Violet,Fall,3.2,No,Next Day Air,No,No,49,Bank Transfer,Annually
653,57,Female,Jewelry,Accessories,33,Nebraska,L,Red,Fall,3.3,No,Free Shipping,Yes,Yes,39,Venmo,Every 3 Months
654,35,Male,Belt,Accessories,79,Alaska,S,Gray,Winter,3.8,Yes,Express,No,No,44,Venmo,Monthly
655,36,Male,Pants,Clothing,89,Nebraska,L,Pink,Fall,3.4,No,Express,Yes,Yes,29,Cash,Monthly
656,18,Female,Scarf,Accessories,58,New Hampshire,M,Peach,Fall,3.2,Yes,Next Day Air,No,No,41,Credit Card,Every 3 Months
657,54,Male,Sunglasses,Accessories,20,Wyoming,M,Purple,Summer,4.5,Yes,Store Pickup,Yes,Yes,8,Bank Transfer,Annually
658,50,Male,Shirt,Clothing,75,Colorado,M,Purple,Fall,3.6,No,Next Day Air,No,No,25,PayPal,Weekly
659,63,Male,Sunglasses,Accessories,65,Georgia,M,Gold,Summer,4.2,No,Next Day Air,Yes,Yes,22,Debit Card,Bi-Weekly
660,34,Male,Sneakers,Footwear,21,Georgia,M,Gold,Fall,4.1,No,Standard,No,No,35,Cash,Weekly
661,64,Male,Coat,Outerwear,68,Florida,S,Peach,Winter,3.4,Yes,Store Pickup,No,No,46,Credit Card,Annually
662,69,Male,Shirt,Clothing,90,Louisiana,M,Teal,Spring,4.4,No,2-Day Shipping,No,No,40,Credit Card,Bi-Weekly
663,70,Male,Dress,Clothing,65,Kentucky,L,Maroon,Winter,3.6,No,Standard,No,No,32,Debit Card,Annually
664,60,Male,Sneakers,Footwear,74,Maryland,S,Indigo,Fall,4.0,No,Store Pickup,No,No,18,Cash,Fortnightly
665,46,Male,Handbag,Accessories,63,Texas,M,Maroon,Summer,4.9,No,Store Pickup,No,No,21,Bank Transfer,Every 3 Months
666,34,Male,Coat,Outerwear,34,Wisconsin,M,Silver,Winter,4.2,No,Next Day Air,Yes,Yes,28,Credit Card,Monthly
667,51,Female,Belt,Accessories,79,Vermont,M,Gold,Winter,4.9,No,Store Pickup,No,No,7,Cash,Annually
668,30,Female,Jeans,Clothing,46,Michigan,L,Black,Spring,3.4,No,2-Day Shipping,Yes,Yes,29,Cash,Annually
669,38,Male,Shoes,Footwear,96,Indiana,XL,Beige,Summer,4.2,No,Free Shipping,No,No,17,Debit Card,Bi-Weekly
670,22,Male,Gloves,Accessories,59,Tennessee,M,Olive,Summer,4.2,Yes,Standard,Yes,Yes,11,Bank Transfer,Fortnightly
671,28,Male,Gloves,Accessories,83,West Virginia,L,Gold,Winter,2.6,No,2-Day Shipping,No,No,2,Debit Card,Quarterly
672,28,Male,Sneakers,Footwear,97,Iowa,M,Pink,Winter,4.3,No,Next Day Air,No,No,29,Credit Card,Fortnightly
673,58,Male,Hat,Accessories,66,Massachusetts,M,Lavender,Fall,3.4,No,Express,No,No,21,Debit Card,Every 3 Months
674,68,Female,Jacket,Outerwear,37,Connecticut,M,Olive,Fall,2.9,No,Store Pickup,No,No,8,Credit Card,Annually
675,28,Male,Jeans,Clothing,57,West Virginia,M,Red,Winter,4.5,No,Free Shipping,Yes,Yes,38,Credit Card,Fortnightly
676,34,Female,Pants,Clothing,27,Utah,M,Yellow,Fall,3.2,No,Free Shipping,No,No,35,Cash,Weekly
677,21,Male,Backpack,Accessories,22,Rhode Island,M,Silver,Spring,2.7,No,Express,No,No,6,Cash,Every 3 Months
678,33,Male,Shirt,Clothing,30,Florida,L,Peach,Summer,3.5,Yes,2-Day Shipping,No,No,30,Cash,Weekly
679,44,Female,Sunglasses,Accessories,96,Nevada,M,Cyan,Winter,3.4,Yes,Store Pickup,No,No,2,Debit Card,Every 3 Months
680,54,Female,Gloves,Accessories,30,West Virginia,M,Peach,Spring,3.1,No,Express,Yes,Yes,30,PayPal,Monthly
681,21,Male,Sunglasses,Accessories,97,Rhode Island,M,Charcoal,Summer,3.5,Yes,Store Pickup,Yes,Yes,10,Credit Card,Quarterly
682,35,Male,Sneakers,Footwear,53,Louisiana,M,Silver,Winter,4.2,No,Express,No,No,29,Venmo,Quarterly
683,51,Male,Backpack,Accessories,71,California,L,Maroon,Fall,2.8,Yes,Standard,No,No,11,Debit Card,Quarterly
684,46,Female,Sandals,Footwear,92,Kansas,M,Purple,Summer,4.1,Yes,Store Pickup,No,No,13,Bank Transfer,Monthly
685,37,Male,Sandals,Footwear,31,New York,XL,Violet,Spring,4.6,No,Express,No,No,22,PayPal,Bi-Weekly
686,31,Male,Sandals,Footwear,100,Minnesota,M,Orange,Spring,3.0,No,Store Pickup,No,No,17,Credit Card,Monthly
687,70,Female,Pants,Clothing,61,Oklahoma,S,Blue,Summer,4.1,No,Next Day Air,Yes,Yes,4,Cash,Annually
688,45,Male,Jeans,Clothing,50,New Mexico,M,Turquoise,Spring,4.2,Yes,Free Shipping,Yes,Yes,3,Bank Transfer,Annually
689,45,Male,Handbag,Accessories,38,South Dakota,M,White,Fall,4.8,No,Standard,No,No,24,PayPal,Quarterly
690,54,Female,Blouse,Clothing,91,North Dakota,S,Blue,Summer,3.6,No,Standard,No,No,43,Credit Card,Monthly
691,50,Male,Sneakers,Footwear,23,Ohio,L,Purple,Fall,2.6,No,Store Pickup,Yes,Yes,20,Bank Transfer,Quarterly
692,66,Male,Skirt,Clothing,81,Utah,M,Magenta,Summer,2.5,No,Standard,No,No,26,Credit Card,Annually
693,66,Male,Scarf,Accessories,41,Iowa,M,Silver,Spring,2.9,Yes,2-Day Shipping,Yes,Yes,36,Debit Card,Monthly
694,51,Male,Skirt,Clothing,27,Kentucky,S,Gold,Summer,4.6,Yes,Express,Yes,Yes,7,Bank Transfer,Quarterly
695,68,Male,Scarf,Accessories,22,Indiana,L,Pink,Spring,4.3,No,Express,No,No,7,Bank Transfer,Every 3 Months
696,30,Male,Sandals,Footwear,50,Arkansas,M,Violet,Fall,2.8,Yes,Store Pickup,No,No,12,Debit Card,Quarterly
697,26,Female,Shoes,Footwear,32,Maryland,M,Orange,Summer,3.0,No,Next Day Air,Yes,Yes,33,PayPal,Weekly
698,48,Male,Socks,Clothing,24,Mississippi,L,Charcoal,Summer,4.2,No,Store Pickup,No,No,42,Venmo,Fortnightly
699,22,Male,Sunglasses,Accessories,34,Arkansas,M,Beige,Winter,4.2,Yes,Standard,No,No,30,Debit Card,Quarterly
700,33,Male,Backpack,Accessories,59,Oregon,M,Beige,Fall,2.9,No,2-Day Shipping,No,No,14,Credit Card,Monthly
701,40,Male,Sweater,Clothing,98,Ohio,S,Orange,Summer,3.3,No,Express,No,No,40,PayPal,Weekly
702,55,Female,Hat,Accessories,81,New Mexico,S,Lavender,Winter,4.1,Yes,2-Day Shipping,No,No,14,Venmo,Quarterly
703,45,Male,Coat,Outerwear,36,Kentucky,M,Turquoise,Spring,4.0,Yes,Next Day Air,No,No,49,Debit Card,Annually
704,61,Female,Boots,Footwear,36,South Dakota,M,Yellow,Winter,3.7,No,Next Day Air,No,No,7,Credit Card,Weekly
705,29,Male,Sweater,Clothing,73,New Jersey,M,Blue,Summer,4.4,No,2-Day Shipping,No,No,17,Credit Card,Bi-Weekly
706,25,Male,Hat,Accessories,31,Massachusetts,S,Olive,Winter,3.7,No,Next Day Air,Yes,Yes,40,Venmo,Bi-Weekly
707,50,Male,Coat,Outerwear,29,Wisconsin,M,Pink,Spring,5.0,No,Standard,Yes,Yes,21,PayPal,Monthly
708,40,Male,Sweater,Clothing,96,Illinois,M,Violet,Fall,3.9,Yes,Standard,Yes,Yes,13,Venmo,Monthly
709,64,Male,Sandals,Footwear,77,Louisiana,S,Gray,Spring,4.8,Yes,2-Day Shipping,Yes,Yes,47,Venmo,Monthly
710,60,Male,Boots,Footwear,43,Tennessee,M,Gold,Fall,3.2,No,Standard,No,No,12,PayPal,Annually
711,44,Female,Shoes,Footwear,95,Mississippi,L,Violet,Fall,4.8,No,Free Shipping,No,No,45,Credit Card,Weekly
712,43,Male,Socks,Clothing,23,North Carolina,M,Yellow,Summer,5.0,No,Next Day Air,No,No,33,Debit Card,Fortnightly
713,26,Male,Coat,Outerwear,100,Virginia,L,Brown,Winter,,No,Free Shipping,No,No,22,PayPal,Annually
714,50,Female,Coat,Outerwear,70,Pennsylvania,M,Olive,Spring,4.7,No,Store Pickup,No,No,25,Credit Card,Every 3 Months
715,26,Male,Shirt,Clothing,37,Virginia,S,Gray,Summer,3.1,No,Standard,No,No,15,PayPal,Bi-Weekly
716,33,Male,Hat,Accessories,23,Nebraska,M,Brown,Winter,3.0,No,Standard,Yes,Yes,41,Credit Card,Weekly
717,46,Male,Blouse,Clothing,57,Arkansas,L,Yellow,Fall,3.5,No,Express,No,No,37,Debit Card,Weekly
718,67,Male,Sunglasses,Accessories,42,Montana,S,Teal,Winter,3.4,No,Standard,No,No,30,Venmo,Monthly
719,50,Female,Backpack,Accessories,86,New Mexico,L,Magenta,Spring,2.6,No,2-Day Shipping,Yes,Yes,26,Bank Transfer,Quarterly
720,23,Male,Gloves,Accessories,92,Delaware,L,Cyan,Spring,4.2,No,Express,No,No,22,Bank Transfer,Every 3 Months
721,70,Male,Sneakers,Footwear,93,Kentucky,M,Maroon,Fall,3.2,No,2-Day Shipping,No,No,36,Bank Transfer,Every 3 Months
722,36,Female,Sweater,Clothing,37,New Hampshire,L,Turquoise,Summer,4.3,Yes,Standard,No,No,49,Debit Card,Every 3 Months
723,54,Female,Sweater,Clothing,43,Nevada,L,Gray,Spring,2.9,No,Standard,No,No,32,Bank Transfer,Quarterly
724,51,Male,Boots,Footwear,53,North Dakota,XL,Maroon,Fall,,No,Standard,No,No,16,Credit Card,Fortnightly
725,23,Male,T-shirt,Clothing,32,Tennessee,M,Black,Winter,4.4,No,Store Pickup,Yes,Yes,35,Credit Card,Bi-Weekly
726,35,Male,Jeans,Clothing,55,Maryland,M,Yellow,Fall,4.0,No,Standard,No,No,8,PayPal,Annually
727,35,Female,Hoodie,Clothing,92,Rhode Island,M,Magenta,Spring,2.8,Yes,Store Pickup,Yes,Yes,36,Bank Transfer,Annually
728,51,Female,Shoes,Footwear,99,Michigan,S,Orange,Winter,4.1,No,Next Day Air,Yes,Yes,4,Venmo,Fortnightly
729,23,Male,Jeans,Clothing,87,Arizona,M,Yellow,Summer,3.7,No,Next Day Air,Yes,Yes,3,Debit Card,Weekly
730,31,Male,Shoes,Footwear,77,Texas,M,Lavender,Winter,4.3,Yes,Express,No,No,50,Debit Card,Every 3 Months
731,48,Male,Belt,Accessories,46,New Jersey,XL,Purple,Summer,2.7,Yes,Express,Yes,Yes,47,Credit Card,Weekly
732,36,Male,Boots,Footwear,86,Montana,L,Teal,Summer,4.1,Yes,Store Pickup,Yes,Yes,17,PayPal,Monthly
733,40,Female,Boots,Footwear,47,Rhode Island,L,Pink,Spring,3.2,No,2-Day Shipping,No,No,15,Cash,Annually
734,30,Male,Sandals,Footwear,34,Maryland,L,Violet,Fall,4.8,No,Store Pickup,No,No,26,Venmo,Monthly
735,18,Male,Dress,Clothing,31,Washington,M,White,Fall,3.2,Yes,Standard,No,No,12,Venmo,Quarterly
736,66,Male,Dress,Clothing,64,Florida,L,Gray,Summer,4.7,Yes,Store Pickup,No,No,25,Cash,Bi-Weekly
737,69,Male,Gloves,Accessories,71,New Jersey,M,White,Winter,3.0,No,Standard,No,No,31,Cash,Annually
738,21,Female,Sunglasses,Accessories,36,Maine,L,Olive,Winter,3.0,No,Standard,No,No,48,Venmo,Every 3 Months
739,59,Male,Sneakers,Footwear,99,Wyoming,M,Magenta,Summer,4.0,No,Free Shipping,No,No,29,Venmo,Bi-Weekly
740,68,Male,Sandals,Footwear,56,Washington,XL,Red,Spring,3.5,No,2-Day Shipping,No,No,21,Credit Card,Weekly
741,61,Male,Shorts,Clothing,43,New Jersey,M,Gray,Spring,3.1,No,Standard,No,No,21,Venmo,Fortnightly
742,46,Female,Sweater,Clothing,95,New York,L,Silver,Fall,3.5,Yes,2-Day Shipping,Yes,Yes,39,Bank Transfer,Monthly
743,64,Female,Scarf,Accessories,30,Alaska,M,Yellow,Winter,3.3,No,2-Day Shipping,Yes,Yes,10,Credit Card,Quarterly
744,48,Male,Sunglasses,Accessories,49,Pennsylvania,L,Black,Winter,4.8,No,2-Day Shipping,Yes,Yes,43,PayPal,Monthly
745,56,Female,Shorts,Clothing,96,Virginia,M,Green,Summer,4.8,No,Store Pickup,Yes,Yes,33,Credit Card,Every 3 Months
746,44,Male,Socks,Clothing,68,West Virginia,M,Charcoal,Spring,4.6,No,Free Shipping,Yes,Yes,2,Bank Transfer,Fortnightly
747,53,Female,Skirt,Clothing,57,Nebraska,M,Green,Spring,4.9,No,Express,No,No,46,Cash,Annually
748,26,Male,Skirt,Clothing,78,Virginia,M,Lavender,Fall,3.3,No,Express,No,No,20,Venmo,Bi-Weekly
749,69,Female,Socks,Clothing,54,North Dakota,L,Lavender,Winter,3.8,No,2-Day Shipping,Yes,Yes,42,Bank Transfer,Every 3 Months
750,58,Male,Jeans,Clothing,63,Utah,L,Silver,Fall,4.2,No,Next Day Air,Yes,Yes,18,Debit Card,Every 3 Months
751,33,Male,Shirt,Clothing,91,Florida,S,Violet,Winter,2.7,Yes,2-Day Shipping,Yes,Yes,22,Cash,Fortnightly
752,25,Male,Dress,Clothing,22,Rhode Island,M,Gold,Winter,3.4,Yes,Standard,Yes,Yes,24,PayPal,Monthly
753,42,Male,Jeans,Clothing,23,South Carolina,M,Maroon,Fall,2.8,No,Free Shipping,No,No,29,Bank Transfer,Weekly
754,25,Male,Blouse,Clothing,59,Hawaii,XL,Pink,Winter,2.5,Yes,Standard,Yes,Yes,50,Bank Transfer,Every 3 Months
755,61,Male,Shirt,Clothing,94,New Jersey,M,Black,Fall,3.3,No,2-Day Shipping,No,No,9,Credit Card,Bi-Weekly
756,38,Male,Jeans,Clothing,71,Wyoming,M,Green,Summer,4.8,No,Express,No,No,39,Cash,Monthly
757,67,Male,Shoes,Footwear,59,Utah,S,Black,Summer,3.1,No,Free Shipping,No,No,43,Bank Transfer,Monthly
758,65,Male,Shoes,Footwear,24,Kentucky,M,Green,Spring,2.6,No,Store Pickup,Yes,Yes,13,Debit Card,Weekly
759,60,Male,Jeans,Clothing,21,Minnesota,L,Pink,Spring,3.4,No,Store Pickup,Yes,Yes,46,Venmo,Quarterly
760,31,Male,Pants,Clothing,56,New Hampshire,L,Magenta,Summer,4.7,No,2-Day Shipping,No,No,3,Cash,Annually
761,23,Male,Shirt,Clothing,31,Maine,S,Magenta,Summer,3.5,No,Express,Yes,Yes,31,Bank Transfer,Fortnightly
762,60,Male,Hat,Accessories,98,Indiana,L,Silver,Summer,3.9,No,Standard,Yes,Yes,34,Debit Card,Bi-Weekly
763,46,Male,Sweater,Clothing,85,Georgia,L,Indigo,Fall,4.1,No,Standard,Yes,Yes,32,Debit Card,Bi-Weekly
764,44,Male,Gloves,Accessories,95,Maine,M,Green,Spring,3.3,Yes,2-Day Shipping,No,No,40,Cash,Monthly
765,18,Male,Sunglasses,Accessories,63,Georgia,XL,Black,Winter,4.8,No,Express,No,No,44,Cash,Bi-Weekly
766,63,Female,Gloves,Accessories,66,Virginia,M,Brown,Summer,4.6,No,Express,No,No,24,PayPal,Bi-Weekly
767,18,Male,Boots,Footwear,38,Arkansas,S,Teal,Winter,4.5,No,Store Pickup,No,No,48,PayPal,Bi-Weekly
768,66,Male,T-shirt,Clothing,47,Indiana,L,Turquoise,Winter,3.8,No,2-Day Shipping,Yes,Yes,38,Credit Card,Annually
769,41,Female,Sweater,Clothing,80,Wyoming,L,Peach,Spring,3.4,No,Standard,Yes,Yes,41,Cash,Monthly
770,64,Male,Dress,Clothing,95,Kansas,M,Purple,Fall,4.2,No,Free Shipping,No,No,5,PayPal,Fortnightly
771,66,Female,Belt,Accessories,68,Florida,M,Orange,Spring,4.6,Yes,2-Day Shipping,Yes,Yes,30,Credit Card,Weekly
772,20,Female,Belt,Accessories,25,Arizona,S,Lavender,Spring,4.1,No,Free Shipping,Yes,Yes,9,Credit Card,Fortnightly
773,42,Male,Jeans,Clothing,68,Pennsylvania,M,Turquoise,Spring,4.7,No,Free Shipping,No,No,45,Bank Transfer,Every 3 Months
774,65,Female,Jeans,Clothing,60,South Dakota,S,Silver,Fall,4.0,No,Express,Yes,Yes,11,PayPal,Annually
775,28,Male,Scarf,Accessories,33,Mississippi,S,Violet,Fall,3.2,Yes,Store Pickup,No,No,34,PayPal,Annually
776,39,Male,T-shirt,Clothing,71,Georgia,M,Violet,Winter,4.3,No,2-Day Shipping,Yes,Yes,18,Debit Card,Annually
777,29,Male,Blouse,Clothing,81,Arkansas,M,Cyan,Winter,4.1,Yes,Store Pickup,No,No,26,PayPal,Every 3 Months
778,24,Male,Jeans,Clothing,44,Alaska,L,Olive,Fall,3.3,Yes,Next Day Air,No,No,47,PayPal,Monthly
779,22,Female,Jacket,Outerwear,41,Massachusetts,S,Black,Spring,4.1,No,Store Pickup,No,No,23,PayPal,Every 3 Months
780,20,Male,Socks,Clothing,81,Wisconsin,M,Blue,Fall,4.5,No,Next Day Air,Yes,Yes,37,Cash,Annually
781,40,Female,Scarf,Accessories,64,Illinois,S,Gold,Summer,4.7,No,Standard,Yes,Yes,9,Venmo,Bi-Weekly
782,24,Male,Blouse,Clothing,90,Alabama,S,Olive,Summer,4.8,No,Free Shipping,Yes,Yes,28,Bank Transfer,Weekly
783,70,Male,Pants,Clothing,32,Wisconsin,L,Teal,Summer,3.9,No,Store Pickup,Yes,Yes,35,Debit Card,Every 3 Months
784,24,Female,Hoodie,Clothing,79,Pennsylvania,XL,Silver,Summer,4.1,Yes,Store Pickup,No,No,49,Cash,Every 3 Months
785,29,Female,Jeans,Clothing,72,South Carolina,XL,Lavender,Winter,3.8,No,Next Day Air,No,No,16,Cash,Fortnightly
786,59,Male,Shoes,Footwear,60,Minnesota,M,Gold,Winter,2.7,No,Free Shipping,No,No,28,Venmo,Monthly
787,39,Female,Blouse,Clothing,53,Wisconsin,XL,Cyan,Spring,2.6,No,Standard,No,No,36,Debit Card,Monthly
788,23,Male,Hoodie,Clothing,39,North Dakota,S,Silver,Winter,4.7,Yes,Free Shipping,No,No,13,Credit Card,Monthly
789,31,Male,Jacket,Outerwear,75,Alaska,L,Turquoise,Winter,2.8,Yes,Free Shipping,No,No,4,Venmo,Bi-Weekly
790,52,Male,Shoes,Footwear,32,Rhode Island,M,Gold,Fall,3.5,No,Standard,No,No,29,PayPal,Monthly
791,21,Female,Blouse,Clothing,57,New Mexico,XL,Black,Spring,4.3,No,Free Shipping,No,No,19,Bank Transfer,Every 3 Months
792,40,Male,T-shirt,Clothing,44,Montana,S,Magenta,Spring,4.8,No,Standard,Yes,Yes,29,Credit Card,Monthly
793,47,Female,Backpack,Accessories,39,Iowa,M,Cyan,Winter,2.6,No,Next Day Air,Yes,Yes,28,Cash,Weekly
794,38,Male,Pants,Clothing,87,Indiana,M,Pink,Winter,4.8,No,Next Day Air,Yes,Yes,23,Bank Transfer,Every 3 Months
795,46,Male,Dress,Clothing,60,Louisiana,XL,Orange,Summer,4.2,No,Standard,Yes,Yes,1,Debit Card,Weekly
796,57,Male,Pants,Clothing,49,New Hampshire,M,Teal,Spring,3.1,No,Free Shipping,Yes,Yes,3,Venmo,Annually
797,51,Male,Boots,Footwear,78,Maryland,S,Indigo,Winter,4.2,No,2-Day Shipping,Yes,Yes,11,Credit Card,Annually
798,41,Male,Socks,Clothing,43,Michigan,M,Maroon,Summer,4.2,No,2-Day Shipping,Yes,Yes,4,Venmo,Annually
799,47,Female,Coat,Outerwear,75,Indiana,L,Black,Spring,3.4,No,Store Pickup,Yes,Yes,41,Cash,Monthly
800,39,Male,Sweater,Clothing,72,Louisiana,S,Gray,Summer,3.7,Yes,Next Day Air,No,No,37,Bank Transfer,Weekly
801,31,Female,Skirt,Clothing,54,Arkansas,M,Pink,Spring,3.8,Yes,Free Shipping,Yes,Yes,43,Venmo,Fortnightly
802,43,Male,Socks,Clothing,47,North Carolina,M,Red,Winter,4.0,Yes,Next Day Air,No,No,18,PayPal,Quarterly
803,45,Female,Shoes,Footwear,92,Ohio,M,Maroon,Winter,3.6,No,Standard,No,No,24,Debit Card,Quarterly
804,40,Male,Shoes,Footwear,32,New York,M,Gold,Fall,3.9,No,Next Day Air,Yes,Yes,41,Venmo,Monthly
805,59,Female,Dress,Clothing,93,Montana,M,Yellow,Fall,3.7,Yes,2-Day Shipping,Yes,Yes,8,Cash,Monthly
806,36,Female,Backpack,Accessories,71,California,XL,Gray,Spring,2.9,No,Express,Yes,Yes,12,Venmo,Bi-Weekly
807,44,Female,Socks,Clothing,38,Maryland,S,Maroon,Summer,3.2,No,Standard,Yes,Yes,33,Cash,Every 3 Months
808,61,Male,Backpack,Accessories,77,Delaware,L,Olive,Spring,4.0,No,2-Day Shipping,No,No,21,Credit Card,Quarterly
809,53,Male,Skirt,Clothing,50,Florida,M,Olive,Summer,3.1,No,Standard,No,No,5,Bank Transfer,Every 3 Months
810,32,Female,Coat,Outerwear,66,South Carolina,M,Gold,Summer,4.5,No,Express,No,No,10,Venmo,Every 3 Months
811,70,Female,Socks,Clothing,28,Kansas,L,Cyan,Summer,3.1,Yes,Standard,Yes,Yes,34,Venmo,Bi-Weekly
812,41,Male,Shoes,Footwear,59,New Jersey,XL,Pink,Spring,4.8,No,2-Day Shipping,Yes,Yes,28,Cash,Bi-Weekly
813,63,Female,Jeans,Clothing,92,Rhode Island,XL,Magenta,Winter,2.9,No,Free Shipping,No,No,5,Venmo,Monthly
814,46,Male,Gloves,Accessories,88,Oregon,XL,Orange,Summer,3.1,No,Standard,No,No,43,Cash,Quarterly
815,18,Male,Hoodie,Clothing,47,Rhode Island,M,Violet,Fall,3.6,No,Next Day Air,Yes,Yes,39,PayPal,Fortnightly
816,60,Female,Scarf,Accessories,82,Minnesota,L,Lavender,Fall,3.9,Yes,Free Shipping,No,No,47,Credit Card,Monthly
817,55,Male,Belt,Accessories,30,Nebraska,L,Turquoise,Summer,4.3,No,Express,No,No,18,Venmo,Bi-Weekly
818,41,Male,Gloves,Accessories,45,Pennsylvania,L,Peach,Spring,3.8,No,Standard,No,No,47,Credit Card,Every 3 Months
819,37,Male,Socks,Clothing,41,Louisiana,L,Lavender,Fall,3.5,No,2-Day Shipping,Yes,Yes,29,Venmo,Bi-Weekly
820,49,Male,Blouse,Clothing,80,Arkansas,M,Magenta,Summer,4.4,Yes,Standard,No,No,30,Cash,Bi-Weekly
821,60,Male,Coat,Outerwear,28,Alaska,M,Teal,Summer,3.0,No,Next Day Air,No,No,8,Venmo,Fortnightly
822,64,Male,Skirt,Clothing,97,Maryland,M,Teal,Summer,4.6,No,Next Day Air,Yes,Yes,39,PayPal,Quarterly
823,27,Female,T-shirt,Clothing,65,North Dakota,M,Red,Summer,2.9,No,Express,No,No,40,Bank Transfer,Monthly
824,20,Male,Pants,Clothing,95,Alaska,S,Beige,Spring,2.9,No,Standard,Yes,Yes,10,Cash,Annually
825,69,Male,Backpack,Accessories,81,Wisconsin,M,Cyan,Summer,3.3,No,Free Shipping,No,No,22,Debit Card,Fortnightly
826,64,Female,Coat,Outerwear,22,Kentucky,M,Violet,Spring,3.4,Yes,2-Day Shipping,No,No,27,PayPal,Monthly
827,35,Male,T-shirt,Clothing,70,Illinois,L,Peach,Winter,3.7,No,Standard,Yes,Yes,8,Debit Card,Annually
828,51,Male,Blouse,Clothing,63,Hawaii,XL,Purple,Winter,3.6,Yes,2-Day Shipping,No,No,11,Cash,Monthly
829,60,Male,Jeans,Clothing,94,Maryland,L,Lavender,Winter,4.6,No,Store Pickup,Yes,Yes,2,Debit Card,Fortnightly
830,53,Male,Hoodie,Clothing,37,Alabama,M,Green,Winter,3.4,No,Standard,No,No,15,Debit Card,Bi-Weekly
831,52,Female,Blouse,Clothing,98,Maryland,XL,Violet,Spring,4.4,No,Standard,No,No,26,Credit Card,Monthly
832,65,Male,Hoodie,Clothing,37,Utah,L,Black,Summer,4.1,No,Express,Yes,Yes,11,PayPal,Fortnightly
833,51,Male,T-shirt,Clothing,87,New Hampshire,L,Violet,Spring,3.3,No,Free Shipping,Yes,Yes,28,Cash,Bi-Weekly
834,40,Male,Coat,Outerwear,79,New Hampshire,L,Purple,Winter,3.3,No,Express,No,No,31,PayPal,Fortnightly
835,64,Male,Blouse,Clothing,50,New Jersey,S,Indigo,Spring,4.7,No,Store Pickup,No,No,5,Venmo,Monthly
836,22,Male,Handbag,Accessories,73,New Hampshire,L,Lavender,Summer,4.2,No,Next Day Air,Yes,Yes,23,Venmo,Quarterly
837,69,Female,Pants,Clothing,21,Nebraska,L,Peach,Summer,3.4,No,2-Day Shipping,No,No,2,Credit Card,Annually
838,28,Female,T-shirt,Clothing,45,Tennessee,M,Gold,Fall,4.1,No,Free Shipping,No,No,14,Debit Card,Quarterly
839,23,Male,Shoes,Footwear,76,Maryland,S,Lavender,Winter,3.2,No,Express,No,No,43,Venmo,Annually
840,20,Male,Hoodie,Clothing,76,Virginia,XL,Red,Fall,4.3,No,Next Day Air,Yes,Yes,26,Venmo,Bi-Weekly
841,58,Male,Blouse,Clothing,75,Missouri,M,Turquoise,Summer,4.1,Yes,Standard,Yes,Yes,2,Credit Card,Every 3 Months
842,21,Male,Boots,Footwear,76,Massachusetts,M,Purple,Fall,2.9,No,Free Shipping,Yes,Yes,21,Bank Transfer,Annually
843,46,Male,Pants,Clothing,74,Illinois,M,Gray,Spring,2.9,Yes,2-Day Shipping,Yes,Yes,44,Credit Card,Annually
844,66,Male,T-shirt,Clothing,27,North Dakota,S,Blue,Fall,2.8,No,Next Day Air,No,No,1,Cash,Weekly
845,32,Male,Coat,Outerwear,49,Iowa,L,Silver,Fall,4.6,No,2-Day Shipping,No,No,46,Credit Card,Fortnightly
846,37,Male,Jeans,Clothing,25,Ohio,M,Cyan,Fall,4.7,No,Next Day Air,Yes,Yes,2,Debit Card,Every 3 Months
847,48,Male,Shoes,Footwear,24,Hawaii,XL,Black,Summer,4.7,No,Store Pickup,Yes,Yes,41,Cash,Annually
848,33,Male,Skirt,Clothing,78,Alabama,XL,White,Fall,2.9,No,Next Day Air,Yes,Yes,28,Bank Transfer,Bi-Weekly
849,69,Female,Scarf,Accessories,80,Oklahoma,M,Olive,Spring,4.1,No,2-Day Shipping,No,No,20,Debit Card,Quarterly
850,67,Male,Dress,Clothing,92,Oklahoma,M,Blue,Spring,4.8,No,Standard,No,No,24,Bank Transfer,Bi-Weekly
851,65,Female,T-shirt,Clothing,41,Arkansas,L,Violet,Summer,4.7,Yes,2-Day Shipping,Yes,Yes,28,PayPal,Bi-Weekly
852,45,Male,Coat,Outerwear,47,North Carolina,L,Yellow,Fall,4.1,No,Standard,No,No,36,Credit Card,Fortnightly
853,20,Male,Shoes,Footwear,53,Delaware,S,Orange,Spring,3.4,No,Store Pickup,Yes,Yes,29,Debit Card,Every 3 Months
854,29,Male,Shorts,Clothing,32,South Carolina,S,Charcoal,Fall,4.6,No,Next Day Air,Yes,Yes,19,Debit Card,Quarterly
855,43,Female,Sunglasses,Accessories,48,Florida,M,Black,Spring,4.9,No,Free Shipping,No,No,12,Debit Card,Monthly
856,59,Male,Pants,Clothing,77,Utah,S,Gray,Fall,2.5,No,Standard,Yes,Yes,6,PayPal,Monthly
857,68,Male,Blouse,Clothing,94,North Dakota,M,Blue,Spring,3.5,No,Standard,No,No,41,Cash,Fortnightly
858,39,Female,Socks,Clothing,42,Nevada,M,Teal,Fall,3.8,No,Standard,Yes,Yes,45,Debit Card,Bi-Weekly
859,36,Female,Hat,Accessories,20,Kentucky,M,Green,Summer,2.7,No,Free Shipping,No,No,1,Debit Card,Annually
860,64,Male,Scarf,Accessories,28,Ohio,M,Red,Fall,4.3,Yes,Express,No,No,13,Bank Transfer,Quarterly
861,62,Male,Hat,Accessories,79,New York,M,Pink,Winter,3.2,No,2-Day Shipping,No,No,50,Credit Card,Fortnightly
862,45,Male,Sneakers,Footwear,32,Massachusetts,M,Indigo,Fall,3.4,No,Standard,No,No,3,Bank Transfer,Fortnightly
863,32,Female,Socks,Clothing,63,Nevada,S,Yellow,Spring,4.0,Yes,Free Shipping,No,No,48,Bank Transfer,Every 3 Months
864,54,Male,Skirt,Clothing,86,Michigan,L,White,Fall,5.0,No,Next Day Air,No,No,20,Debit Card,Every 3 Months
865,65,Male,Sweater,Clothing,42,Alaska,M,Pink,Spring,3.6,Yes,Store Pickup,Yes,Yes,11,Credit Card,Bi-Weekly
866,68,Male,Skirt,Clothing,93,Alaska,L,Turquoise,Winter,4.9,No,Free Shipping,No,No,5,Bank Transfer,Weekly
867,27,Male,Jacket,Outerwear,29,Georgia,M,Beige,Winter,4.0,No,2-Day Shipping,No,No,24,Credit Card,Quarterly
868,47,Male,Scarf,Accessories,45,Oklahoma,S,Gold,Fall,2.8,No,Next Day Air,No,No,47,Credit Card,Annually
869,30,Male,Gloves,Accessories,68,Oregon,M,Silver,Winter,4.3,No,Express,Yes,Yes,29,Bank Transfer,Monthly
870,37,Male,Shoes,Footwear,97,Oklahoma,M,Green,Winter,2.7,No,Free Shipping,No,No,22,PayPal,Bi-Weekly
871,36,Male,Sneakers,Footwear,91,Oklahoma,S,Gray,Summer,3.9,No,Store Pickup,No,No,26,Cash,Fortnightly
872,20,Male,Backpack,Accessories,89,Connecticut,S,Blue,Summer,4.3,No,Next Day Air,Yes,Yes,47,Bank Transfer,Every 3 Months
873,37,Male,Gloves,Accessories,30,South Dakota,L,Blue,Summer,4.5,No,Store Pickup,Yes,Yes,47,PayPal,Every 3 Months
874,43,Female,Hoodie,Clothing,74,Nevada,M,Orange,Winter,3.7,No,Express,Yes,Yes,30,Cash,Weekly
875,68,Male,Handbag,Accessories,38,Illinois,M,Brown,Spring,3.0,No,2-Day Shipping,Yes,Yes,27,Cash,Weekly
876,62,Male,Sweater,Clothing,73,Michigan,XL,Lavender,Fall,4.8,Yes,Express,Yes,Yes,39,Venmo,Bi-Weekly
877,61,Female,Handbag,Accessories,21,Massachusetts,XL,Olive,Fall,3.4,No,Store Pickup,Yes,Yes,32,Venmo,Every 3 Months
878,37,Male,Pants,Clothing,58,Montana,M,Red,Summer,2.6,No,Store Pickup,Yes,Yes,38,Credit Card,Quarterly
879,52,Male,Jacket,Outerwear,83,Missouri,L,Pink,Summer,3.6,No,Next Day Air,Yes,Yes,37,Cash,Monthly
880,69,Female,Shorts,Clothing,35,Texas,L,Yellow,Spring,4.6,No,Free Shipping,Yes,Yes,38,Credit Card,Every 3 Months
881,56,Female,Sneakers,Footwear,36,Alabama,M,Gold,Summer,4.0,No,Next Day Air,Yes,Yes,6,Credit Card,Every 3 Months
882,30,Male,Boots,Footwear,55,Wyoming,M,Violet,Fall,4.7,No,Express,Yes,Yes,34,Venmo,Quarterly
883,35,Male,Jeans,Clothing,21,New York,M,Violet,Winter,3.3,Yes,Free Shipping,Yes,Yes,49,Credit Card,Fortnightly
884,34,Male,Shoes,Footwear,48,Pennsylvania,XL,Black,Winter,3.1,Yes,Express,Yes,Yes,6,Credit Card,Bi-Weekly
885,63,Male,Gloves,Accessories,40,Ohio,M,Olive,Fall,3.6,Yes,Next Day Air,Yes,Yes,23,Cash,Monthly
886,22,Male,Belt,Accessories,73,Indiana,M,Yellow,Winter,4.4,No,Express,No,No,32,Venmo,Weekly
887,20,Male,Socks,Clothing,23,Illinois,M,Cyan,Fall,3.1,No,Free Shipping,No,No,43,Cash,Annually
888,40,Male,Hoodie,Clothing,49,Ohio,L,Violet,Winter,3.0,No,Express,Yes,Yes,11,Credit Card,Bi-Weekly
889,65,Male,Pants,Clothing,57,Tennessee,S,Brown,Summer,4.2,No,Standard,Yes,Yes,37,PayPal,Fortnightly
890,41,Male,Jeans,Clothing,91,West Virginia,M,Pink,Winter,2.5,No,Store Pickup,No,No,2,Bank Transfer,Fortnightly
891,56,Male,Gloves,Accessories,78,Delaware,S,Indigo,Summer,2.5,Yes,2-Day Shipping,Yes,Yes,50,Cash,Annually
892,35,Female,Handbag,Accessories,64,Vermont,M,Cyan,Fall,3.2,No,Express,No,No,7,PayPal,Quarterly
893,30,Male,Gloves,Accessories,22,Alabama,M,Yellow,Spring,4.7,No,Store Pickup,No,No,14,Debit Card,Weekly
894,21,Male,Hoodie,Clothing,34,South Carolina,L,Teal,Winter,4.3,No,2-Day Shipping,Yes,Yes,38,Bank Transfer,Quarterly
895,50,Male,T-shirt,Clothing,66,New Hampshire,M,Lavender,Fall,3.6,No,Free Shipping,Yes,Yes,20,Venmo,Quarterly
896,38,Female,Sandals,Footwear,29,New Mexico,L,Indigo,Winter,4.3,No,Free Shipping,No,No,16,Credit Card,Weekly
897,40,Male,Jacket,Outerwear,63,Michigan,L,Red,Fall,2.9,Yes,Express,Yes,Yes,43,Cash,Monthly
898,45,Male,Socks,Clothing,45,Wisconsin,M,Yellow,Winter,4.6,No,Store Pickup,Yes,Yes,40,Credit Card,Weekly
899,56,Male,Socks,Clothing,79,West Virginia,S,Blue,Spring,2.7,No,Express,Yes,Yes,38,Venmo,Monthly
900,27,Male,Pants,Clothing,36,Oregon,S,Violet,Winter,3.9,Yes,Free Shipping,No,No,10,PayPal,Bi-Weekly
901,59,Male,Jacket,Outerwear,66,Colorado,S,White,Winter,4.0,No,Free Shipping,Yes,Yes,5,Venmo,Quarterly
902,38,Male,Shorts,Clothing,87,Nebraska,L,Red,Winter,3.3,No,Store Pickup,No,No,35,Cash,Quarterly
903,47,Female,Sandals,Footwear,80,Massachusetts,M,Teal,Spring,4.6,Yes,Store Pickup,No,No,12,Credit Card,Monthly
904,37,Female,Shoes,Footwear,77,Wyoming,L,Orange,Fall,3.4,No,Express,Yes,Yes,14,Cash,Weekly
905,24,Male,Hoodie,Clothing,74,Louisiana,L,Maroon,Winter,3.1,Yes,Next Day Air,No,No,47,Credit Card,Fortnightly
906,59,Male,Sunglasses,Accessories,56,Wisconsin,L,Peach,Fall,4.5,No,2-Day Shipping,Yes,Yes,1,Debit Card,Bi-Weekly
907,20,Male,Shorts,Clothing,53,Virginia,S,Lavender,Fall,3.6,No,Free Shipping,No,No,39,Venmo,Quarterly
908,61,Female,Backpack,Accessories,38,Maryland,M,Yellow,Winter,3.7,No,Store Pickup,Yes,Yes,7,Cash,Weekly
909,20,Male,Sweater,Clothing,65,Missouri,XL,Blue,Winter,3.8,No,Next Day Air,No,No,45,Debit Card,Annually
910,57,Male,Boots,Footwear,51,Pennsylvania,L,Brown,Fall,3.4,Yes,Free Shipping,No,No,5,Credit Card,Bi-Weekly
911,55,Female,Handbag,Accessories,67,Georgia,M,Pink,Summer,3.2,Yes,2-Day Shipping,No,No,27,PayPal,Fortnightly
912,29,Female,Sandals,Footwear,44,Pennsylvania,L,Maroon,Winter,2.6,No,Express,Yes,Yes,1,PayPal,Annually
913,57,Female,Handbag,Accessories,46,North Dakota,XL,Gold,Summer,3.4,No,Store Pickup,No,No,32,Venmo,Fortnightly
914,43,Male,Socks,Clothing,29,Maine,L,Indigo,Winter,4.3,Yes,Next Day Air,Yes,Yes,16,Venmo,Bi-Weekly
915,52,Male,Jacket,Outerwear,41,Wisconsin,M,Beige,Summer,3.2,No,Standard,No,No,4,PayPal,Monthly
916,66,Male,Shirt,Clothing,82,Ohio,M,Orange,Winter,4.3,No,Store Pickup,No,No,37,Venmo,Annually
917,50,Female,Boots,Footwear,49,Missouri,L,Peach,Fall,4.5,No,Standard,No,No,10,Venmo,Annually
918,49,Female,Coat,Outerwear,94,Alaska,XL,Indigo,Spring,4.1,No,Free Shipping,Yes,Yes,5,Cash,Weekly
919,43,Male,Sandals,Footwear,29,North Carolina,L,Pink,Winter,4.9,No,Standard,Yes,Yes,32,Bank Transfer,Every 3 Months
920,62,Female,Gloves,Accessories,73,Florida,L,Olive,Fall,3.5,No,Express,No,No,15,PayPal,Fortnightly
921,49,Male,Jewelry,Accessories,31,Indiana,M,Charcoal,Summer,3.0,No,Standard,Yes,Yes,25,Bank Transfer,Bi-Weekly
922,42,Male,Jacket,Outerwear,21,Oregon,M,Violet,Summer,3.3,Yes,Express,Yes,Yes,47,PayPal,Annually
923,46,Male,Sweater,Clothing,93,Vermont,S,Silver,Summer,4.5,Yes,2-Day Shipping,No,No,46,Credit Card,Quarterly
924,40,Male,Sneakers,Footwear,67,Oregon,M,Gold,Winter,4.8,No,Free Shipping,Yes,Yes,44,Bank Transfer,Quarterly
925,52,Male,Sandals,Footwear,42,Ohio,L,Maroon,Winter,4.0,No,Express,No,No,2,Debit Card,Bi-Weekly
926,61,Male,Boots,Footwear,73,New Mexico,L,Yellow,Winter,3.0,Yes,Store Pickup,Yes,Yes,21,Cash,Weekly
927,67,Female,Hoodie,Clothing,60,Florida,L,Purple,Fall,4.2,No,Next Day Air,Yes,Yes,29,Debit Card,Bi-Weekly
928,59,Male,Handbag,Accessories,81,Pennsylvania,S,Turquoise,Fall,2.6,Yes,2-Day Shipping,No,No,11,Debit Card,Monthly
929,56,Female,Jeans,Clothing,38,Pennsylvania,L,Gray,Summer,5.0,Yes,Express,Yes,Yes,10,Bank Transfer,Quarterly
930,39,Female,Pants,Clothing,29,Wyoming,M,Maroon,Spring,4.8,No,Express,No,No,38,Credit Card,Fortnightly
931,50,Male,Skirt,Clothing,85,Illinois,L,Orange,Summer,4.2,No,Free Shipping,No,No,23,Bank Transfer,Fortnightly
932,29,Male,Hat,Accessories,55,Kansas,L,Pink,Spring,2.9,Yes,Express,Yes,Yes,10,Debit Card,Monthly
933,58,Female,Sweater,Clothing,89,New Mexico,M,Black,Spring,4.4,No,2-Day Shipping,Yes,Yes,18,Bank Transfer,Quarterly
934,54,Male,Boots,Footwear,83,Colorado,XL,Cyan,Summer,3.0,No,2-Day Shipping,Yes,Yes,45,PayPal,Annually
935,33,Male,Shorts,Clothing,87,Alaska,L,Peach,Spring,3.0,No,Express,Yes,Yes,39,Debit Card,Every 3 Months
936,66,Male,Blouse,Clothing,32,Kentucky,XL,Gray,Winter,4.2,No,Express,No,No,2,PayPal,Bi-Weekly
937,40,Female,Sneakers,Footwear,40,Alabama,S,Lavender,Spring,3.5,No,Next Day Air,Yes,Yes,29,PayPal,Monthly
938,30,Male,Shirt,Clothing,58,Pennsylvania,M,Gold,Summer,4.9,Yes,2-Day Shipping,No,No,49,Cash,Weekly
939,18,Male,Sweater,Clothing,38,Oregon,M,Silver,Winter,2.8,No,Express,Yes,Yes,2,PayPal,Annually
940,45,Male,Sneakers,Footwear,41,North Dakota,S,Charcoal,Spring,4.8,No,Free Shipping,Yes,Yes,15,PayPal,Every 3 Months
941,26,Male,Shorts,Clothing,47,Vermont,M,Silver,Winter,2.9,No,Store Pickup,No,No,6,Debit Card,Fortnightly
942,61,Male,Coat,Outerwear,37,West Virginia,XL,Teal,Winter,3.2,Yes,Free Shipping,No,No,38,Venmo,Fortnightly
943,55,Female,T-shirt,Clothing,35,Colorado,XL,Turquoise,Summer,4.3,No,2-Day Shipping,No,No,35,Credit Card,Annually
944,50,Female,Shoes,Footwear,66,South Carolina,S,Beige,Spring,3.0,Yes,Free Shipping,No,No,39,PayPal,Fortnightly
945,56,Male,Backpack,Accessories,65,Louisiana,L,Gold,Summer,4.2,No,Store Pickup,Yes,Yes,12,Credit Card,Every 3 Months
946,20,Male,Jacket,Outerwear,28,Colorado,M,Black,Summer,3.4,No,Express,No,No,3,Venmo,Fortnightly
947,58,Male,Pants,Clothing,90,Pennsylvania,XL,Green,Spring,2.8,No,Store Pickup,No,No,49,Debit Card,Annually
948,31,Female,Jacket,Outerwear,51,Ohio,L,Magenta,Winter,4.7,Yes,2-Day Shipping,No,No,3,Bank Transfer,Every 3 Months
949,63,Male,Sweater,Clothing,71,Nevada,M,Green,Winter,4.0,No,Store Pickup,Yes,Yes,22,Bank Transfer,Monthly
950,40,Female,Sunglasses,Accessories,26,Illinois,S,Beige,Winter,3.0,No,Store Pickup,No,No,12,Credit Card,Fortnightly
951,50,Male,Jewelry,Accessories,92,North Carolina,M,Maroon,Spring,3.5,No,Standard,No,No,49,Debit Card,Bi-Weekly
952,21,Male,Hat,Accessories,39,Missouri,M,Charcoal,Summer,3.6,No,2-Day Shipping,Yes,Yes,3,Credit Card,Monthly
953,70,Female,Jewelry,Accessories,44,Nevada,M,Charcoal,Winter,3.3,No,Next Day Air,Yes,Yes,5,Venmo,Weekly
954,40,Male,Gloves,Accessories,36,Massachusetts,S,Silver,Winter,3.7,No,Express,Yes,Yes,28,Bank Transfer,Quarterly
955,54,Female,Pants,Clothing,26,Kentucky,S,Lavender,Summer,3.5,No,Next Day Air,No,No,13,Debit Card,Annually
956,45,Male,Blouse,Clothing,52,West Virginia,M,Lavender,Fall,3.2,No,Store Pickup,Yes,Yes,32,Bank Transfer,Monthly
957,51,Male,Belt,Accessories,50,Michigan,S,Indigo,Winter,2.7,No,Free Shipping,Yes,Yes,24,Bank Transfer,Weekly
958,55,Female,Backpack,Accessories,37,Delaware,L,Brown,Winter,3.0,No,Express,No,No,3,Credit Card,Weekly
959,60,Male,Backpack,Accessories,22,Wyoming,M,Black,Winter,4.7,No,2-Day Shipping,No,No,46,PayPal,Monthly
960,21,Male,Jewelry,Accessories,60,Nevada,M,Peach,Fall,2.9,No,Standard,Yes,Yes,32,PayPal,Monthly
961,57,Male,Coat,Outerwear,96,Ohio,L,Teal,Winter,4.9,No,Next Day Air,No,No,6,Credit Card,Bi-Weekly
962,18,Male,T-shirt,Clothing,77,Rhode Island,M,Brown,Fall,4.5,Yes,Next Day Air,No,No,5,Credit Card,Quarterly
963,46,Male,Boots,Footwear,76,Illinois,L,Lavender,Winter,3.3,No,Free Shipping,Yes,Yes,30,PayPal,Quarterly
964,30,Male,Skirt,Clothing,86,Utah,M,Charcoal,Fall,,No,Next Day Air,No,No,6,Credit Card,Weekly
965,58,Male,Jewelry,Accessories,83,California,L,Lavender,Fall,4.1,Yes,Next Day Air,No,No,49,Bank Transfer,Every 3 Months
966,32,Male,Jacket,Outerwear,41,Missouri,M,Black,Winter,3.5,No,Express,Yes,Yes,15,Debit Card,Fortnightly
967,57,Male,Shorts,Clothing,31,Nebraska,M,Beige,Spring,4.6,Yes,Next Day Air,No,No,20,Debit Card,Quarterly
968,31,Male,Sandals,Footwear,91,Oregon,L,Gray,Winter,2.7,Yes,Free Shipping,Yes,Yes,24,Venmo,Quarterly
969,23,Male,Shirt,Clothing,74,California,S,Orange,Summer,4.7,No,Next Day Air,No,No,28,Debit Card,Bi-Weekly
970,44,Male,Skirt,Clothing,99,California,S,Beige,Winter,3.7,No,2-Day Shipping,No,No,30,Venmo,Quarterly
971,43,Male,Pants,Clothing,89,Idaho,M,Beige,Fall,2.7,Yes,Next Day Air,Yes,Yes,22,PayPal,Fortnightly
972,30,Female,Scarf,Accessories,98,New Mexico,M,Brown,Spring,4.1,No,Next Day Air,No,No,21,Debit Card,Monthly
973,43,Female,Dress,Clothing,69,Pennsylvania,L,Purple,Winter,4.5,Yes,Free Shipping,No,No,10,PayPal,Fortnightly
974,46,Male,Coat,Outerwear,70,Ohio,XL,Violet,Fall,3.4,No,Express,No,No,20,Cash,Every 3 Months
975,69,Male,Pants,Clothing,44,South Dakota,M,Indigo,Fall,3.3,No,Store Pickup,Yes,Yes,48,Cash,Weekly
976,20,Female,Shorts,Clothing,63,Oregon,S,Indigo,Winter,4.1,No,Free Shipping,Yes,Yes,18,Credit Card,Annually
977,43,Male,Sweater,Clothing,22,Idaho,M,Beige,Summer,2.6,No,2-Day Shipping,No,No,40,Debit Card,Weekly
978,46,Female,Hoodie,Clothing,86,Louisiana,S,Beige,Winter,4.3,No,Standard,No,No,23,Venmo,Monthly
979,32,Male,Dress,Clothing,40,Montana,M,Olive,Spring,3.6,No,2-Day Shipping,Yes,Yes,48,PayPal,Fortnightly
980,65,Female,Skirt,Clothing,46,Maine,M,Black,Winter,2.6,Yes,Standard,No,No,32,Venmo,Quarterly
981,31,Male,Jeans,Clothing,89,Kentucky,M,Silver,Fall,4.9,No,Standard,Yes,Yes,29,Debit Card,Every 3 Months
982,54,Male,Skirt,Clothing,20,Maryland,L,Indigo,Summer,4.0,Yes,2-Day Shipping,No,No,15,PayPal,Bi-Weekly
983,64,Female,Hat,Accessories,28,New Hampshire,M,Silver,Winter,4.7,Yes,Free Shipping,Yes,Yes,35,Credit Card,Fortnightly
984,54,Male,Shirt,Clothing,57,Kansas,S,Orange,Fall,2.7,No,Store Pickup,No,No,8,Debit Card,Every 3 Months
985,33,Female,Handbag,Accessories,25,West Virginia,XL,White,Summer,2.9,No,Next Day Air,No,No,10,Venmo,Weekly
986,62,Male,Dress,Clothing,31,Michigan,L,Teal,Winter,3.5,Yes,2-Day Shipping,Yes,Yes,37,Debit Card,Every 3 Months
987,52,Male,Socks,Clothing,73,Nebraska,M,Pink,Winter,2.5,No,Next Day Air,No,No,17,Credit Card,Fortnightly
988,55,Male,Shorts,Clothing,60,Utah,M,Blue,Spring,2.9,No,Store Pickup,No,No,39,Cash,Fortnightly
989,47,Male,Hoodie,Clothing,20,Arizona,S,Silver,Fall,3.5,No,Standard,Yes,Yes,31,Debit Card,Weekly
990,55,Male,Boots,Footwear,72,Florida,M,Violet,Summer,4.7,No,Standard,No,No,3,Venmo,Quarterly
991,25,Male,Belt,Accessories,39,Wisconsin,L,Teal,Spring,4.5,No,Standard,Yes,Yes,45,Bank Transfer,Every 3 Months
992,34,Male,T-shirt,Clothing,42,Idaho,S,Magenta,Winter,4.1,Yes,Store Pickup,Yes,Yes,20,Venmo,Every 3 Months
993,28,Male,Dress,Clothing,67,Montana,L,Pink,Summer,3.8,No,Free Shipping,Yes,Yes,14,Debit Card,Every 3 Months
994,33,Female,Sneakers,Footwear,100,Virginia,L,Brown,Summer,2.9,Yes,Express,Yes,Yes,1,Debit Card,Bi-Weekly
995,27,Female,Scarf,Accessories,34,South Dakota,M,Teal,Spring,4.9,No,2-Day Shipping,Yes,Yes,40,Bank Transfer,Monthly
996,46,Female,Hat,Accessories,37,Vermont,M,Green,Spring,5.0,No,Store Pickup,No,No,4,Debit Card,Every 3 Months
997,22,Female,Sneakers,Footwear,63,New Jersey,M,Orange,Fall,4.6,No,Next Day Air,No,No,31,Debit Card,Bi-Weekly
998,25,Male,Shirt,Clothing,82,Delaware,M,Magenta,Spring,3.5,Yes,2-Day Shipping,No,No,47,Cash,Bi-Weekly
999,60,Female,Scarf,Accessories,79,Georgia,M,Violet,Winter,4.4,No,Express,No,No,1,Venmo,Every 3 Months
1000,41,Male,Skirt,Clothing,23,Pennsylvania,XL,Pink,Winter,3.1,No,Store Pickup,No,No,38,Credit Card,Bi-Weekly
1001,46,Female,Sunglasses,Accessories,72,Rhode Island,M,Brown,Winter,4.4,Yes,Free Shipping,No,No,3,Cash,Monthly
1002,41,Female,Sweater,Clothing,70,Connecticut,L,Green,Summer,4.3,No,Store Pickup,No,No,46,Bank Transfer,Bi-Weekly
1003,54,Male,Belt,Accessories,22,Nebraska,L,Lavender,Fall,3.1,Yes,Standard,No,No,45,Credit Card,Weekly
1004,21,Male,Socks,Clothing,21,Ohio,XL,Purple,Spring,3.7,No,Free Shipping,No,No,38,Venmo,Weekly
1005,20,Male,Pants,Clothing,36,South Carolina,XL,Beige,Spring,4.5,Yes,Free Shipping,No,No,17,Credit Card,Quarterly
1006,59,Male,Scarf,Accessories,70,Alabama,L,Violet,Summer,4.1,Yes,Store Pickup,Yes,Yes,20,PayPal,Every 3 Months
1007,46,Male,Jacket,Outerwear,47,Florida,L,Brown,Spring,4.1,No,Express,No,No,49,Bank Transfer,Quarterly
1008,41,Male,Blouse,Clothing,25,New Jersey,L,White,Spring,4.3,No,Free Shipping,No,No,1,Debit Card,Every 3 Months
1009,27,Male,Socks,Clothing,84,Maine,M,Olive,Winter,4.6,No,Standard,Yes,Yes,9,Credit Card,Annually
1010,49,Female,Shirt,Clothing,89,Virginia,S,Turquoise,Winter,2.7,Yes,Free Shipping,Yes,Yes,29,PayPal,Every 3 Months
1011,35,Female,Scarf,Accessories,25,New Hampshire,S,Green,Summer,2.9,No,Express,Yes,Yes,35,Bank Transfer,Fortnightly
1012,35,Male,Boots,Footwear,98,Ohio,M,Magenta,Summer,3.8,No,Express,Yes,Yes,31,Credit Card,Annually
1013,50,Male,Dress,Clothing,66,Delaware,L,Beige,Summer,3.8,No,Standard,Yes,Yes,29,Venmo,Every 3 Months
1014,30,Male,Shirt,Clothing,61,Pennsylvania,M,Violet,Summer,4.3,No,Express,No,No,13,Venmo,Bi-Weekly
1015,40,Male,Skirt,Clothing,88,Wyoming,M,White,Spring,4.6,No,Store Pickup,Yes,Yes,40,Debit Card,Monthly
1016,25,Male,Coat,Outerwear,39,Florida,M,Teal,Summer,4.4,No,2-Day Shipping,Yes,Yes,21,Venmo,Bi-Weekly
1017,69,Male,T-shirt,Clothing,97,Oregon,L,Gray,Fall,2.7,Yes,2-Day Shipping,Yes,Yes,12,Venmo,Monthly
1018,48,Male,Socks,Clothing,49,West Virginia,L,Black,Spring,3.7,No,2-Day Shipping,No,No,42,Venmo,Monthly
1019,49,Male,Boots,Footwear,35,Colorado,M,Silver,Summer,5.0,Yes,Express,No,No,6,Bank Transfer,Fortnightly
1020,59,Male,Jacket,Outerwear,68,Alabama,L,Magenta,Fall,4.5,No,2-Day Shipping,No,No,49,Credit Card,Bi-Weekly
1021,44,Male,Boots,Footwear,48,New Hampshire,L,Purple,Spring,3.8,No,Next Day Air,No,No,29,PayPal,Quarterly
1022,64,Male,Shirt,Clothing,33,Arizona,M,Blue,Winter,2.7,No,Express,Yes,Yes,27,PayPal,Weekly
1023,33,Male,Socks,Clothing,53,Rhode Island,L,Blue,Summer,3.6,No,Free Shipping,Yes,Yes,34,Debit Card,Every 3 Months
1024,46,Male,Sunglasses,Accessories,78,South Carolina,S,Teal,Fall,3.5,No,Next Day Air,Yes,Yes,30,Bank Transfer,Fortnightly
1025,66,Female,Boots,Footwear,28,Maine,L,Red,Summer,3.8,No,Express,Yes,Yes,17,Cash,Annually
1026,20,Male,Scarf,Accessories,62,Iowa,L,Lavender,Summer,3.2,No,Express,Yes,Yes,33,Bank Transfer,Monthly
1027,43,Female,Skirt,Clothing,87,Missouri,M,Maroon,Winter,4.2,No,Free Shipping,Yes,Yes,42,Venmo,Fortnightly
1028,32,Male,Jewelry,Accessories,91,Nevada,S,Pink,Spring,4.3,No,2-Day Shipping,Yes,Yes,49,PayPal,Monthly
1029,49,Female,Boots,Footwear,92,Colorado,L,Green,Fall,3.6,Yes,Standard,Yes,Yes,33,Cash,Monthly
1030,48,Male,Gloves,Accessories,63,Kansas,L,Gold,Spring,2.9,No,Standard,No,No,5,Cash,Annually
1031,18,Male,Sunglasses,Accessories,24,Connecticut,L,Turquoise,Fall,3.2,No,Free Shipping,No,No,30,Cash,Quarterly
1032,61,Female,Jacket,Outerwear,21,North Dakota,M,Maroon,Fall,2.8,No,Standard,No,No,25,Venmo,Weekly
1033,59,Male,Jacket,Outerwear,71,Maine,M,Blue,Fall,4.3,No,Express,No,No,4,Cash,Every 3 Months
1034,36,Male,Boots,Footwear,68,Alaska,XL,Charcoal,Fall,3.4,No,Next Day Air,Yes,Yes,30,Debit Card,Weekly
1035,21,Male,Sunglasses,Accessories,39,Wisconsin,S,Purple,Fall,2.5,No,Free Shipping,No,No,1,PayPal,Weekly
1036,30,Female,Socks,Clothing,50,Florida,M,Beige,Summer,4.0,Yes,Store Pickup,Yes,Yes,18,Bank Transfer,Annually
1037,23,Male,Jeans,Clothing,65,Louisiana,M,Charcoal,Summer,3.3,No,Store Pickup,No,No,32,Venmo,Weekly
1038,18,Male,T-shirt,Clothing,63,Indiana,S,Orange,Fall,4.6,No,Express,No,No,13,Cash,Every 3 Months
1039,62,Female,Scarf,Accessories,60,Maine,S,Blue,Spring,3.2,No,Next Day Air,No,No,2,Debit Card,Every 3 Months
1040,49,Male,Sneakers,Footwear,95,Vermont,M,Beige,Fall,4.4,No,Standard,No,No,20,Credit Card,Monthly
1041,39,Male,Boots,Footwear,92,Mississippi,S,Beige,Winter,4.7,No,Express,No,No,16,Bank Transfer,Quarterly
1042,63,Male,Sneakers,Footwear,55,Arkansas,M,Magenta,Summer,3.0,No,Next Day Air,Yes,Yes,37,Bank Transfer,Fortnightly
1043,50,Male,Dress,Clothing,70,Delaware,S,Pink,Summer,3.2,Yes,Free Shipping,No,No,31,Bank Transfer,Weekly
1044,70,Male,Skirt,Clothing,46,Montana,M,Silver,Spring,3.5,No,Express,Yes,Yes,3,Venmo,Every 3 Months
1045,32,Male,Socks,Clothing,87,Oregon,XL,Red,Fall,4.1,Yes,Next Day Air,No,No,46,Venmo,Bi-Weekly
1046,25,Male,Backpack,Accessories,96,Rhode Island,M,White,Spring,4.5,No,2-Day Shipping,No,No,1,PayPal,Annually
1047,55,Male,Jacket,Outerwear,21,Alabama,XL,Indigo,Winter,3.5,No,Next Day Air,Yes,Yes,35,Credit Card,Fortnightly
1048,53,Female,Belt,Accessories,61,Hawaii,M,White,Fall,4.5,Yes,Express,Yes,Yes,31,Credit Card,Bi-Weekly
1049,64,Female,Sweater,Clothing,30,New Mexico,M,Lavender,Fall,3.4,No,Store Pickup,No,No,43,Venmo,Annually
1050,31,Male,Hoodie,Clothing,57,Virginia,M,Teal,Fall,3.0,No,Express,Yes,Yes,29,PayPal,Fortnightly
1051,50,Male,Sneakers,Footwear,47,South Dakota,L,Red,Spring,4.8,Yes,Free Shipping,No,No,21,Credit Card,Annually
1052,61,Male,Sneakers,Footwear,95,Oregon,M,Gray,Summer,3.8,Yes,Express,Yes,Yes,14,Debit Card,Annually
1053,59,Male,Boots,Footwear,76,South Carolina,L,Peach,Fall,2.8,Yes,Free Shipping,Yes,Yes,44,Cash,Weekly
1054,37,Male,Hoodie,Clothing,47,Texas,L,Blue,Spring,2.6,Yes,Next Day Air,No,No,37,Bank Transfer,Annually
1055,18,Female,Jeans,Clothing,61,New Hampshire,S,Cyan,Spring,4.8,No,Next Day Air,No,No,15,Cash,Quarterly
1056,66,Male,Scarf,Accessories,41,Illinois,L,Silver,Spring,3.5,Yes,Free Shipping,Yes,Yes,14,Bank Transfer,Every 3 Months
1057,64,Male,Coat,Outerwear,65,Indiana,M,Beige,Summer,4.7,No,Store Pickup,No,No,17,Cash,Fortnightly
1058,26,Male,Hoodie,Clothing,34,New Hampshire,M,Orange,Spring,3.2,No,Standard,No,No,30,Credit Card,Monthly
1059,38,Male,Jeans,Clothing,83,Wyoming,L,Indigo,Summer,4.4,No,Express,No,No,49,Cash,Quarterly
1060,61,Female,Blouse,Clothing,97,Nebraska,L,Yellow,Summer,5.0,No,Store Pickup,No,No,13,Cash,Every 3 Months
1061,48,Female,Shirt,Clothing,65,Maine,M,Magenta,Spring,4.4,No,Next Day Air,No,No,48,PayPal,Quarterly
1062,50,Male,T-shirt,Clothing,86,Kentucky,L,Magenta,Summer,5.0,No,Free Shipping,No,No,35,Venmo,Annually
1063,42,Female,Shoes,Footwear,97,Massachusetts,M,Black,Spring,3.1,No,Next Day Air,No,No,37,Bank Transfer,Bi-Weekly
1064,20,Female,Backpack,Accessories,87,South Carolina,M,Pink,Winter,3.0,No,Standard,Yes,Yes,13,Credit Card,Annually
1065,64,Male,Gloves,Accessories,80,Nebraska,M,Purple,Summer,3.2,No,2-Day Shipping,No,No,44,PayPal,Quarterly
1066,49,Male,Sweater,Clothing,83,Kansas,L,Brown,Fall,2.7,No,Express,No,No,45,Bank Transfer,Every 3 Months
1067,65,Female,Shorts,Clothing,64,Nebraska,S,Teal,Spring,2.9,No,Free Shipping,No,No,11,Cash,Annually
1068,21,Male,Sneakers,Footwear,83,Wisconsin,M,Indigo,Winter,2.8,No,Standard,No,No,2,Debit Card,Annually
1069,32,Male,Backpack,Accessories,28,Connecticut,M,Purple,Winter,,No,Free Shipping,Yes,Yes,14,Bank Transfer,Annually
1070,68,Female,Shirt,Clothing,44,Arizona,M,Violet,Spring,3.4,Yes,2-Day Shipping,No,No,8,Credit Card,Fortnightly
1071,67,Male,Backpack,Accessories,88,North Carolina,M,Silver,Winter,3.1,No,Express,Yes,Yes,27,Cash,Every 3 Months
1072,60,Female,Jacket,Outerwear,25,Wyoming,S,Red,Winter,4.0,No,Free Shipping,Yes,Yes,30,Debit Card,Monthly
1073,52,Male,Socks,Clothing,57,New York,L,Beige,Fall,3.4,No,Next Day Air,Yes,Yes,25,Credit Card,Annually
1074,56,Male,Jacket,Outerwear,46,Minnesota,L,Brown,Fall,3.1,Yes,Express,No,No,32,Venmo,Bi-Weekly
1075,45,Male,Shorts,Clothing,73,Ohio,S,Purple,Summer,4.8,No,Free Shipping,Yes,Yes,4,Cash,Fortnightly
1076,52,Female,Socks,Clothing,42,Washington,M,Teal,Winter,4.6,No,Standard,No,No,22,Venmo,Monthly
1077,40,Male,Coat,Outerwear,20,Oregon,M,Green,Fall,3.0,No,Standard,Yes,Yes,40,Venmo,Monthly
1078,69,Female,Jacket,Outerwear,60,Mississippi,M,Magenta,Winter,4.5,No,Free Shipping,Yes,Yes,36,Cash,Weekly
1079,49,Male,Dress,Clothing,34,Iowa,M,Magenta,Winter,4.8,No,Free Shipping,Yes,Yes,33,Bank Transfer,Every 3 Months
1080,63,Female,Handbag,Accessories,62,West Virginia,L,Teal,Summer,4.2,No,Next Day Air,No,No,40,Credit Card,Every 3 Months
1081,43,Female,Hat,Accessories,60,Connecticut,L,Brown,Fall,3.7,No,Free Shipping,No,No,24,Bank Transfer,Every 3 Months
1082,51,Male,Socks,Clothing,52,Nebraska,L,Violet,Summer,4.0,Yes,Express,No,No,35,PayPal,Monthly
1083,52,Female,Sandals,Footwear,64,Mississippi,L,Olive,Spring,4.7,No,Store Pickup,No,No,46,Credit Card,Fortnightly
1084,33,Male,Gloves,Accessories,37,Minnesota,M,Pink,Winter,2.9,Yes,Free Shipping,No,No,4,Cash,Quarterly
1085,65,Male,Dress,Clothing,96,Florida,L,Blue,Winter,2.6,No,Store Pickup,No,No,28,Cash,Monthly
1086,57,Male,Handbag,Accessories,51,Colorado,S,Olive,Spring,2.8,Yes,2-Day Shipping,Yes,Yes,12,Bank Transfer,Weekly
1087,32,Male,Hat,Accessories,45,Texas,S,Gold,Winter,4.7,No,2-Day Shipping,No,No,18,Debit Card,Fortnightly
1088,27,Male,Backpack,Accessories,43,Washington,M,Pink,Spring,2.9,No,2-Day Shipping,No,No,26,Debit Card,Bi-Weekly
1089,53,Male,Hat,Accessories,27,Connecticut,M,Violet,Summer,4.8,No,Next Day Air,No,No,3,Bank Transfer,Quarterly
1090,56,Male,Backpack,Accessories,51,Wisconsin,L,Cyan,Winter,4.6,No,Free Shipping,Yes,Yes,49,Bank Transfer,Weekly
1091,39,Male,Dress,Clothing,86,Iowa,L,White,Spring,3.5,No,Free Shipping,No,No,41,PayPal,Every 3 Months
1092,59,Male,Pants,Clothing,66,South Carolina,S,Yellow,Winter,3.7,Yes,Express,Yes,Yes,25,Debit Card,Every 3 Months
1093,24,Female,Jeans,Clothing,59,Massachusetts,M,Olive,Fall,3.0,Yes,Next Day Air,Yes,Yes,6,Cash,Fortnightly
1094,45,Female,Backpack,Accessories,71,Pennsylvania,XL,Magenta,Spring,4.7,No,2-Day Shipping,Yes,Yes,48,Venmo,Weekly
1095,51,Male,Shorts,Clothing,80,Missouri,M,Red,Winter,4.0,No,2-Day Shipping,Yes,Yes,33,Credit Card,Quarterly
1096,66,Male,Sandals,Footwear,50,New Jersey,XL,Black,Summer,3.8,No,Express,No,No,48,Bank Transfer,Weekly
1097,48,Male,Jacket,Outerwear,27,Nebraska,S,Red,Winter,4.1,No,2-Day Shipping,No,No,33,Venmo,Fortnightly
1098,56,Male,Shirt,Clothing,48,Alabama,M,Black,Summer,3.8,No,Next Day Air,Yes,Yes,11,PayPal,Weekly
1099,23,Female,Shirt,Clothing,83,New Jersey,XL,Lavender,Winter,3.5,Yes,2-Day Shipping,Yes,Yes,27,Debit Card,Fortnightly
1100,24,Male,Shirt,Clothing,21,Alabama,L,Brown,Fall,2.6,Yes,Store Pickup,Yes,Yes,39,Cash,Fortnightly
1101,57,Female,Gloves,Accessories,52,Arizona,M,Brown,Spring,3.7,No,Next Day Air,Yes,Yes,2,Venmo,Every 3 Months
1102,51,Male,Shoes,Footwear,81,Kansas,M,Orange,Fall,3.3,No,2-Day Shipping,No,No,14,Debit Card,Annually
1103,32,Male,Jewelry,Accessories,66,Alaska,L,Yellow,Summer,4.8,Yes,Express,No,No,29,Venmo,Annually
1104,27,Female,Sweater,Clothing,84,Iowa,S,Magenta,Spring,2.6,Yes,Next Day Air,Yes,Yes,44,Debit Card,Monthly
1105,32,Male,Handbag,Accessories,81,Utah,M,Yellow,Spring,2.7,No,Free Shipping,Yes,Yes,6,Bank Transfer,Monthly
1106,45,Female,Shirt,Clothing,22,South Carolina,XL,Silver,Summer,3.0,No,Free Shipping,Yes,Yes,44,PayPal,Weekly
1107,31,Male,Hat,Accessories,79,Iowa,M,Orange,Spring,4.2,No,2-Day Shipping,Yes,Yes,11,Debit Card,Every 3 Months
1108,45,Male,Sweater,Clothing,40,Michigan,XL,Brown,Winter,3.0,No,Free Shipping,No,No,24,Venmo,Weekly
1109,50,Female,Jewelry,Accessories,45,Maine,L,Gray,Summer,5.0,Yes,Next Day Air,No,No,17,Bank Transfer,Monthly
1110,45,Male,Handbag,Accessories,93,Virginia,S,Blue,Winter,4.2,No,Next Day Air,No,No,44,Credit Card,Weekly
1111,20,Male,Scarf,Accessories,43,Kansas,M,Olive,Winter,3.8,No,Store Pickup,No,No,18,Credit Card,Annually
1112,38,Male,Scarf,Accessories,58,New York,L,Cyan,Spring,3.3,No,Standard,Yes,Yes,11,Cash,Bi-Weekly
1113,33,Male,Belt,Accessories,46,Hawaii,M,White,Winter,3.9,No,Next Day Air,No,No,46,Venmo,Bi-Weekly
1114,68,Male,Sunglasses,Accessories,44,Connecticut,L,Peach,Winter,3.4,No,2-Day Shipping,No,No,30,Cash,Monthly
1115,23,Female,Dress,Clothing,27,Pennsylvania,S,Brown,Winter,4.9,No,Next Day Air,No,No,30,Cash,Fortnightly
1116,41,Female,Scarf,Accessories,79,Illinois,S,Peach,Fall,4.8,No,Next Day Air,Yes,Yes,25,Credit Card,Bi-Weekly
1117,22,Male,Sunglasses,Accessories,93,New Mexico,S,Beige,Winter,3.6,No,Store Pickup,No,No,15,Credit Card,Quarterly
1118,42,Male,Sunglasses,Accessories,36,Oregon,M,Pink,Summer,4.4,No,Standard,No,No,15,PayPal,Every 3 Months
1119,46,Female,Hoodie,Clothing,37,Tennessee,M,Magenta,Summer,3.8,Yes,Next Day Air,No,No,10,Venmo,Annually
1120,26,Male,Hoodie,Clothing,90,Nevada,L,Orange,Spring,2.6,No,Express,No,No,20,PayPal,Fortnightly
1121,69,Female,Coat,Outerwear,29,Indiana,XL,Cyan,Summer,3.6,No,Next Day Air,Yes,Yes,12,Credit Card,Every 3 Months
1122,69,Male,Sandals,Footwear,100,Alaska,L,Silver,Winter,4.7,Yes,2-Day Shipping,Yes,Yes,20,Venmo,Quarterly
1123,54,Female,Jacket,Outerwear,45,Pennsylvania,M,Cyan,Winter,4.5,No,2-Day Shipping,No,No,16,Bank Transfer,Quarterly
1124,62,Male,Belt,Accessories,63,Montana,S,Beige,Winter,3.2,No,Free Shipping,No,No,29,Debit Card,Monthly
1125,50,Female,Shoes,Footwear,80,Indiana,S,Magenta,Winter,3.0,No,Standard,No,No,14,Cash,Monthly
1126,26,Female,Shoes,Footwear,100,Massachusetts,S,Olive,Winter,4.1,Yes,Express,No,No,7,Bank Transfer,Monthly
1127,18,Female,Gloves,Accessories,95,Georgia,S,Gray,Summer,3.3,Yes,Next Day Air,Yes,Yes,40,Credit Card,Monthly
1128,35,Male,Sandals,Footwear,24,Idaho,L,Yellow,Summer,3.7,No,Free Shipping,No,No,47,Debit Card,Bi-Weekly
1129,70,Female,Boots,Footwear,59,New Mexico,L,Turquoise,Summer,3.6,Yes,Store Pickup,Yes,Yes,23,Bank Transfer,Weekly
1130,53,Male,Shorts,Clothing,81,Michigan,M,Purple,Spring,4.0,No,Store Pickup,No,No,13,Credit Card,Fortnightly
1131,35,Male,Skirt,Clothing,78,Illinois,L,White,Fall,3.5,No,2-Day Shipping,No,No,30,Venmo,Every 3 Months
1132,63,Male,Shorts,Clothing,75,Iowa,M,Turquoise,Summer,2.8,No,Free Shipping,Yes,Yes,23,PayPal,Every 3 Months
1133,54,Male,Handbag,Accessories,40,Oregon,M,Turquoise,Winter,3.6,No,2-Day Shipping,Yes,Yes,28,Debit Card,Weekly
1134,64,Male,Scarf,Accessories,69,Alabama,XL,White,Spring,4.6,No,2-Day Shipping,Yes,Yes,50,Cash,Bi-Weekly
1135,22,Female,Belt,Accessories,36,Wisconsin,XL,Red,Summer,4.4,No,Standard,No,No,46,Credit Card,Every 3 Months
1136,49,Male,Shoes,Footwear,100,Arizona,M,Black,Spring,4.2,No,Next Day Air,Yes,Yes,35,Credit Card,Annually
1137,26,Male,Shoes,Footwear,78,Idaho,S,Pink,Summer,3.6,No,Next Day Air,No,No,8,PayPal,Quarterly
1138,68,Male,Blouse,Clothing,47,Mississippi,L,Indigo,Winter,3.4,Yes,2-Day Shipping,Yes,Yes,36,Debit Card,Annually
1139,51,Female,T-shirt,Clothing,68,Wyoming,M,Olive,Summer,3.3,Yes,Standard,No,No,36,Debit Card,Quarterly
1140,37,Male,Sandals,Footwear,26,Oklahoma,M,Green,Fall,3.5,No,Next Day Air,Yes,Yes,2,Bank Transfer,Quarterly
1141,40,Male,Handbag,Accessories,37,Maine,M,Brown,Summer,2.5,No,Store Pickup,No,No,11,Debit Card,Weekly
1142,26,Female,Pants,Clothing,67,South Carolina,M,Green,Fall,4.6,No,2-Day Shipping,Yes,Yes,41,PayPal,Annually
1143,42,Male,Belt,Accessories,41,New Hampshire,M,Charcoal,Spring,3.2,No,2-Day Shipping,Yes,Yes,7,Debit Card,Annually
1144,32,Male,Sweater,Clothing,86,New Mexico,L,Charcoal,Winter,4.9,No,Standard,No,No,19,Bank Transfer,Annually
1145,46,Male,Hat,Accessories,39,South Carolina,XL,Violet,Summer,2.9,No,Next Day Air,No,No,37,Venmo,Bi-Weekly
1146,21,Male,Jacket,Outerwear,88,Utah,M,Blue,Summer,2.5,No,Next Day Air,No,No,42,Cash,Bi-Weekly
1147,36,Female,Skirt,Clothing,22,West Virginia,M,Yellow,Spring,3.6,No,Free Shipping,Yes,Yes,28,PayPal,Weekly
1148,70,Male,Sneakers,Footwear,95,Iowa,L,Magenta,Winter,2.8,No,Store Pickup,No,No,20,PayPal,Monthly
1149,51,Male,Handbag,Accessories,38,Utah,M,Gold,Winter,3.3,No,Free Shipping,Yes,Yes,34,Cash,Every 3 Months
1150,58,Male,Coat,Outerwear,37,Mississippi,M,White,Fall,4.1,Yes,Standard,Yes,Yes,7,Venmo,Fortnightly
1151,59,Male,Boots,Footwear,67,Rhode Island,M,Pink,Winter,2.9,No,Store Pickup,No,No,40,Credit Card,Annually
1152,30,Male,Hoodie,Clothing,54,New York,S,Pink,Fall,4.8,No,Free Shipping,Yes,Yes,14,Venmo,Fortnightly
1153,53,Male,Jewelry,Accessories,71,Utah,L,Violet,Summer,4.6,Yes,Standard,Yes,Yes,11,Venmo,Fortnightly
1154,42,Female,Sandals,Footwear,36,New Jersey,S,Maroon,Winter,4.0,Yes,Store Pickup,No,No,37,Debit Card,Every 3 Months
1155,51,Male,Socks,Clothing,86,Arizona,S,Magenta,Fall,3.9,No,Free Shipping,No,No,4,PayPal,Every 3 Months
1156,37,Male,Gloves,Accessories,73,Oklahoma,M,Charcoal,Fall,3.4,Yes,2-Day Shipping,Yes,Yes,16,Credit Card,Weekly
1157,61,Male,Pants,Clothing,40,Montana,M,Magenta,Fall,2.8,No,2-Day Shipping,No,No,5,Bank Transfer,Fortnightly
1158,42,Female,Socks,Clothing,33,Delaware,M,Green,Fall,3.7,No,Express,Yes,Yes,9,Bank Transfer,Fortnightly
1159,33,Female,Pants,Clothing,53,Wyoming,S,Red,Winter,5.0,No,Express,Yes,Yes,27,Venmo,Monthly
1160,70,Male,T-shirt,Clothing,86,West Virginia,L,Lavender,Fall,2.9,No,Standard,Yes,Yes,42,Venmo,Monthly
1161,53,Female,Jacket,Outerwear,24,Texas,S,Purple,Spring,,No,Store Pickup,No,No,30,Venmo,Fortnightly
1162,49,Male,T-shirt,Clothing,31,Maryland,L,Green,Winter,4.2,No,Free Shipping,No,No,28,Cash,Annually
1163,44,Female,Dress,Clothing,79,Oregon,M,Purple,Fall,3.4,No,Standard,Yes,Yes,40,PayPal,Fortnightly
1164,25,Male,Handbag,Accessories,80,New Mexico,L,Pink,Summer,4.4,Yes,Free Shipping,No,No,19,Venmo,Fortnightly
1165,70,Male,Belt,Accessories,60,New York,M,Red,Spring,3.0,No,Express,No,No,27,PayPal,Quarterly
1166,61,Female,Coat,Outerwear,71,Alaska,M,Silver,Summer,4.4,Yes,2-Day Shipping,No,No,13,Credit Card,Every 3 Months
1167,67,Male,Backpack,Accessories,84,Ohio,M,Pink,Fall,4.2,No,Free Shipping,No,No,36,Cash,Fortnightly
1168,45,Female,Sneakers,Footwear,72,Colorado,L,Lavender,Summer,3.2,Yes,Free Shipping,Yes,Yes,18,Bank Transfer,Annually
1169,48,Male,Shirt,Clothing,26,Virginia,L,Teal,Fall,3.1,Yes,Free Shipping,No,No,28,Cash,Weekly
1170,37,Male,Scarf,Accessories,98,Indiana,M,Maroon,Spring,4.2,No,2-Day Shipping,No,No,27,Debit Card,Annually
1171,19,Male,T-shirt,Clothing,34,Colorado,M,Beige,Winter,4.5,Yes,Standard,No,No,24,Bank Transfer,Monthly
1172,49,Female,Sneakers,Footwear,96,Florida,M,Beige,Spring,3.9,Yes,Store Pickup,Yes,Yes,20,Debit Card,Weekly
1173,45,Male,Hat,Accessories,57,Maryland,M,Pink,Summer,3.6,Yes,2-Day Shipping,No,No,4,PayPal,Every 3 Months
1174,62,Female,Skirt,Clothing,20,Texas,S,Green,Winter,4.1,Yes,Free Shipping,Yes,Yes,3,Debit Card,Weekly
1175,47,Female,Shoes,Footwear,89,Indiana,M,Beige,Summer,4.7,No,Next Day Air,Yes,Yes,33,Venmo,Weekly
1176,48,Male,Belt,Accessories,76,South Dakota,S,Pink,Winter,3.6,No,Next Day Air,No,No,45,Credit Card,Every 3 Months
1177,51,Male,Hat,Accessories,92,North Carolina,M,Maroon,Fall,3.7,No,Free Shipping,No,No,22,Credit Card,Bi-Weekly
1178,62,Female,Hoodie,Clothing,24,Rhode Island,L,Turquoise,Winter,3.7,No,Next Day Air,No,No,25,Bank Transfer,Fortnightly
1179,54,Male,Shoes,Footwear,93,Louisiana,S,Peach,Spring,4.6,Yes,2-Day Shipping,Yes,Yes,47,PayPal,Bi-Weekly
1180,52,Male,Gloves,Accessories,87,Rhode Island,M,Lavender,Spring,4.0,No,Free Shipping,No,No,26,Credit Card,Every 3 Months
1181,69,Male,Shoes,Footwear,36,New Mexico,L,Orange,Spring,4.1,Yes,Free Shipping,No,No,1,Venmo,Annually
1182,40,Male,Pants,Clothing,97,Utah,M,Black,Winter,2.9,Yes,Next Day Air,No,No,11,Venmo,Quarterly
1183,53,Male,Jewelry,Accessories,91,Connecticut,M,Pink,Summer,3.9,No,Express,No,No,39,Venmo,Weekly
1184,29,Male,T-shirt,Clothing,85,Wisconsin,L,Silver,Spring,5.0,No,Express,No,No,36,Cash,Every 3 Months
1185,31,Female,Hat,Accessories,25,Rhode Island,M,Red,Fall,3.7,No,2-Day Shipping,No,No,49,Debit Card,Weekly
1186,49,Female,Handbag,Accessories,75,Illinois,M,Blue,Spring,3.3,No,2-Day Shipping,Yes,Yes,6,Credit Card,Every 3 Months
1187,34,Male,Sandals,Footwear,76,Louisiana,L,Orange,Summer,4.1,No,Next Day Air,No,No,50,Credit Card,Every 3 Months
1188,26,Male,Coat,Outerwear,81,Montana,XL,Gold,Summer,3.5,No,Store Pickup,Yes,Yes,20,Venmo,Annually
1189,44,Male,Hoodie,Clothing,85,Pennsylvania,XL,White,Winter,4.5,No,Next Day Air,Yes,Yes,10,Bank Transfer,Annually
1190,50,Female,Sneakers,Footwear,98,Rhode Island,S,Orange,Spring,4.8,Yes,Store Pickup,No,No,31,Bank Transfer,Bi-Weekly
1191,18,Male,Hoodie,Clothing,29,Nebraska,M,Olive,Summer,3.5,No,Express,Yes,Yes,37,Debit Card,Weekly
1192,30,Male,T-shirt,Clothing,48,New York,M,Red,Fall,3.9,Yes,Free Shipping,Yes,Yes,10,Cash,Annually
1193,29,Female,Socks,Clothing,20,Virginia,M,Indigo,Winter,4.6,No,Express,No,No,43,Credit Card,Fortnightly
1194,70,Male,Shorts,Clothing,44,Iowa,M,Red,Summer,3.5,Yes,Free Shipping,No,No,21,PayPal,Every 3 Months
1195,69,Male,Shoes,Footwear,36,Montana,M,Brown,Fall,4.2,No,Standard,Yes,Yes,42,Debit Card,Every 3 Months
1196,36,Male,Handbag,Accessories,95,Missouri,L,Gold,Spring,3.9,No,Store Pickup,Yes,Yes,10,PayPal,Monthly
1197,67,Male,Blouse,Clothing,60,Tennessee,L,Yellow,Spring,3.8,No,2-Day Shipping,Yes,Yes,50,Cash,Every 3 Months
1198,70,Female,Sandals,Footwear,81,Illinois,XL,Orange,Summer,3.4,No,2-Day Shipping,Yes,Yes,34,PayPal,Quarterly
1199,29,Male,Coat,Outerwear,82,California,M,White,Spring,3.4,Yes,Express,No,No,12,Cash,Annually
1200,47,Male,Sunglasses,Accessories,45,New Hampshire,M,Silver,Summer,5.0,No,Next Day Air,Yes,Yes,44,Cash,Annually
1201,35,Male,Belt,Accessories,90,Connecticut,S,Orange,Summer,3.1,Yes,Express,Yes,Yes,2,Credit Card,Annually
1202,29,Female,Boots,Footwear,94,Missouri,M,Silver,Fall,5.0,No,Free Shipping,No,No,4,Credit Card,Weekly
1203,70,Male,Dress,Clothing,96,Oregon,M,Green,Spring,4.1,No,Next Day Air,Yes,Yes,38,PayPal,Annually
1204,25,Female,Coat,Outerwear,93,Idaho,XL,White,Winter,5.0,Yes,2-Day Shipping,Yes,Yes,17,Credit Card,Annually
1205,62,Female,Socks,Clothing,85,New York,M,Magenta,Spring,4.6,Yes,Next Day Air,No,No,19,Cash,Monthly
1206,62,Female,T-shirt,Clothing,46,Pennsylvania,S,Black,Fall,4.3,No,Store Pickup,No,No,36,PayPal,Bi-Weekly
1207,24,Male,Sneakers,Footwear,100,South Carolina,M,Black,Fall,2.7,No,Store Pickup,No,No,10,Credit Card,Monthly
1208,57,Male,Socks,Clothing,49,Utah,XL,Blue,Winter,3.3,Yes,Store Pickup,No,No,11,Debit Card,Annually
1209,27,Male,Hoodie,Clothing,93,Connecticut,S,Purple,Winter,4.9,Yes,Store Pickup,No,No,36,Venmo,Annually
1210,49,Female,Belt,Accessories,90,Hawaii,M,Purple,Winter,4.0,Yes,Next Day Air,No,No,6,Bank Transfer,Every 3 Months
1211,67,Female,T-shirt,Clothing,42,Washington,M,Blue,Winter,3.9,Yes,2-Day Shipping,No,No,13,Credit Card,Every 3 Months
1212,53,Male,Socks,Clothing,82,Massachusetts,L,White,Winter,3.3,No,Store Pickup,No,No,17,Bank Transfer,Fortnightly
1213,35,Female,Hoodie,Clothing,44,Montana,M,Indigo,Spring,3.4,No,Next Day Air,No,No,40,Venmo,Every 3 Months
1214,62,Female,Jeans,Clothing,56,Nevada,M,Orange,Spring,4.3,No,Express,No,No,14,PayPal,Weekly
1215,50,Female,Backpack,Accessories,84,Massachusetts,L,Yellow,Spring,2.9,No,Standard,No,No,8,Cash,Fortnightly
1216,66,Female,Sunglasses,Accessories,94,Tennessee,M,Violet,Spring,3.9,No,Next Day Air,No,No,39,Credit Card,Fortnightly
1217,47,Female,Pants,Clothing,47,North Dakota,M,Red,Fall,2.9,Yes,Next Day Air,Yes,Yes,10,Credit Card,Quarterly
1218,48,Female,Sandals,Footwear,40,Nevada,S,White,Spring,4.0,Yes,Express,Yes,Yes,48,PayPal,Every 3 Months
1219,70,Male,Jeans,Clothing,37,South Carolina,S,Olive,Summer,2.6,Yes,Express,No,No,32,Bank Transfer,Fortnightly
1220,60,Male,Blouse,Clothing,65,Pennsylvania,S,Purple,Spring,2.6,No,Free Shipping,No,No,1,Cash,Quarterly
1221,23,Female,Sneakers,Footwear,74,Illinois,M,Beige,Summer,3.0,Yes,Standard,No,No,16,Venmo,Fortnightly
1222,66,Male,Socks,Clothing,68,Idaho,XL,Gold,Summer,3.8,No,Free Shipping,No,No,44,PayPal,Quarterly
1223,27,Male,Hoodie,Clothing,29,Alabama,L,Red,Winter,4.4,No,Express,No,No,9,Debit Card,Annually
1224,49,Female,Jeans,Clothing,24,Tennessee,M,Beige,Winter,3.0,No,Next Day Air,No,No,20,Cash,Annually
1225,47,Male,T-shirt,Clothing,88,Idaho,M,Yellow,Summer,3.3,No,Next Day Air,Yes,Yes,28,Credit Card,Every 3 Months
1226,31,Male,Skirt,Clothing,39,West Virginia,S,Peach,Fall,3.4,No,Express,No,No,3,Bank Transfer,Weekly
1227,36,Female,Dress,Clothing,94,Delaware,L,Olive,Summer,3.3,Yes,2-Day Shipping,No,No,40,Cash,Every 3 Months
1228,33,Male,Shirt,Clothing,54,Louisiana,XL,Charcoal,Fall,,No,Standard,No,No,23,Venmo,Every 3 Months
1229,53,Female,Hoodie,Clothing,59,California,M,Yellow,Summer,3.6,No,2-Day Shipping,No,No,49,PayPal,Quarterly
1230,44,Female,Hat,Accessories,88,Michigan,M,Olive,Winter,4.2,No,Next Day Air,No,No,4,Bank Transfer,Bi-Weekly
1231,64,Male,Socks,Clothing,92,Washington,S,Purple,Summer,3.8,No,2-Day Shipping,Yes,Yes,35,PayPal,Weekly
1232,18,Male,Shorts,Clothing,96,Ohio,M,Indigo,Winter,2.9,No,Free Shipping,No,No,18,Venmo,Weekly
1233,45,Male,Hoodie,Clothing,32,Maryland,M,Blue,Winter,3.3,Yes,Free Shipping,No,No,15,Venmo,Annually
1234,33,Female,Pants,Clothing,46,Connecticut,M,Gray,Spring,2.8,No,Next Day Air,No,No,47,Debit Card,Monthly
1235,44,Male,Jeans,Clothing,44,Oklahoma,L,Blue,Summer,4.9,No,Free Shipping,Yes,Yes,49,Cash,Monthly
1236,42,Male,Sunglasses,Accessories,21,Delaware,M,Yellow,Spring,3.7,Yes,Next Day Air,Yes,Yes,21,Venmo,Fortnightly
1237,57,Female,Shoes,Footwear,28,Montana,M,Pink,Spring,3.1,No,Free Shipping,Yes,Yes,48,Cash,Bi-Weekly
1238,29,Male,Sneakers,Footwear,30,South Carolina,XL,Lavender,Fall,4.9,No,2-Day Shipping,No,No,17,Cash,Bi-Weekly
1239,50,Male,Belt,Accessories,51,New Jersey,M,Black,Summer,3.8,No,Next Day Air,Yes,Yes,22,Debit Card,Fortnightly
1240,60,Female,Sandals,Footwear,37,Hawaii,M,Gold,Fall,4.4,Yes,Free Shipping,No,No,11,Bank Transfer,Monthly
1241,34,Male,Boots,Footwear,98,Delaware,M,Green,Spring,4.9,No,Standard,Yes,Yes,32,Cash,Quarterly
1242,43,Male,Jewelry,Accessories,48,Delaware,S,Lavender,Fall,3.7,Yes,Store Pickup,No,No,35,PayPal,Weekly
1243,69,Male,Sandals,Footwear,46,Nebraska,S,Orange,Summer,4.0,Yes,Express,No,No,24,Venmo,Bi-Weekly
1244,54,Male,T-shirt,Clothing,21,Massachusetts,XL,Green,Summer,3.1,Yes,Standard,No,No,10,Debit Card,Weekly
1245,28,Male,Handbag,Accessories,52,Nevada,L,Silver,Spring,4.9,Yes,Express,No,No,39,Debit Card,Weekly
1246,39,Female,Gloves,Accessories,67,Illinois,S,Gray,Fall,2.7,No,Next Day Air,No,No,27,Venmo,Quarterly
1247,47,Male,Backpack,Accessories,33,Connecticut,S,Indigo,Fall,3.9,Yes,2-Day Shipping,No,No,17,Credit Card,Weekly
1248,44,Male,Handbag,Accessories,33,Michigan,S,Gray,Spring,2.6,Yes,Store Pickup,No,No,9,Debit Card,Every 3 Months
1249,54,Male,Shorts,Clothing,33,Kentucky,M,Peach,Spring,3.4,No,Free Shipping,Yes,Yes,36,PayPal,Bi-Weekly
1250,65,Male,Boots,Footwear,99,Minnesota,L,Cyan,Fall,2.9,No,Standard,Yes,Yes,42,Cash,Weekly
1251,66,Female,Sweater,Clothing,57,Montana,L,Pink,Fall,4.0,No,Express,Yes,Yes,30,Bank Transfer,Bi-Weekly
1252,46,Male,Hoodie,Clothing,29,Pennsylvania,M,Red,Winter,4.9,Yes,Store Pickup,Yes,Yes,24,Venmo,Annually
1253,69,Male,Hat,Accessories,50,Minnesota,S,Lavender,Winter,2.8,No,Next Day Air,Yes,Yes,3,Bank Transfer,Annually
1254,59,Male,Sandals,Footwear,94,California,L,Lavender,Winter,2.8,No,Standard,Yes,Yes,11,Bank Transfer,Monthly
1255,57,Female,Skirt,Clothing,95,Utah,S,Magenta,Fall,3.7,No,Express,Yes,Yes,16,Debit Card,Every 3 Months
1256,56,Male,Sunglasses,Accessories,92,Texas,S,Violet,Spring,2.8,Yes,Free Shipping,No,No,2,PayPal,Every 3 Months
1257,23,Male,Shorts,Clothing,92,Idaho,M,Teal,Spring,3.4,No,2-Day Shipping,Yes,Yes,43,Credit Card,Quarterly
1258,62,Male,T-shirt,Clothing,26,Delaware,M,Maroon,Spring,3.9,No,Express,No,No,27,Debit Card,Quarterly
1259,23,Female,Pants,Clothing,32,Texas,M,Beige,Winter,3.8,Yes,Standard,Yes,Yes,21,PayPal,Monthly
1260,18,Female,Sunglasses,Accessories,65,Georgia,L,Gray,Spring,3.1,No,Express,No,No,21,Credit Card,Quarterly
1261,66,Female,Skirt,Clothing,54,Maine,XL,Maroon,Fall,3.7,No,Standard,Yes,Yes,12,PayPal,Annually
1262,69,Male,Boots,Footwear,26,Delaware,M,Violet,Spring,4.5,No,Standard,No,No,22,Credit Card,Weekly
1263,34,Male,Shirt,Clothing,51,Hawaii,S,Green,Fall,4.7,No,Next Day Air,No,No,3,Bank Transfer,Every 3 Months
1264,63,Female,Dress,Clothing,42,Texas,M,Peach,Winter,4.9,No,Next Day Air,No,No,30,Credit Card,Annually
1265,31,Female,Shorts,Clothing,47,Nebraska,L,Beige,Summer,3.2,No,Express,No,No,7,Bank Transfer,Every 3 Months
1266,38,Male,Socks,Clothing,39,Wisconsin,XL,Indigo,Winter,2.8,No,Next Day Air,No,No,33,Credit Card,Weekly
1267,48,Female,Jacket,Outerwear,21,Delaware,M,Teal,Winter,3.9,No,Free Shipping,No,No,26,Bank Transfer,Monthly
1268,24,Male,Jacket,Outerwear,45,Colorado,M,Red,Winter,4.8,No,Free Shipping,No,No,42,PayPal,Bi-Weekly
1269,65,Male,Boots,Footwear,82,Minnesota,M,Teal,Summer,3.2,No,Free Shipping,No,No,12,Debit Card,Annually
1270,53,Male,Sweater,Clothing,87,North Dakota,S,Gold,Spring,4.5,No,Express,Yes,Yes,17,Debit Card,Quarterly
1271,42,Male,Boots,Footwear,91,Kentucky,L,Gold,Fall,3.6,Yes,Next Day Air,Yes,Yes,16,PayPal,Fortnightly
1272,28,Female,Skirt,Clothing,97,Maine,L,Brown,Summer,5.0,No,2-Day Shipping,No,No,35,Bank Transfer,Bi-Weekly
1273,59,Female,Shirt,Clothing,84,Indiana,M,Peach,Summer,4.0,No,Next Day Air,Yes,Yes,38,Debit Card,Annually
1274,19,Male,Scarf,Accessories,52,New Hampshire,S,Gold,Winter,4.2,Yes,Next Day Air,No,No,22,Debit Card,Fortnightly
1275,29,Female,Blouse,Clothing,21,Missouri,S,Blue,Summer,4.9,No,Express,No,No,30,Venmo,Every 3 Months
1276,44,Male,Blouse,Clothing,35,Wyoming,L,Beige,Spring,4.0,No,Standard,No,No,14,Bank Transfer,Every 3 Months
1277,45,Male,Coat,Outerwear,60,Vermont,M,Maroon,Spring,4.8,No,Store Pickup,Yes,Yes,25,Debit Card,Every 3 Months
1278,35,Male,T-shirt,Clothing,36,Delaware,L,Maroon,Summer,3.4,No,Express,No,No,8,Cash,Quarterly
1279,31,Male,Boots,Footwear,62,North Carolina,S,Red,Spring,3.1,Yes,Store Pickup,No,No,30,Cash,Weekly
1280,36,Male,T-shirt,Clothing,52,Michigan,L,Lavender,Fall,4.3,No,Next Day Air,No,No,47,Cash,Weekly
1281,63,Male,Pants,Clothing,51,Kansas,L,Peach,Winter,2.8,No,Free Shipping,No,No,48,Bank Transfer,Every 3 Months
1282,62,Male,Gloves,Accessories,70,Arizona,S,Gold,Winter,,No,Store Pickup,Yes,Yes,39,PayPal,Monthly
1283,66,Male,Shirt,Clothing,47,Maryland,XL,Maroon,Summer,4.5,No,Store Pickup,No,No,5,Cash,Weekly
1284,40,Male,Pants,Clothing,83,Wisconsin,M,Violet,Spring,4.6,Yes,Express,No,No,31,Credit Card,Annually
1285,65,Female,Sweater,Clothing,56,Pennsylvania,L,Green,Spring,4.0,No,Express,Yes,Yes,42,Venmo,Annually
1286,54,Female,Skirt,Clothing,23,Wyoming,M,Gray,Spring,3.3,No,2-Day Shipping,Yes,Yes,45,Bank Transfer,Weekly
1287,39,Male,Sweater,Clothing,90,Delaware,M,Orange,Summer,4.8,Yes,Express,No,No,50,PayPal,Quarterly
1288,52,Male,Jeans,Clothing,51,Arizona,L,Olive,Winter,4.8,No,Store Pickup,Yes,Yes,6,PayPal,Bi-Weekly
1289,49,Female,Jacket,Outerwear,77,North Carolina,M,Gray,Winter,4.1,No,Express,Yes,Yes,50,Credit Card,Fortnightly
1290,50,Male,Boots,Footwear,73,Massachusetts,L,White,Fall,4.4,No,Store Pickup,Yes,Yes,23,Venmo,Every 3 Months
1291,49,Male,Handbag,Accessories,90,Georgia,S,Green,Spring,4.1,No,Store Pickup,No,No,11,Venmo,Quarterly
1292,27,Male,Hoodie,Clothing,60,Maine,L,Beige,Winter,3.4,No,Store Pickup,No,No,36,PayPal,Every 3 Months
1293,64,Male,Belt,Accessories,83,Minnesota,S,Gold,Summer,3.5,No,2-Day Shipping,Yes,Yes,25,Venmo,Annually
1294,54,Female,Backpack,Accessories,64,Wisconsin,L,Teal,Fall,4.4,No,Standard,Yes,Yes,13,PayPal,Monthly
1295,44,Male,Jewelry,Accessories,37,Colorado,L,Beige,Fall,4.6,No,Free Shipping,No,No,31,Venmo,Annually
1296,69,Female,Pants,Clothing,91,Florida,XL,Charcoal,Summer,2.7,Yes,Free Shipping,No,No,33,Credit Card,Quarterly
1297,36,Male,Blouse,Clothing,87,Iowa,M,Gray,Summer,4.6,No,Standard,Yes,Yes,27,Debit Card,Quarterly
1298,29,Female,T-shirt,Clothing,80,Virginia,M,Cyan,Spring,3.2,No,Free Shipping,Yes,Yes,32,Cash,Annually
1299,33,Male,T-shirt,Clothing,35,Maryland,L,Blue,Fall,4.6,No,Express,Yes,Yes,32,Cash,Annually
1300,23,Female,Sneakers,Footwear,51,South Dakota,L,Gray,Summer,3.0,No,Free Shipping,Yes,Yes,47,Debit Card,Weekly
1301,67,Male,Scarf,Accessories,24,South Dakota,M,Charcoal,Winter,2.8,Yes,Standard,Yes,Yes,8,Venmo,Fortnightly
1302,34,Female,Handbag,Accessories,33,Virginia,XL,Orange,Fall,4.1,No,Express,No,No,13,PayPal,Monthly
1303,31,Male,Shoes,Footwear,99,Michigan,M,Magenta,Summer,2.5,No,2-Day Shipping,Yes,Yes,46,Venmo,Weekly
1304,57,Male,Gloves,Accessories,51,Oregon,M,Brown,Winter,2.9,No,Express,No,No,16,Debit Card,Every 3 Months
1305,33,Female,Jeans,Clothing,90,Wyoming,L,Silver,Fall,2.6,No,Next Day Air,Yes,Yes,13,PayPal,Weekly
1306,30,Male,Blouse,Clothing,54,Tennessee,M,Cyan,Fall,4.7,No,Express,No,No,24,Cash,Annually
1307,60,Male,Coat,Outerwear,83,Rhode Island,L,Maroon,Spring,4.2,No,Standard,Yes,Yes,34,Venmo,Monthly
1308,68,Female,Jeans,Clothing,46,Washington,M,Blue,Fall,2.5,No,2-Day Shipping,No,No,11,Credit Card,Weekly
1309,55,Female,Hoodie,Clothing,55,Oklahoma,M,Cyan,Spring,2.7,No,Store Pickup,No,No,8,Credit Card,Every 3 Months
1310,53,Male,Scarf,Accessories,77,Arkansas,L,Lavender,Winter,3.0,No,Next Day Air,Yes,Yes,29,Debit Card,Every 3 Months
1311,55,Male,Sandals,Footwear,75,Maryland,L,Yellow,Spring,4.7,Yes,Store Pickup,No,No,43,Debit Card,Bi-Weekly
1312,38,Male,Sandals,Footwear,38,Colorado,M,Red,Spring,4.3,No,Store Pickup,Yes,Yes,37,Venmo,Weekly
1313,61,Male,Sunglasses,Accessories,37,Alabama,L,Purple,Summer,2.6,No,Standard,No,No,50,Debit Card,Fortnightly
1314,53,Male,Jewelry,Accessories,70,Mississippi,L,Olive,Spring,4.7,Yes,2-Day Shipping,Yes,Yes,16,Debit Card,Annually
1315,57,Male,Sweater,Clothing,81,Colorado,M,Charcoal,Fall,2.6,No,Next Day Air,No,No,2,Debit Card,Monthly
1316,60,Male,T-shirt,Clothing,97,Wyoming,M,Gray,Summer,3.8,Yes,Express,Yes,Yes,17,Cash,Weekly
1317,53,Male,Scarf,Accessories,93,Utah,L,Olive,Spring,4.7,Yes,Next Day Air,No,No,11,Bank Transfer,Fortnightly
1318,52,Male,Skirt,Clothing,29,South Dakota,S,Indigo,Winter,3.4,No,Standard,No,No,12,Credit Card,Quarterly
1319,60,Female,Boots,Footwear,52,Idaho,S,Orange,Fall,2.6,Yes,Next Day Air,Yes,Yes,26,Cash,Fortnightly
1320,38,Male,Skirt,Clothing,57,California,S,Green,Winter,4.8,Yes,Next Day Air,No,No,13,PayPal,Quarterly
1321,30,Female,Blouse,Clothing,73,Texas,L,Purple,Winter,4.1,No,Store Pickup,No,No,29,Bank Transfer,Fortnightly
1322,65,Male,Coat,Outerwear,53,California,M,Charcoal,Fall,4.0,Yes,Free Shipping,No,No,21,Bank Transfer,Quarterly
1323,42,Male,Sweater,Clothing,47,Washington,S,Peach,Summer,3.0,No,2-Day Shipping,Yes,Yes,17,Debit Card,Every 3 Months
1324,61,Male,Scarf,Accessories,66,Montana,M,Beige,Winter,4.9,No,Standard,No,No,25,Credit Card,Every 3 Months
1325,21,Male,Jeans,Clothing,23,Illinois,M,Black,Spring,3.5,No,2-Day Shipping,No,No,49,Cash,Every 3 Months
1326,36,Female,Coat,Outerwear,48,Nebraska,M,Black,Winter,4.0,Yes,2-Day Shipping,No,No,3,Venmo,Annually
1327,34,Female,Jeans,Clothing,35,Delaware,M,White,Spring,3.3,No,2-Day Shipping,Yes,Yes,15,Debit Card,Bi-Weekly
1328,52,Male,Scarf,Accessories,54,Vermont,M,Pink,Fall,4.2,Yes,Free Shipping,No,No,23,PayPal,Annually
1329,53,Female,Sneakers,Footwear,26,Oregon,M,Teal,Summer,4.9,No,Next Day Air,No,No,7,Cash,Bi-Weekly
1330,30,Male,Shorts,Clothing,25,Missouri,XL,Brown,Spring,2.9,No,Express,Yes,Yes,14,Bank Transfer,Every 3 Months
1331,62,Female,Blouse,Clothing,96,Iowa,S,Charcoal,Fall,2.9,No,Free Shipping,No,No,38,Venmo,Annually
1332,36,Male,Shorts,Clothing,29,West Virginia,S,Silver,Spring,4.1,Yes,Next Day Air,Yes,Yes,31,Venmo,Bi-Weekly
1333,64,Male,Sweater,Clothing,25,Delaware,S,Beige,Summer,4.4,No,2-Day Shipping,No,No,48,Credit Card,Weekly
1334,25,Male,Jewelry,Accessories,44,New Mexico,M,Cyan,Spring,3.3,No,Express,Yes,Yes,32,Venmo,Fortnightly
1335,48,Male,Gloves,Accessories,61,Florida,M,Charcoal,Winter,4.4,No,2-Day Shipping,Yes,Yes,41,Venmo,Fortnightly
1336,21,Female,Boots,Footwear,74,Kentucky,S,Olive,Fall,2.9,No,2-Day Shipping,No,No,13,Venmo,Every 3 Months
1337,53,Male,Belt,Accessories,29,Tennessee,S,Teal,Summer,2.8,No,Free Shipping,Yes,Yes,22,PayPal,Annually
1338,33,Male,Scarf,Accessories,82,Arkansas,M,Yellow,Spring,3.5,Yes,Next Day Air,Yes,Yes,22,Cash,Weekly
1339,39,Male,Dress,Clothing,30,Oklahoma,M,Pink,Spring,2.9,No,Store Pickup,No,No,20,Debit Card,Quarterly
1340,20,Male,T-shirt,Clothing,57,Wyoming,M,Indigo,Summer,3.7,No,Express,Yes,Yes,16,Cash,Weekly
1341,55,Male,Jacket,Outerwear,50,Wisconsin,L,Blue,Spring,4.4,No,Express,No,No,15,Bank Transfer,Every 3 Months
1342,33,Male,Coat,Outerwear,89,Montana,L,Magenta,Fall,2.6,Yes,Express,No,No,14,Bank Transfer,Annually
1343,30,Male,Dress,Clothing,36,Alaska,L,Turquoise,Summer,3.2,No,2-Day Shipping,No,No,32,Cash,Bi-Weekly
1344,61,Male,Sandals,Footwear,99,Wyoming,L,Purple,Fall,4.5,Yes,Next Day Air,No,No,16,Bank Transfer,Annually
1345,62,Male,Handbag,Accessories,99,Wisconsin,S,Cyan,Spring,4.6,No,2-Day Shipping,No,No,6,Credit Card,Every 3 Months
1346,19,Male,Shirt,Clothing,87,Utah,S,Violet,Summer,4.2,Yes,Next Day Air,No,No,22,Credit Card,Bi-Weekly
1347,20,Male,Shorts,Clothing,44,Kentucky,L,Gold,Summer,3.5,No,Next Day Air,Yes,Yes,20,Debit Card,Annually
1348,48,Male,Belt,Accessories,68,Alaska,M,Red,Summer,3.1,No,Free Shipping,Yes,Yes,22,Credit Card,Annually
1349,70,Male,Jacket,Outerwear,70,Iowa,S,Indigo,Summer,4.9,No,Express,Yes,Yes,15,Bank Transfer,Every 3 Months
1350,22,Male,Coat,Outerwear,82,Kansas,M,Teal,Winter,2.7,No,Express,No,No,2,Venmo,Bi-Weekly
1351,19,Female,Socks,Clothing,63,Georgia,S,Orange,Spring,4.5,No,Standard,No,No,25,PayPal,Every 3 Months
1352,25,Male,T-shirt,Clothing,43,Alaska,M,Black,Winter,3.5,No,Next Day Air,Yes,Yes,28,Cash,Annually
1353,51,Male,Skirt,Clothing,38,Maine,M,Olive,Winter,2.5,No,Next Day Air,No,No,33,Bank Transfer,Quarterly
1354,48,Male,Pants,Clothing,47,Indiana,XL,Yellow,Fall,4.2,Yes,Free Shipping,Yes,Yes,19,Debit Card,Bi-Weekly
1355,65,Male,Coat,Outerwear,61,New York,M,Brown,Winter,4.5,No,Store Pickup,No,No,37,Cash,Quarterly
1356,25,Female,Jeans,Clothing,38,Maryland,M,Brown,Spring,4.8,Yes,Express,Yes,Yes,50,Debit Card,Fortnightly
1357,26,Male,Sandals,Footwear,55,Minnesota,M,Gray,Summer,3.6,Yes,Free Shipping,No,No,1,PayPal,Bi-Weekly
1358,45,Male,Jeans,Clothing,44,Texas,XL,Gray,Fall,4.2,No,Store Pickup,Yes,Yes,33,Bank Transfer,Every 3 Months
1359,50,Male,Coat,Outerwear,83,South Dakota,M,Gray,Summer,4.6,No,Next Day Air,No,No,17,Credit Card,Quarterly
1360,31,Male,Handbag,Accessories,82,Ohio,M,Cyan,Summer,4.2,No,Next Day Air,Yes,Yes,23,Cash,Fortnightly
1361,33,Male,Sandals,Footwear,89,Tennessee,XL,Green,Winter,3.7,Yes,Standard,No,No,25,Debit Card,Bi-Weekly
1362,66,Male,Scarf,Accessories,25,Kansas,S,Orange,Fall,3.9,No,Store Pickup,Yes,Yes,4,Debit Card,Monthly
1363,68,Female,Shoes,Footwear,83,Mississippi,M,Maroon,Winter,3.8,No,Express,No,No,25,Bank Transfer,Every 3 Months
1364,36,Female,Pants,Clothing,76,Nevada,M,Black,Fall,3.4,Yes,Next Day Air,No,No,3,Credit Card,Weekly
1365,24,Male,Shirt,Clothing,43,New York,XL,Violet,Summer,4.1,Yes,Express,Yes,Yes,21,PayPal,Bi-Weekly
1366,63,Female,Shirt,Clothing,92,Florida,M,White,Fall,2.7,No,Next Day Air,Yes,Yes,39,PayPal,Annually
1367,65,Male,Sandals,Footwear,21,Alaska,L,Green,Summer,3.8,No,Express,Yes,Yes,46,Credit Card,Weekly
1368,50,Male,Boots,Footwear,74,Hawaii,M,Cyan,Spring,3.9,Yes,Standard,No,No,27,PayPal,Quarterly
1369,41,Male,Backpack,Accessories,20,Alaska,M,Pink,Summer,4.0,Yes,Express,Yes,Yes,17,PayPal,Every 3 Months
1370,44,Male,Handbag,Accessories,77,Hawaii,XL,Yellow,Fall,3.2,No,Express,No,No,36,Credit Card,Quarterly
1371,61,Female,Socks,Clothing,57,Georgia,XL,Yellow,Winter,4.6,No,Store Pickup,No,No,14,Bank Transfer,Quarterly
1372,38,Female,Jacket,Outerwear,65,Ohio,M,Turquoise,Winter,4.6,No,Free Shipping,No,No,16,Credit Card,Bi-Weekly
1373,48,Male,Jewelry,Accessories,63,Connecticut,L,Teal,Summer,3.5,Yes,Express,Yes,Yes,40,Credit Card,Annually
1374,42,Male,Sunglasses,Accessories,31,Tennessee,M,Lavender,Winter,4.5,Yes,Next Day Air,Yes,Yes,5,PayPal,Annually
1375,44,Female,Boots,Footwear,31,Maine,L,Pink,Summer,4.3,No,Next Day Air,No,No,3,Bank Transfer,Fortnightly
1376,31,Female,Socks,Clothing,67,Kansas,S,Green,Winter,4.0,Yes,Standard,Yes,Yes,25,Venmo,Every 3 Months
1377,37,Male,Scarf,Accessories,43,Vermont,M,Lavender,Fall,2.7,No,Next Day Air,Yes,Yes,5,Debit Card,Monthly
1378,54,Female,Handbag,Accessories,97,Vermont,L,Maroon,Summer,3.3,No,Standard,No,No,32,Credit Card,Annually
1379,35,Female,Jewelry,Accessories,36,Ohio,M,Beige,Summer,4.0,No,2-Day Shipping,No,No,29,Cash,Quarterly
1380,37,Female,Socks,Clothing,78,Washington,M,Teal,Winter,2.8,Yes,Free Shipping,No,No,11,Debit Card,Every 3 Months
1381,22,Male,Gloves,Accessories,31,Nebraska,L,Olive,Summer,4.9,Yes,2-Day Shipping,Yes,Yes,41,PayPal,Weekly
1382,51,Male,Sneakers,Footwear,90,Oregon,M,White,Spring,2.7,No,Free Shipping,No,No,3,Debit Card,Annually
1383,52,Male,Jewelry,Accessories,41,West Virginia,M,White,Spring,3.6,No,2-Day Shipping,Yes,Yes,31,Bank Transfer,Weekly
1384,69,Male,Shirt,Clothing,82,Idaho,M,White,Winter,4.7,No,Standard,No,No,23,Debit Card,Annually
1385,26,Female,Jacket,Outerwear,89,Missouri,S,Maroon,Fall,3.1,No,Free Shipping,Yes,Yes,22,PayPal,Weekly
1386,25,Male,Blouse,Clothing,57,Indiana,M,Yellow,Spring,3.6,Yes,Standard,No,No,29,Debit Card,Fortnightly
1387,42,Male,Skirt,Clothing,21,Nevada,L,Beige,Fall,4.8,Yes,Express,Yes,Yes,23,Bank Transfer,Quarterly
1388,20,Male,Sandals,Footwear,96,Wisconsin,M,Black,Spring,4.9,Yes,Express,Yes,Yes,34,Credit Card,Bi-Weekly
1389,64,Female,Scarf,Accessories,54,Mississippi,L,Purple,Summer,4.8,No,Free Shipping,Yes,Yes,25,Bank Transfer,Bi-Weekly
1390,24,Male,Shorts,Clothing,76,West Virginia,M,Orange,Spring,2.6,Yes,Store Pickup,No,No,42,Cash,Bi-Weekly
1391,54,Female,Shoes,Footwear,59,Hawaii,M,Gray,Spring,4.7,No,Standard,Yes,Yes,35,Bank Transfer,Fortnightly
1392,21,Male,Gloves,Accessories,42,Alaska,M,Purple,Winter,3.9,No,Express,No,No,45,Venmo,Every 3 Months
1393,33,Male,Dress,Clothing,95,New Mexico,S,Charcoal,Fall,3.0,No,Next Day Air,Yes,Yes,11,Credit Card,Fortnightly
1394,21,Male,Socks,Clothing,29,Connecticut,M,Indigo,Spring,2.6,No,2-Day Shipping,No,No,12,Credit Card,Fortnightly
1395,30,Male,Shoes,Footwear,23,Indiana,M,Beige,Winter,2.9,Yes,Express,No,No,1,Venmo,Weekly
1396,33,Male,Sandals,Footwear,35,Montana,XL,White,Fall,4.9,No,Next Day Air,No,No,43,Bank Transfer,Annually
1397,30,Male,T-shirt,Clothing,53,West Virginia,M,Teal,Fall,4.2,No,2-Day Shipping,Yes,Yes,36,Debit Card,Fortnightly
1398,38,Female,Hat,Accessories,35,Maine,M,Brown,Winter,3.1,No,Standard,Yes,Yes,12,Cash,Every 3 Months
1399,19,Male,Gloves,Accessories,94,California,M,Olive,Spring,3.4,Yes,Free Shipping,Yes,Yes,8,Cash,Bi-Weekly
1400,54,Male,Blouse,Clothing,79,Maryland,L,Blue,Fall,3.8,No,Store Pickup,Yes,Yes,24,Venmo,Every 3 Months
1401,45,Male,T-shirt,Clothing,93,Idaho,XL,Charcoal,Summer,2.9,No,Next Day Air,No,No,19,Credit Card,Bi-Weekly
1402,29,Male,Sweater,Clothing,84,New Hampshire,M,Lavender,Fall,4.2,Yes,Standard,Yes,Yes,1,Credit Card,Weekly
1403,34,Female,Coat,Outerwear,66,West Virginia,L,Brown,Winter,4.1,No,2-Day Shipping,No,No,6,Bank Transfer,Bi-Weekly
1404,42,Female,Hat,Accessories,38,Arizona,M,White,Fall,3.7,No,Standard,No,No,1,PayPal,Quarterly
1405,26,Female,Blouse,Clothing,42,Florida,XL,Pink,Spring,4.6,No,Free Shipping,No,No,35,PayPal,Every 3 Months
1406,65,Female,Shoes,Footwear,78,Pennsylvania,L,Lavender,Fall,3.7,No,2-Day Shipping,Yes,Yes,23,Credit Card,Fortnightly
1407,19,Male,Gloves,Accessories,27,Delaware,L,Red,Spring,3.7,No,Standard,Yes,Yes,26,Debit Card,Annually
1408,45,Male,T-shirt,Clothing,62,Idaho,M,Charcoal,Fall,2.7,No,Free Shipping,Yes,Yes,8,Bank Transfer,Monthly
1409,68,Female,Hoodie,Clothing,57,Ohio,L,Magenta,Fall,2.9,No,Express,No,No,48,Credit Card,Fortnightly
1410,43,Female,T-shirt,Clothing,44,Iowa,S,Indigo,Summer,4.4,No,Express,Yes,Yes,23,Cash,Annually
1411,53,Female,Socks,Clothing,25,Wisconsin,M,Red,Summer,4.6,No,Next Day Air,Yes,Yes,20,Venmo,Weekly
1412,44,Female,Sweater,Clothing,79,Louisiana,M,Purple,Summer,3.1,No,Store Pickup,Yes,Yes,7,Debit Card,Monthly
1413,21,Female,Blouse,Clothing,23,Montana,M,Olive,Fall,3.7,Yes,2-Day Shipping,Yes,Yes,35,Venmo,Annually
1414,51,Male,Shoes,Footwear,100,Maryland,S,Cyan,Spring,2.7,No,Free Shipping,Yes,Yes,3,PayPal,Quarterly
1415,44,Male,Backpack,Accessories,86,Washington,XL,Cyan,Winter,2.5,No,Next Day Air,No,No,6,Credit Card,Annually
1416,26,Male,Belt,Accessories,21,South Carolina,S,Olive,Fall,3.6,No,Standard,Yes,Yes,16,PayPal,Every 3 Months
1417,58,Male,Coat,Outerwear,65,Pennsylvania,M,Turquoise,Summer,3.7,No,Store Pickup,No,No,50,Venmo,Fortnightly
1418,44,Male,Belt,Accessories,68,Nevada,M,Beige,Fall,4.5,No,Store Pickup,Yes,Yes,17,Credit Card,Quarterly
1419,68,Male,Coat,Outerwear,42,Nevada,S,Red,Spring,4.7,No,Store Pickup,Yes,Yes,18,Venmo,Quarterly
1420,65,Male,Shoes,Footwear,38,Nevada,M,Olive,Winter,2.8,No,Standard,No,No,16,PayPal,Monthly
1421,65,Male,Gloves,Accessories,23,Pennsylvania,M,Turquoise,Spring,4.1,Yes,Express,Yes,Yes,18,Cash,Quarterly
1422,37,Male,Hat,Accessories,26,North Dakota,XL,Beige,Summer,3.7,Yes,Next Day Air,No,No,8,Bank Transfer,Bi-Weekly
1423,51,Female,Boots,Footwear,44,Utah,M,Gold,Spring,4.1,Yes,2-Day Shipping,No,No,37,Debit Card,Monthly
1424,62,Female,Hat,Accessories,66,Florida,S,Beige,Fall,4.1,No,Express,No,No,36,Cash,Weekly
1425,66,Female,Boots,Footwear,38,Maryland,M,Charcoal,Spring,3.6,Yes,Store Pickup,No,No,15,Debit Card,Annually
1426,59,Female,Shorts,Clothing,65,Mississippi,XL,Green,Winter,3.2,No,Next Day Air,No,No,29,Cash,Quarterly
1427,53,Male,Blouse,Clothing,24,Wyoming,M,Gold,Spring,4.9,No,Express,Yes,Yes,37,PayPal,Quarterly
1428,56,Male,Skirt,Clothing,64,Oregon,XL,Turquoise,Summer,4.9,No,Free Shipping,No,No,43,Debit Card,Quarterly
1429,63,Male,Coat,Outerwear,73,Rhode Island,L,Maroon,Winter,3.0,No,Free Shipping,Yes,Yes,8,PayPal,Every 3 Months
1430,23,Male,Boots,Footwear,28,Nebraska,S,Magenta,Summer,3.1,No,Next Day Air,Yes,Yes,35,Cash,Fortnightly
1431,25,Female,Socks,Clothing,61,Oregon,L,Silver,Fall,3.9,No,Store Pickup,No,No,14,Venmo,Quarterly
1432,40,Male,Shirt,Clothing,74,Texas,M,Brown,Fall,3.2,No,Next Day Air,No,No,45,Cash,Fortnightly
1433,33,Female,T-shirt,Clothing,90,Rhode Island,M,Yellow,Fall,4.6,Yes,Next Day Air,Yes,Yes,24,Venmo,Annually
1434,21,Female,Coat,Outerwear,63,North Carolina,XL,Brown,Spring,4.8,No,Standard,No,No,9,Debit Card,Every 3 Months
1435,37,Male,Gloves,Accessories,40,Nebraska,M,Charcoal,Winter,4.8,No,2-Day Shipping,Yes,Yes,31,Debit Card,Monthly
1436,69,Female,Coat,Outerwear,79,Hawaii,L,Olive,Winter,3.9,Yes,2-Day Shipping,Yes,Yes,41,PayPal,Monthly
1437,30,Male,Belt,Accessories,48,Kansas,L,Pink,Winter,,No,Standard,Yes,Yes,37,Debit Card,Monthly
1438,54,Male,Belt,Accessories,86,Indiana,M,Black,Fall,3.1,No,Store Pickup,No,No,5,Credit Card,Bi-Weekly
1439,49,Male,Scarf,Accessories,78,New Hampshire,M,Charcoal,Spring,3.2,No,2-Day Shipping,No,No,9,PayPal,Bi-Weekly
1440,31,Male,Sandals,Footwear,100,Michigan,M,Indigo,Winter,3.8,No,Next Day Air,No,No,18,Cash,Monthly
1441,54,Male,Sneakers,Footwear,84,Maine,M,Cyan,Summer,4.2,No,Next Day Air,No,No,4,Debit Card,Weekly
1442,61,Male,Shorts,Clothing,36,Pennsylvania,M,Magenta,Fall,4.5,No,2-Day Shipping,No,No,1,Cash,Monthly
1443,65,Female,Jewelry,Accessories,76,Kentucky,M,Olive,Fall,4.8,Yes,Standard,No,No,49,Venmo,Every 3 Months
1444,21,Male,Jacket,Outerwear,96,Mississippi,S,Teal,Fall,2.6,No,Free Shipping,Yes,Yes,19,Debit Card,Weekly
1445,51,Male,Scarf,Accessories,66,Arizona,XL,Gold,Spring,4.8,No,Next Day Air,Yes,Yes,33,Venmo,Bi-Weekly
1446,39,Female,Sneakers,Footwear,58,Vermont,M,Pink,Winter,3.9,No,Store Pickup,Yes,Yes,48,Venmo,Quarterly
1447,68,Male,Hat,Accessories,63,Alabama,M,Green,Winter,2.7,No,Standard,No,No,49,PayPal,Monthly
1448,18,Female,Boots,Footwear,36,Mississippi,M,Gray,Summer,2.6,No,Standard,No,No,8,Credit Card,Annually
1449,54,Female,Jeans,Clothing,43,West Virginia,M,Silver,Winter,4.0,No,Standard,No,No,4,Credit Card,Every 3 Months
1450,39,Male,Dress,Clothing,44,Wyoming,M,Maroon,Spring,3.6,No,2-Day Shipping,Yes,Yes,4,Venmo,Every 3 Months
1451,35,Male,Blouse,Clothing,38,Nebraska,M,Charcoal,Fall,3.3,Yes,Store Pickup,Yes,Yes,3,Credit Card,Bi-Weekly
1452,59,Male,Sweater,Clothing,86,Oregon,L,Silver,Winter,4.5,No,Free Shipping,No,No,11,Cash,Quarterly
1453,66,Male,Socks,Clothing,57,Tennessee,S,Magenta,Fall,3.1,No,Standard,Yes,Yes,18,Debit Card,Every 3 Months
1454,19,Male,Coat,Outerwear,94,Wyoming,S,Purple,Winter,3.5,No,Free Shipping,Yes,Yes,14,Venmo,Every 3 Months
1455,49,Male,Coat,Outerwear,49,New Jersey,L,Magenta,Winter,5.0,Yes,2-Day Shipping,No,No,31,PayPal,Quarterly
1456,34,Male,Sweater,Clothing,71,Montana,S,Indigo,Summer,3.9,No,Standard,No,No,43,Credit Card,Every 3 Months
1457,46,Female,Shoes,Footwear,34,Idaho,XL,Brown,Winter,2.9,No,Store Pickup,No,No,37,Bank Transfer,Monthly
1458,27,Male,Scarf,Accessories,60,Oregon,M,Maroon,Fall,3.4,Yes,Store Pickup,Yes,Yes,1,Debit Card,Bi-Weekly
1459,26,Female,Sneakers,Footwear,51,Georgia,M,Purple,Fall,4.2,No,Free Shipping,No,No,21,Credit Card,Annually
1460,34,Female,Shorts,Clothing,82,Maryland,M,Cyan,Fall,4.2,No,Next Day Air,No,No,19,Cash,Weekly
1461,41,Male,Boots,Footwear,26,West Virginia,L,Black,Spring,5.0,No,Standard,No,No,7,Bank Transfer,Monthly
1462,64,Male,Shirt,Clothing,76,Louisiana,L,White,Summer,2.8,No,2-Day Shipping,No,No,1,Venmo,Monthly
1463,33,Male,Handbag,Accessories,49,Illinois,S,Black,Winter,,No,Store Pickup,Yes,Yes,21,Credit Card,Fortnightly
1464,42,Male,T-shirt,Clothing,63,Arizona,M,Purple,Winter,3.1,Yes,Standard,No,No,22,PayPal,Fortnightly
1465,31,Female,Shirt,Clothing,91,Kansas,L,Indigo,Summer,4.7,No,Standard,Yes,Yes,6,Cash,Quarterly
1466,51,Male,T-shirt,Clothing,94,Vermont,M,Gold,Spring,4.0,Yes,Store Pickup,Yes,Yes,15,Credit Card,Quarterly
1467,22,Male,Hoodie,Clothing,86,Vermont,L,Maroon,Winter,4.7,No,2-Day Shipping,No,No,3,Venmo,Bi-Weekly
1468,29,Male,Belt,Accessories,90,Kentucky,S,Turquoise,Summer,4.2,Yes,2-Day Shipping,No,No,8,PayPal,Every 3 Months
1469,63,Male,Jewelry,Accessories,95,Kentucky,M,Brown,Winter,5.0,No,Store Pickup,No,No,32,Cash,Weekly
1470,69,Male,Belt,Accessories,72,South Carolina,L,Black,Summer,3.7,No,Express,Yes,Yes,34,Debit Card,Quarterly
1471,22,Male,Boots,Footwear,30,Massachusetts,L,Charcoal,Spring,3.5,No,Standard,No,No,42,Venmo,Quarterly
1472,20,Female,Jacket,Outerwear,32,Colorado,L,Red,Summer,4.3,No,2-Day Shipping,Yes,Yes,26,PayPal,Monthly
1473,38,Male,Gloves,Accessories,41,Mississippi,M,Charcoal,Fall,4.7,Yes,Next Day Air,Yes,Yes,13,PayPal,Bi-Weekly
1474,37,Female,Socks,Clothing,64,Hawaii,L,Teal,Winter,3.1,No,Standard,No,No,3,Cash,Weekly
1475,64,Male,Jewelry,Accessories,28,Virginia,M,Gold,Summer,2.8,No,Express,Yes,Yes,31,Debit Card,Annually
1476,25,Male,Sweater,Clothing,26,Illinois,M,Green,Winter,4.4,No,Next Day Air,Yes,Yes,19,Debit Card,Weekly
1477,37,Male,Jeans,Clothing,21,Arizona,M,Cyan,Fall,3.9,No,Store Pickup,No,No,6,Debit Card,Monthly
1478,28,Male,T-shirt,Clothing,86,New York,XL,Purple,Summer,4.0,No,Next Day Air,Yes,Yes,42,Bank Transfer,Weekly
1479,57,Female,Sweater,Clothing,88,Washington,M,Violet,Fall,4.9,Yes,2-Day Shipping,No,No,19,PayPal,Bi-Weekly
1480,48,Female,Sunglasses,Accessories,78,Pennsylvania,M,Olive,Winter,4.6,No,Standard,No,No,36,Debit Card,Fortnightly
1481,45,Male,T-shirt,Clothing,50,Connecticut,XL,Red,Winter,3.1,Yes,Standard,Yes,Yes,11,Bank Transfer,Every 3 Months
1482,43,Male,Jewelry,Accessories,40,Ohio,M,Black,Winter,3.5,Yes,Next Day Air,No,No,29,Credit Card,Quarterly
1483,68,Male,Pants,Clothing,55,Rhode Island,L,Red,Summer,3.8,No,Next Day Air,Yes,Yes,27,Credit Card,Annually
1484,34,Male,Hoodie,Clothing,39,Ohio,S,Gold,Summer,4.2,No,Standard,Yes,Yes,18,Debit Card,Annually
1485,61,Male,Blouse,Clothing,48,Rhode Island,L,Blue,Summer,4.2,Yes,Store Pickup,No,No,21,PayPal,Monthly
1486,37,Male,Coat,Outerwear,45,New Jersey,M,Cyan,Summer,,No,Store Pickup,No,No,27,Debit Card,Every 3 Months
1487,26,Female,Belt,Accessories,84,Oregon,S,Beige,Summer,4.9,No,Standard,No,No,4,Credit Card,Every 3 Months
1488,68,Female,Socks,Clothing,64,Kansas,M,Red,Spring,4.2,No,Free Shipping,Yes,Yes,28,Venmo,Bi-Weekly
1489,56,Female,Handbag,Accessories,87,Wyoming,M,Blue,Fall,3.7,Yes,Free Shipping,Yes,Yes,50,PayPal,Annually
1490,18,Female,Gloves,Accessories,54,Kentucky,L,Red,Winter,2.7,Yes,Standard,Yes,Yes,4,Bank Transfer,Bi-Weekly
1491,47,Male,Socks,Clothing,48,West Virginia,L,Maroon,Fall,4.4,No,2-Day Shipping,No,No,30,Credit Card,Quarterly
1492,26,Male,Blouse,Clothing,49,Maryland,XL,Magenta,Summer,2.7,Yes,Next Day Air,Yes,Yes,19,Venmo,Weekly
1493,36,Male,Socks,Clothing,27,Louisiana,L,Peach,Summer,3.9,No,2-Day Shipping,No,No,10,Venmo,Bi-Weekly
1494,57,Male,Backpack,Accessories,70,Hawaii,XL,Turquoise,Fall,4.2,No,Next Day Air,No,No,32,Cash,Monthly
1495,32,Male,Shoes,Footwear,53,South Dakota,M,Turquoise,Summer,3.4,No,Next Day Air,No,No,23,Venmo,Annually
1496,19,Female,Socks,Clothing,33,Kentucky,M,Black,Fall,3.9,Yes,Store Pickup,Yes,Yes,40,PayPal,Weekly
1497,30,Male,Shirt,Clothing,52,Delaware,M,Cyan,Summer,2.5,No,Express,Yes,Yes,43,Venmo,Quarterly
1498,35,Male,Dress,Clothing,40,Nevada,S,Teal,Spring,4.3,No,Next Day Air,No,No,42,Bank Transfer,Weekly
1499,28,Male,Jewelry,Accessories,44,Minnesota,L,Gold,Summer,2.5,No,Free Shipping,No,No,15,Credit Card,Annually
1500,25,Male,Dress,Clothing,95,Washington,L,Beige,Fall,4.7,No,Store Pickup,Yes,Yes,36,Debit Card,Quarterly
1501,29,Male,Scarf,Accessories,57,Minnesota,M,Turquoise,Summer,2.5,No,Next Day Air,No,No,36,Credit Card,Bi-Weekly
1502,35,Female,Shoes,Footwear,43,Rhode Island,M,Gray,Fall,4.6,Yes,Store Pickup,No,No,8,Credit Card,Annually
1503,68,Male,Shoes,Footwear,43,Louisiana,M,Gold,Fall,4.6,No,Free Shipping,No,No,29,Cash,Every 3 Months
1504,55,Male,Hat,Accessories,86,Texas,M,Black,Fall,3.4,No,Standard,No,No,17,Debit Card,Monthly
1505,19,Male,Sweater,Clothing,68,Wyoming,M,Indigo,Fall,4.7,No,Express,No,No,24,Credit Card,Annually
1506,22,Male,Skirt,Clothing,96,New Jersey,L,Pink,Spring,2.6,No,Store Pickup,No,No,2,Debit Card,Fortnightly
1507,25,Female,Dress,Clothing,27,Kentucky,M,Orange,Summer,3.7,Yes,Express,No,No,32,Cash,Bi-Weekly
1508,52,Female,Backpack,Accessories,20,Georgia,XL,Red,Winter,3.7,No,Standard,Yes,Yes,46,PayPal,Annually
1509,20,Female,Shorts,Clothing,37,Kentucky,L,Charcoal,Winter,4.9,Yes,Express,No,No,23,PayPal,Monthly
1510,60,Male,Socks,Clothing,61,Kentucky,M,Magenta,Fall,4.3,No,Free Shipping,Yes,Yes,21,Bank Transfer,Weekly
1511,23,Male,Coat,Outerwear,20,New Hampshire,M,Blue,Fall,4.0,No,Express,No,No,45,Debit Card,Monthly
1512,29,Female,Sandals,Footwear,24,Wyoming,M,Indigo,Fall,2.5,Yes,Next Day Air,No,No,46,Credit Card,Monthly
1513,57,Female,Socks,Clothing,44,Oregon,S,Pink,Spring,2.9,No,2-Day Shipping,Yes,Yes,1,Cash,Every 3 Months
1514,67,Male,Sandals,Footwear,83,Vermont,M,Gray,Fall,3.4,No,Next Day Air,Yes,Yes,19,Cash,Bi-Weekly
1515,36,Male,Skirt,Clothing,50,Connecticut,L,Red,Spring,3.9,No,Next Day Air,No,No,3,Cash,Monthly
1516,25,Male,Blouse,Clothing,37,Kentucky,M,Indigo,Fall,2.9,Yes,Free Shipping,Yes,Yes,36,PayPal,Bi-Weekly
1517,47,Male,Jacket,Outerwear,24,Idaho,M,Red,Fall,3.7,No,2-Day Shipping,Yes,Yes,26,Credit Card,Annually
1518,29,Female,Coat,Outerwear,57,South Carolina,S,White,Summer,4.3,No,Free Shipping,No,No,46,Debit Card,Weekly
1519,18,Male,Sunglasses,Accessories,74,Kentucky,L,Blue,Fall,3.2,No,Store Pickup,No,No,7,Venmo,Weekly
1520,20,Male,Sunglasses,Accessories,71,Alabama,M,Blue,Summer,3.7,No,2-Day Shipping,No,No,12,Credit Card,Annually
1521,50,Male,Socks,Clothing,24,New Jersey,M,Purple,Winter,4.0,Yes,Free Shipping,No,No,1,PayPal,Quarterly
1522,37,Male,Boots,Footwear,65,Nebraska,M,Peach,Summer,3.4,Yes,2-Day Shipping,No,No,3,Venmo,Monthly
1523,46,Female,Blouse,Clothing,58,Oregon,M,Olive,Summer,2.8,No,Express,No,No,12,Debit Card,Bi-Weekly
1524,55,Male,Shirt,Clothing,72,Michigan,L,Blue,Summer,3.1,No,Free Shipping,Yes,Yes,42,Venmo,Annually
1525,64,Female,Pants,Clothing,68,Ohio,S,Blue,Spring,4.9,Yes,Next Day Air,Yes,Yes,37,Credit Card,Fortnightly
1526,25,Male,Hat,Accessories,88,Wisconsin,L,Cyan,Summer,4.6,No,Next Day Air,No,No,22,Debit Card,Weekly
1527,58,Male,Gloves,Accessories,51,Rhode Island,L,Olive,Fall,3.4,No,2-Day Shipping,No,No,20,Credit Card,Annually
1528,66,Female,Sneakers,Footwear,58,Alaska,S,Violet,Fall,2.6,Yes,2-Day Shipping,Yes,Yes,16,Venmo,Annually
1529,70,Male,Hoodie,Clothing,64,New Jersey,L,Red,Spring,3.5,Yes,Free Shipping,Yes,Yes,45,Bank Transfer,Monthly
1530,45,Male,Boots,Footwear,66,Missouri,M,Lavender,Spring,2.6,No,2-Day Shipping,Yes,Yes,25,Cash,Bi-Weekly
1531,49,Male,Coat,Outerwear,70,Colorado,L,Teal,Winter,4.0,No,Free Shipping,No,No,48,Cash,Weekly
1532,49,Male,Sunglasses,Accessories,69,Nebraska,M,Teal,Spring,4.6,No,Express,No,No,40,Cash,Monthly
1533,27,Female,Skirt,Clothing,82,Rhode Island,L,White,Winter,4.1,No,Store Pickup,Yes,Yes,44,Venmo,Weekly
1534,41,Male,Shorts,Clothing,23,Ohio,M,Orange,Fall,4.2,No,2-Day Shipping,Yes,Yes,22,Venmo,Every 3 Months
1535,44,Male,Socks,Clothing,28,Tennessee,L,Indigo,Winter,4.6,No,Store Pickup,No,No,38,Bank Transfer,Annually
1536,30,Female,Shorts,Clothing,96,Indiana,L,Maroon,Winter,4.7,No,Free Shipping,No,No,50,PayPal,Weekly
1537,30,Male,Handbag,Accessories,65,Oklahoma,M,White,Spring,2.6,No,2-Day Shipping,Yes,Yes,23,PayPal,Weekly
1538,40,Female,Jeans,Clothing,78,Alaska,L,White,Summer,3.5,No,Standard,Yes,Yes,49,Cash,Every 3 Months
1539,24,Male,Sunglasses,Accessories,78,West Virginia,L,Violet,Winter,4.7,No,Express,Yes,Yes,26,Cash,Monthly
1540,40,Male,Blouse,Clothing,27,Vermont,L,Magenta,Winter,5.0,No,2-Day Shipping,Yes,Yes,23,Credit Card,Bi-Weekly
1541,52,Male,Sunglasses,Accessories,73,Tennessee,M,Maroon,Winter,3.0,No,Store Pickup,Yes,Yes,50,Cash,Fortnightly
1542,39,Male,Shorts,Clothing,29,Florida,M,Violet,Winter,4.1,No,Express,Yes,Yes,29,Cash,Bi-Weekly
1543,18,Male,Shoes,Footwear,43,Oregon,S,Gray,Fall,4.9,Yes,Store Pickup,No,No,20,Bank Transfer,Quarterly
1544,30,Male,Sunglasses,Accessories,52,Idaho,M,Orange,Winter,4.7,Yes,Express,Yes,Yes,23,Venmo,Quarterly
1545,44,Male,Skirt,Clothing,99,Pennsylvania,M,Pink,Spring,2.8,Yes,2-Day Shipping,No,No,32,Debit Card,Annually
1546,22,Male,Handbag,Accessories,35,Virginia,S,Yellow,Summer,2.9,Yes,Standard,Yes,Yes,1,Venmo,Quarterly
1547,48,Male,Pants,Clothing,94,Florida,M,Purple,Winter,2.8,No,Express,Yes,Yes,48,PayPal,Quarterly
1548,31,Female,Gloves,Accessories,32,Michigan,M,Violet,Summer,3.0,No,2-Day Shipping,No,No,27,Cash,Every 3 Months
1549,59,Male,Gloves,Accessories,45,Virginia,M,Violet,Winter,3.0,No,Store Pickup,Yes,Yes,4,Debit Card,Weekly
1550,55,Male,Shirt,Clothing,73,Kansas,M,Red,Summer,2.6,No,Free Shipping,No,No,38,PayPal,Quarterly
1551,35,Female,T-shirt,Clothing,70,Kansas,M,Red,Fall,4.6,No,Next Day Air,Yes,Yes,13,Credit Card,Every 3 Months
1552,45,Male,Sandals,Footwear,75,Delaware,S,Violet,Spring,3.8,No,Express,Yes,Yes,19,PayPal,Bi-Weekly
1553,51,Male,Sneakers,Footwear,37,South Dakota,M,Silver,Spring,4.3,Yes,Standard,No,No,36,PayPal,Bi-Weekly
1554,42,Male,Shoes,Footwear,58,Iowa,XL,Cyan,Winter,4.2,No,Free Shipping,No,No,3,Debit Card,Weekly
1555,52,Male,Hat,Accessories,35,Arkansas,M,Red,Spring,4.5,No,Next Day Air,Yes,Yes,14,Cash,Quarterly
1556,54,Male,Sneakers,Footwear,20,Tennessee,M,White,Fall,2.5,No,Standard,Yes,Yes,7,Bank Transfer,Weekly
1557,56,Female,Blouse,Clothing,49,Kansas,L,Teal,Spring,3.6,No,Store Pickup,No,No,13,Credit Card,Weekly
1558,38,Female,Jacket,Outerwear,28,Virginia,M,Violet,Summer,3.2,No,Express,No,No,47,Venmo,Weekly
1559,55,Male,T-shirt,Clothing,57,North Carolina,L,Indigo,Fall,4.9,No,Free Shipping,No,No,15,Venmo,Monthly
1560,54,Male,Sneakers,Footwear,75,Illinois,L,Blue,Fall,4.0,No,Next Day Air,Yes,Yes,32,Cash,Weekly
1561,56,Female,Sneakers,Footwear,32,South Carolina,L,Black,Summer,4.4,No,Standard,Yes,Yes,30,PayPal,Fortnightly
1562,32,Male,Sweater,Clothing,94,South Dakota,XL,Gold,Fall,2.8,No,Next Day Air,Yes,Yes,12,Bank Transfer,Fortnightly
1563,55,Male,Shoes,Footwear,53,Missouri,M,Beige,Fall,3.2,No,Store Pickup,No,No,8,Debit Card,Annually
1564,68,Female,Jacket,Outerwear,79,Rhode Island,XL,Silver,Winter,2.5,No,Next Day Air,No,No,48,Debit Card,Monthly
1565,64,Female,Socks,Clothing,58,Alaska,M,Beige,Spring,3.4,No,Standard,Yes,Yes,44,Debit Card,Quarterly
1566,33,Female,Scarf,Accessories,96,Kansas,L,Orange,Fall,3.3,No,Next Day Air,No,No,49,PayPal,Weekly
1567,67,Male,Hoodie,Clothing,52,Wisconsin,M,Brown,Summer,3.5,No,Free Shipping,No,No,49,Debit Card,Every 3 Months
1568,30,Female,Gloves,Accessories,85,Connecticut,S,Indigo,Winter,3.5,No,Next Day Air,Yes,Yes,49,Venmo,Fortnightly
1569,54,Male,Pants,Clothing,81,Wyoming,L,Red,Spring,4.3,Yes,Free Shipping,No,No,19,Credit Card,Quarterly
1570,58,Male,Jewelry,Accessories,32,Texas,S,Beige,Summer,2.9,No,Express,No,No,49,Bank Transfer,Weekly
1571,18,Male,Shorts,Clothing,94,Missouri,M,Orange,Summer,3.9,No,2-Day Shipping,Yes,Yes,39,Venmo,Fortnightly
1572,22,Male,Jeans,Clothing,56,West Virginia,M,Purple,Winter,2.6,Yes,Next Day Air,No,No,15,Venmo,Every 3 Months
1573,69,Female,Boots,Footwear,21,New Mexico,L,Peach,Spring,4.5,No,Store Pickup,Yes,Yes,5,PayPal,Every 3 Months
1574,70,Female,Jeans,Clothing,43,South Carolina,L,Red,Fall,4.0,No,2-Day Shipping,No,No,46,Bank Transfer,Every 3 Months
1575,30,Male,Jacket,Outerwear,54,Florida,M,Indigo,Fall,4.0,No,Express,Yes,Yes,6,Venmo,Monthly
1576,51,Male,Jewelry,Accessories,27,Louisiana,S,Teal,Spring,2.5,Yes,2-Day Shipping,Yes,Yes,50,PayPal,Quarterly
1577,18,Male,Blouse,Clothing,48,Minnesota,M,Cyan,Winter,4.6,Yes,Next Day Air,No,No,48,Bank Transfer,Fortnightly
1578,36,Male,Coat,Outerwear,84,New Hampshire,XL,Yellow,Fall,4.8,Yes,2-Day Shipping,Yes,Yes,26,Bank Transfer,Fortnightly
1579,26,Female,Shorts,Clothing,71,Idaho,XL,Silver,Winter,2.8,No,2-Day Shipping,Yes,Yes,24,Bank Transfer,Quarterly
1580,51,Female,Hat,Accessories,89,Pennsylvania,M,Teal,Spring,3.8,Yes,Store Pickup,No,No,44,PayPal,Fortnightly
1581,37,Female,Coat,Outerwear,75,Vermont,L,Peach,Summer,4.2,No,2-Day Shipping,Yes,Yes,28,Cash,Fortnightly
1582,26,Female,Coat,Outerwear,33,West Virginia,S,White,Fall,4.6,No,2-Day Shipping,Yes,Yes,46,Cash,Fortnightly
1583,55,Male,Scarf,Accessories,55,Wyoming,M,Green,Spring,4.1,No,Standard,No,No,11,Credit Card,Every 3 Months
1584,20,Male,Socks,Clothing,60,Michigan,S,Green,Summer,5.0,No,Standard,No,No,7,Cash,Fortnightly
1585,57,Male,Backpack,Accessories,35,Nevada,L,Lavender,Spring,4.7,No,Store Pickup,No,No,25,Venmo,Bi-Weekly
1586,48,Male,Jeans,Clothing,88,Ohio,L,Red,Spring,4.2,No,2-Day Shipping,Yes,Yes,8,Debit Card,Bi-Weekly
1587,61,Female,Sweater,Clothing,34,Maryland,M,Orange,Summer,5.0,No,Free Shipping,Yes,Yes,26,Venmo,Quarterly
1588,29,Male,Socks,Clothing,71,Minnesota,S,Yellow,Fall,3.3,No,Express,No,No,8,Credit Card,Fortnightly
1589,43,Male,Sweater,Clothing,78,Mississippi,M,Gray,Winter,2.9,No,Store Pickup,Yes,Yes,11,Venmo,Bi-Weekly
1590,52,Male,Shirt,Clothing,57,South Carolina,M,White,Spring,2.6,No,Express,Yes,Yes,34,Cash,Quarterly
1591,39,Male,Sunglasses,Accessories,32,Maine,M,White,Summer,4.8,No,Free Shipping,Yes,Yes,16,Venmo,Fortnightly
1592,36,Female,Dress,Clothing,52,Oklahoma,XL,Beige,Summer,4.7,No,Next Day Air,Yes,Yes,28,Venmo,Every 3 Months
1593,38,Male,Hat,Accessories,71,New Jersey,M,Red,Fall,3.3,Yes,Standard,Yes,Yes,26,Debit Card,Monthly
1594,23,Male,Socks,Clothing,39,Arkansas,M,Turquoise,Spring,2.8,No,Next Day Air,No,No,31,Venmo,Quarterly
1595,49,Female,Scarf,Accessories,24,California,M,Purple,Spring,2.7,Yes,Free Shipping,Yes,Yes,50,Bank Transfer,Monthly
1596,36,Female,Belt,Accessories,59,Oklahoma,S,Gold,Winter,4.5,No,2-Day Shipping,Yes,Yes,19,PayPal,Fortnightly
1597,69,Male,Scarf,Accessories,35,Nevada,L,Gold,Fall,4.6,No,2-Day Shipping,No,No,18,Debit Card,Annually
1598,67,Male,Boots,Footwear,46,Michigan,L,Peach,Summer,2.6,No,Store Pickup,No,No,50,Bank Transfer,Weekly
1599,37,Male,Sunglasses,Accessories,36,Nevada,S,Gray,Fall,2.7,No,Store Pickup,No,No,4,Bank Transfer,Fortnightly
1600,66,Female,Shoes,Footwear,42,Iowa,M,White,Winter,2.9,No,2-Day Shipping,No,No,14,Credit Card,Every 3 Months
1601,23,Female,Handbag,Accessories,88,North Carolina,M,Charcoal,Fall,4.1,No,Express,No,No,15,Credit Card,Every 3 Months
1602,63,Male,Sneakers,Footwear,48,New Hampshire,S,Gold,Fall,4.4,No,Store Pickup,No,No,8,Venmo,Every 3 Months
1603,26,Male,Shoes,Footwear,27,Vermont,M,Gray,Spring,3.6,Yes,Free Shipping,Yes,Yes,39,Debit Card,Fortnightly
1604,47,Male,Backpack,Accessories,94,Wyoming,L,Silver,Winter,2.7,No,Standard,Yes,Yes,30,Cash,Bi-Weekly
1605,20,Male,Blouse,Clothing,60,Missouri,S,White,Fall,4.1,No,Next Day Air,No,No,6,Cash,Weekly
1606,31,Male,Backpack,Accessories,99,South Dakota,L,Yellow,Summer,3.6,No,2-Day Shipping,Yes,Yes,44,Cash,Bi-Weekly
1607,52,Male,Socks,Clothing,26,Nebraska,XL,Pink,Winter,4.8,No,Standard,No,No,23,PayPal,Weekly
1608,37,Male,Handbag,Accessories,53,Hawaii,M,Lavender,Winter,3.4,No,Next Day Air,No,No,4,Debit Card,Monthly
1609,39,Male,Sunglasses,Accessories,44,Ohio,L,Gray,Summer,4.7,No,Store Pickup,Yes,Yes,18,Debit Card,Monthly
1610,61,Male,Sandals,Footwear,47,Arkansas,L,Blue,Spring,4.0,No,2-Day Shipping,No,No,29,Debit Card,Monthly
1611,56,Male,T-shirt,Clothing,56,South Carolina,M,Purple,Summer,4.6,No,Free Shipping,No,No,44,Bank Transfer,Annually
1612,22,Male,Socks,Clothing,67,Florida,M,Violet,Summer,3.8,No,Free Shipping,No,No,22,PayPal,Annually
1613,23,Male,Jewelry,Accessories,55,Arizona,M,Turquoise,Spring,4.0,No,Express,No,No,38,PayPal,Monthly
1614,42,Male,Backpack,Accessories,80,Idaho,S,Peach,Spring,4.7,No,Free Shipping,No,No,11,Venmo,Weekly
1615,21,Male,Hoodie,Clothing,100,West Virginia,L,Blue,Spring,4.4,Yes,Express,Yes,Yes,4,Cash,Quarterly
1616,43,Male,T-shirt,Clothing,42,Massachusetts,M,Peach,Fall,4.8,Yes,2-Day Shipping,No,No,48,Cash,Fortnightly
1617,59,Female,Shorts,Clothing,23,Michigan,L,Beige,Spring,2.9,No,Express,No,No,13,Debit Card,Bi-Weekly
1618,56,Male,Jeans,Clothing,53,New Mexico,S,Gray,Summer,4.3,Yes,2-Day Shipping,No,No,37,Credit Card,Weekly
1619,65,Male,Shirt,Clothing,40,Maine,M,Purple,Fall,2.9,No,Next Day Air,No,No,7,PayPal,Bi-Weekly
1620,58,Female,Socks,Clothing,29,Wyoming,M,Yellow,Spring,3.3,Yes,2-Day Shipping,Yes,Yes,48,Cash,Every 3 Months
1621,58,Female,T-shirt,Clothing,51,South Dakota,S,Orange,Summer,2.6,No,2-Day Shipping,Yes,Yes,46,Credit Card,Weekly
1622,36,Female,Shirt,Clothing,38,Montana,L,Gold,Fall,3.3,No,Free Shipping,Yes,Yes,39,Credit Card,Annually
1623,36,Female,Sweater,Clothing,91,California,L,Black,Fall,4.8,No,Free Shipping,No,No,3,Credit Card,Bi-Weekly
1624,67,Male,Sweater,Clothing,87,New Mexico,M,Magenta,Winter,2.7,No,Free Shipping,Yes,Yes,40,Debit Card,Every 3 Months
1625,70,Female,Socks,Clothing,87,Oregon,M,Red,Winter,3.6,Yes,Express,Yes,Yes,13,PayPal,Quarterly
1626,69,Male,Jewelry,Accessories,59,Arizona,XL,Silver,Fall,4.6,No,2-Day Shipping,Yes,Yes,28,Cash,Bi-Weekly
1627,27,Female,Gloves,Accessories,59,Washington,L,Silver,Winter,4.1,No,2-Day Shipping,No,No,30,Venmo,Monthly
1628,42,Male,Jewelry,Accessories,71,Georgia,M,Beige,Spring,3.8,Yes,Free Shipping,Yes,Yes,23,Bank Transfer,Quarterly
1629,37,Male,Backpack,Accessories,37,Delaware,M,Violet,Winter,2.5,No,2-Day Shipping,Yes,Yes,31,Credit Card,Monthly
1630,36,Male,Blouse,Clothing,86,Kansas,L,Turquoise,Fall,3.9,No,2-Day Shipping,Yes,Yes,48,Bank Transfer,Quarterly
1631,65,Male,Jeans,Clothing,23,Rhode Island,M,Teal,Spring,3.5,No,Free Shipping,Yes,Yes,34,Debit Card,Weekly
1632,59,Male,T-shirt,Clothing,78,Indiana,M,Maroon,Fall,5.0,Yes,Standard,No,No,3,Bank Transfer,Bi-Weekly
1633,49,Male,Coat,Outerwear,61,New Hampshire,L,Peach,Fall,4.4,Yes,Free Shipping,Yes,Yes,3,PayPal,Weekly
1634,41,Female,Boots,Footwear,44,Mississippi,M,Beige,Summer,3.0,Yes,Express,No,No,41,Bank Transfer,Fortnightly
1635,50,Female,Handbag,Accessories,61,Ohio,XL,Silver,Summer,2.7,Yes,2-Day Shipping,No,No,37,Bank Transfer,Weekly
1636,45,Male,Sunglasses,Accessories,48,Maine,M,Yellow,Spring,4.9,Yes,Standard,Yes,Yes,29,Venmo,Weekly
1637,33,Male,Backpack,Accessories,51,Delaware,S,Orange,Summer,2.7,No,2-Day Shipping,No,No,8,Bank Transfer,Fortnightly
1638,18,Female,Shoes,Footwear,49,Oregon,M,Red,Summer,2.7,No,Store Pickup,No,No,27,Bank Transfer,Every 3 Months
1639,29,Male,Pants,Clothing,60,Hawaii,M,Yellow,Spring,3.0,Yes,Express,No,No,43,Venmo,Fortnightly
1640,45,Male,Boots,Footwear,28,South Dakota,S,Gold,Fall,4.9,Yes,Express,Yes,Yes,49,Debit Card,Bi-Weekly
1641,31,Male,Sunglasses,Accessories,40,Florida,L,Red,Winter,4.9,No,Standard,No,No,3,PayPal,Weekly
1642,53,Male,Shorts,Clothing,59,Oklahoma,M,Lavender,Winter,3.8,No,2-Day Shipping,No,No,49,Credit Card,Weekly
1643,27,Male,Sweater,Clothing,32,West Virginia,S,Green,Spring,4.9,No,Standard,No,No,38,PayPal,Every 3 Months
1644,33,Male,Dress,Clothing,92,Connecticut,L,Violet,Summer,4.0,Yes,2-Day Shipping,No,No,44,Debit Card,Bi-Weekly
1645,49,Male,Jewelry,Accessories,51,Georgia,L,Magenta,Fall,4.1,No,Standard,Yes,Yes,15,PayPal,Every 3 Months
1646,47,Male,Coat,Outerwear,48,Iowa,M,Maroon,Winter,4.2,No,Standard,No,No,31,Cash,Every 3 Months
1647,52,Male,Sneakers,Footwear,64,Arizona,S,Orange,Winter,4.3,No,Free Shipping,Yes,Yes,29,PayPal,Monthly
1648,21,Female,Dress,Clothing,46,Virginia,L,Peach,Summer,3.1,No,Store Pickup,Yes,Yes,2,Credit Card,Every 3 Months
1649,70,Male,Hoodie,Clothing,74,Iowa,M,Lavender,Fall,2.7,No,Next Day Air,Yes,Yes,29,Bank Transfer,Annually
1650,63,Female,Shirt,Clothing,40,Minnesota,S,Orange,Winter,3.4,Yes,Store Pickup,No,No,3,Debit Card,Monthly
1651,50,Female,T-shirt,Clothing,60,Maryland,L,Peach,Fall,4.9,Yes,Express,Yes,Yes,21,PayPal,Fortnightly
1652,30,Female,T-shirt,Clothing,90,South Dakota,M,Gold,Summer,4.0,No,2-Day Shipping,No,No,17,Credit Card,Annually
1653,28,Male,Backpack,Accessories,64,Alabama,M,Gray,Fall,4.3,No,Free Shipping,Yes,Yes,33,Credit Card,Bi-Weekly
1654,48,Female,Sweater,Clothing,24,Wisconsin,M,Beige,Spring,4.4,No,Next Day Air,No,No,15,Cash,Bi-Weekly
1655,64,Male,Sunglasses,Accessories,57,Delaware,M,White,Fall,3.7,Yes,Free Shipping,Yes,Yes,1,PayPal,Every 3 Months
1656,50,Male,Blouse,Clothing,58,Oregon,M,Orange,Winter,4.0,Yes,2-Day Shipping,Yes,Yes,2,Bank Transfer,Quarterly
1657,21,Male,Jacket,Outerwear,78,South Dakota,L,Lavender,Fall,2.7,No,Standard,Yes,Yes,5,Cash,Every 3 Months
1658,61,Male,Gloves,Accessories,90,New Hampshire,M,Red,Winter,4.7,No,Store Pickup,Yes,Yes,48,PayPal,Annually
1659,46,Male,Socks,Clothing,49,Tennessee,S,Gray,Winter,4.6,No,Standard,Yes,Yes,37,Bank Transfer,Annually
1660,47,Male,Sandals,Footwear,69,Delaware,L,Yellow,Spring,4.0,No,Standard,Yes,Yes,11,Credit Card,Every 3 Months
1661,24,Male,Dress,Clothing,35,Missouri,M,Violet,Fall,4.0,No,2-Day Shipping,Yes,Yes,2,Bank Transfer,Annually
1662,34,Male,Hat,Accessories,34,Utah,M,Gray,Summer,4.7,Yes,Standard,No,No,15,Venmo,Annually
1663,31,Female,Socks,Clothing,32,Connecticut,M,Beige,Winter,4.4,No,Standard,No,No,14,PayPal,Bi-Weekly
1664,66,Male,Backpack,Accessories,47,New Hampshire,L,Olive,Summer,4.5,No,2-Day Shipping,Yes,Yes,46,Credit Card,Monthly
1665,24,Male,Jeans,Clothing,58,Massachusetts,M,Olive,Fall,3.9,No,Store Pickup,Yes,Yes,11,Credit Card,Bi-Weekly
1666,23,Male,Shirt,Clothing,92,Florida,M,Gray,Spring,4.7,Yes,Express,Yes,Yes,5,Venmo,Fortnightly
1667,31,Male,Pants,Clothing,72,Alaska,L,Brown,Summer,3.4,No,Express,No,No,34,Credit Card,Every 3 Months
1668,33,Male,Jacket,Outerwear,47,Wyoming,L,Green,Fall,3.8,No,Free Shipping,No,No,23,Bank Transfer,Annually
1669,60,Female,Skirt,Clothing,98,Ohio,M,Beige,Spring,4.2,No,Express,No,No,14,Credit Card,Every 3 Months
1670,21,Male,Shirt,Clothing,53,Wisconsin,S,Pink,Winter,2.6,No,Free Shipping,Yes,Yes,41,Venmo,Every 3 Months
1671,36,Male,Jeans,Clothing,39,Nebraska,M,Black,Winter,2.8,Yes,Next Day Air,Yes,Yes,16,Bank Transfer,Monthly
1672,69,Male,Jeans,Clothing,95,New York,XL,Gray,Summer,4.6,Yes,Express,No,No,10,Venmo,Weekly
1673,47,Male,Sweater,Clothing,81,Connecticut,M,White,Summer,3.5,No,Next Day Air,Yes,Yes,21,Credit Card,Fortnightly
1674,67,Female,Blouse,Clothing,25,Utah,L,Yellow,Winter,3.6,No,Next Day Air,No,No,35,Venmo,Weekly
1675,53,Female,Gloves,Accessories,99,West Virginia,M,Yellow,Spring,3.5,Yes,Express,No,No,17,PayPal,Every 3 Months
1676,18,Male,Gloves,Accessories,25,Wyoming,L,Teal,Spring,3.7,Yes,2-Day Shipping,Yes,Yes,12,PayPal,Fortnightly
1677,41,Male,Shorts,Clothing,59,Washington,M,Green,Summer,3.5,No,Standard,Yes,Yes,9,Bank Transfer,Every 3 Months
1678,55,Male,Sunglasses,Accessories,35,South Dakota,M,Orange,Winter,2.9,Yes,Express,No,No,39,PayPal,Fortnightly
1679,20,Male,Hat,Accessories,32,Oregon,M,Indigo,Summer,4.9,No,Express,No,No,31,Bank Transfer,Every 3 Months
1680,51,Male,T-shirt,Clothing,65,Arizona,L,Purple,Winter,2.7,No,Store Pickup,No,No,22,PayPal,Annually
1681,38,Female,Dress,Clothing,62,Tennessee,S,Cyan,Winter,4.7,No,2-Day Shipping,No,No,34,Cash,Bi-Weekly
1682,40,Female,Scarf,Accessories,56,Indiana,S,Violet,Spring,3.1,Yes,2-Day Shipping,Yes,Yes,32,Debit Card,Annually
1683,49,Male,T-shirt,Clothing,74,Arkansas,XL,Cyan,Fall,4.4,Yes,Store Pickup,Yes,Yes,10,Credit Card,Annually
1684,60,Male,Boots,Footwear,47,North Carolina,M,Orange,Winter,3.7,No,2-Day Shipping,No,No,45,Credit Card,Every 3 Months
1685,20,Male,Socks,Clothing,80,Illinois,L,Charcoal,Fall,4.5,Yes,Store Pickup,No,No,12,Bank Transfer,Weekly
1686,40,Male,Handbag,Accessories,96,Tennessee,XL,Brown,Spring,4.8,No,Express,No,No,15,Cash,Every 3 Months
1687,45,Female,Shorts,Clothing,29,Connecticut,L,Magenta,Summer,3.6,Yes,Free Shipping,No,No,46,PayPal,Bi-Weekly
1688,18,Male,T-shirt,Clothing,61,Iowa,L,Orange,Spring,3.9,No,Express,Yes,Yes,42,Cash,Bi-Weekly
1689,61,Male,Sandals,Footwear,73,Louisiana,L,Turquoise,Winter,2.7,Yes,Standard,Yes,Yes,35,Debit Card,Bi-Weekly
1690,52,Female,Socks,Clothing,81,Oregon,M,Pink,Winter,4.3,No,2-Day Shipping,Yes,Yes,16,Credit Card,Every 3 Months
1691,65,Male,Boots,Footwear,100,Wisconsin,S,White,Fall,4.4,No,Free Shipping,No,No,47,Bank Transfer,Bi-Weekly
1692,43,Male,Shoes,Footwear,68,Utah,M,Pink,Summer,4.0,No,Next Day Air,Yes,Yes,1,Venmo,Bi-Weekly
1693,59,Male,Jacket,Outerwear,29,Delaware,S,Olive,Spring,2.6,No,Free Shipping,No,No,42,Debit Card,Monthly
1694,49,Female,Sweater,Clothing,53,Nebraska,M,Brown,Summer,4.3,No,Store Pickup,Yes,Yes,9,Cash,Quarterly
1695,56,Male,Dress,Clothing,56,Virginia,L,Maroon,Summer,3.9,Yes,Store Pickup,No,No,9,Cash,Weekly
1696,44,Male,Socks,Clothing,44,Vermont,L,Green,Winter,4.7,Yes,2-Day Shipping,Yes,Yes,10,Bank Transfer,Annually
1697,45,Male,Shorts,Clothing,98,Colorado,S,Brown,Fall,2.8,Yes,2-Day Shipping,No,No,37,Cash,Quarterly
1698,27,Male,Boots,Footwear,59,South Dakota,L,Charcoal,Summer,4.1,Yes,Next Day Air,Yes,Yes,18,PayPal,Every 3 Months
1699,53,Male,Hat,Accessories,62,Michigan,L,Pink,Fall,3.4,Yes,Next Day Air,Yes,Yes,34,Credit Card,Annually
1700,32,Female,Jeans,Clothing,20,Montana,XL,Indigo,Summer,4.6,No,2-Day Shipping,Yes,Yes,19,Credit Card,Quarterly
1701,53,Male,Shirt,Clothing,59,Texas,M,Black,Spring,3.5,No,Next Day Air,No,No,11,Cash,Annually
1702,34,Female,Gloves,Accessories,52,Louisiana,M,Magenta,Spring,3.6,No,Store Pickup,Yes,Yes,12,Cash,Quarterly
1703,25,Male,Sunglasses,Accessories,83,Alabama,S,Gray,Spring,2.8,No,Free Shipping,No,No,11,Debit Card,Every 3 Months
1704,55,Female,Blouse,Clothing,30,Oklahoma,L,Gray,Summer,4.7,No,2-Day Shipping,No,No,14,PayPal,Bi-Weekly
1705,30,Male,Sunglasses,Accessories,99,Tennessee,L,Cyan,Fall,2.7,No,Store Pickup,Yes,Yes,23,Bank Transfer,Bi-Weekly
1706,26,Female,Sweater,Clothing,100,Wisconsin,L,Maroon,Fall,3.2,Yes,Standard,Yes,Yes,44,Credit Card,Every 3 Months
1707,24,Female,Dress,Clothing,44,Virginia,XL,Pink,Winter,2.7,No,Free Shipping,No,No,48,PayPal,Monthly
1708,47,Male,Blouse,Clothing,50,Idaho,L,Green,Spring,3.8,No,Store Pickup,Yes,Yes,45,Credit Card,Weekly
1709,39,Male,Jacket,Outerwear,35,Texas,S,Green,Fall,4.8,Yes,Next Day Air,No,No,9,PayPal,Every 3 Months
1710,22,Male,Hat,Accessories,76,Oklahoma,M,Peach,Winter,3.0,No,Express,Yes,Yes,36,Debit Card,Annually
1711,60,Male,Backpack,Accessories,89,Connecticut,M,Teal,Spring,3.2,No,Store Pickup,No,No,1,Venmo,Monthly
1712,42,Male,Shorts,Clothing,54,Nebraska,S,Turquoise,Fall,4.7,No,2-Day Shipping,No,No,40,Cash,Every 3 Months
1713,40,Female,Shorts,Clothing,63,Alaska,M,Peach,Winter,4.5,No,Free Shipping,No,No,3,Cash,Annually
1714,35,Male,Handbag,Accessories,37,Maine,S,Lavender,Fall,3.3,Yes,Store Pickup,No,No,11,Credit Card,Quarterly
1715,26,Male,Jewelry,Accessories,33,Pennsylvania,XL,Green,Spring,4.7,No,Free Shipping,No,No,13,Credit Card,Bi-Weekly
1716,29,Male,Sneakers,Footwear,67,Alabama,S,Yellow,Spring,3.1,No,Standard,Yes,Yes,5,PayPal,Bi-Weekly
1717,49,Male,Blouse,Clothing,73,Florida,S,Gray,Summer,4.8,Yes,Free Shipping,No,No,41,PayPal,Annually
1718,27,Male,T-shirt,Clothing,67,West Virginia,M,Beige,Summer,2.6,No,2-Day Shipping,Yes,Yes,10,Credit Card,Fortnightly
1719,67,Male,Dress,Clothing,65,Utah,M,Silver,Winter,3.1,No,Standard,No,No,26,Cash,Monthly
1720,50,Male,Sweater,Clothing,55,New Mexico,XL,Lavender,Winter,4.5,No,Next Day Air,No,No,37,Venmo,Quarterly
1721,30,Male,Sneakers,Footwear,84,Louisiana,M,Silver,Spring,4.6,Yes,Standard,No,No,40,Venmo,Weekly
1722,30,Male,Pants,Clothing,48,New Mexico,XL,Maroon,Summer,4.4,No,Standard,No,No,41,Cash,Annually
1723,52,Female,Pants,Clothing,24,Delaware,L,Gray,Fall,4.9,No,2-Day Shipping,Yes,Yes,8,Credit Card,Every 3 Months
1724,21,Male,Sunglasses,Accessories,81,Maryland,XL,Cyan,Fall,4.1,No,Standard,Yes,Yes,10,Venmo,Bi-Weekly
1725,70,Male,Jewelry,Accessories,71,New Mexico,M,Red,Spring,3.3,Yes,Standard,No,No,19,Credit Card,Annually
1726,25,Male,Dress,Clothing,43,Florida,S,Gold,Fall,3.6,Yes,Standard,No,No,28,Debit Card,Annually
1727,69,Male,T-shirt,Clothing,28,Louisiana,S,White,Spring,2.6,Yes,2-Day Shipping,No,No,29,Cash,Quarterly
1728,48,Male,Jewelry,Accessories,79,Maryland,L,Teal,Fall,2.7,No,Next Day Air,Yes,Yes,45,Debit Card,Every 3 Months
1729,41,Male,Pants,Clothing,92,New Hampshire,M,Magenta,Fall,,No,Express,No,No,22,Venmo,Bi-Weekly
1730,68,Male,Sneakers,Footwear,85,Missouri,M,Beige,Winter,3.3,No,Standard,No,No,30,Cash,Bi-Weekly
1731,18,Male,Skirt,Clothing,98,Tennessee,XL,Peach,Spring,2.6,No,Store Pickup,Yes,Yes,26,Debit Card,Every 3 Months
1732,20,Female,Blouse,Clothing,98,Hawaii,M,Violet,Summer,4.8,No,Standard,No,No,26,Cash,Every 3 Months
1733,28,Female,Hat,Accessories,70,Vermont,S,Magenta,Summer,2.8,No,Express,No,No,6,Venmo,Annually
1734,64,Male,Shoes,Footwear,55,Virginia,XL,Magenta,Spring,4.0,Yes,Free Shipping,Yes,Yes,37,Debit Card,Every 3 Months
1735,38,Male,Hoodie,Clothing,35,Virginia,M,Green,Spring,3.6,No,Next Day Air,Yes,Yes,28,PayPal,Weekly
1736,19,Male,Scarf,Accessories,44,Hawaii,M,Red,Summer,3.2,No,Free Shipping,No,No,2,Venmo,Bi-Weekly
1737,65,Male,Sweater,Clothing,70,Texas,M,Magenta,Fall,2.9,No,Standard,No,No,10,Bank Transfer,Bi-Weekly
1738,63,Female,Pants,Clothing,97,New Mexico,M,White,Fall,3.9,No,Store Pickup,Yes,Yes,9,Credit Card,Weekly
1739,54,Male,Hoodie,Clothing,30,Ohio,S,White,Fall,3.8,Yes,Express,Yes,Yes,22,Bank Transfer,Bi-Weekly
1740,54,Male,Sandals,Footwear,76,Tennessee,S,Beige,Spring,3.6,No,Express,Yes,Yes,22,Cash,Bi-Weekly
1741,67,Male,Jacket,Outerwear,65,Utah,L,Purple,Summer,4.9,No,Next Day Air,No,No,49,Credit Card,Annually
1742,54,Male,Socks,Clothing,86,Nevada,M,Silver,Winter,4.8,No,Next Day Air,Yes,Yes,45,PayPal,Bi-Weekly
1743,62,Male,Coat,Outerwear,32,South Dakota,M,Teal,Spring,4.1,Yes,Next Day Air,Yes,Yes,50,Debit Card,Fortnightly
1744,58,Female,Blouse,Clothing,85,Arizona,M,Turquoise,Summer,3.0,No,Store Pickup,No,No,49,Credit Card,Annually
1745,21,Male,Backpack,Accessories,36,Wyoming,M,Red,Fall,2.6,No,Next Day Air,No,No,1,Credit Card,Every 3 Months
1746,20,Male,Jeans,Clothing,72,Alabama,M,Gold,Summer,3.0,No,Express,Yes,Yes,4,Debit Card,Annually
1747,56,Male,Sweater,Clothing,74,Oregon,M,Charcoal,Winter,3.1,Yes,Store Pickup,No,No,7,Credit Card,Bi-Weekly
1748,18,Female,Pants,Clothing,55,New Jersey,L,Olive,Fall,4.2,No,Free Shipping,No,No,41,Credit Card,Monthly
1749,37,Male,Pants,Clothing,73,Maine,M,Olive,Winter,4.7,Yes,Express,No,No,4,Venmo,Monthly
1750,70,Male,Coat,Outerwear,40,Nebraska,M,Cyan,Fall,4.9,No,Next Day Air,No,No,3,PayPal,Fortnightly
1751,29,Female,Sweater,Clothing,40,Minnesota,M,Turquoise,Winter,3.4,No,Next Day Air,Yes,Yes,35,Debit Card,Weekly
1752,21,Female,Jeans,Clothing,88,Washington,S,White,Spring,2.7,Yes,Free Shipping,No,No,4,Venmo,Bi-Weekly
1753,52,Female,Shirt,Clothing,94,Kansas,M,Lavender,Spring,3.6,No,Express,No,No,49,PayPal,Monthly
1754,56,Female,Hat,Accessories,96,Virginia,M,Magenta,Fall,4.8,No,Next Day Air,No,No,43,Bank Transfer,Monthly
1755,68,Male,Blouse,Clothing,100,Wyoming,M,Beige,Winter,4.1,No,2-Day Shipping,No,No,36,Bank Transfer,Annually
1756,34,Male,Hoodie,Clothing,28,Washington,M,Olive,Winter,4.6,No,Standard,Yes,Yes,32,Debit Card,Monthly
1757,63,Male,Pants,Clothing,83,Maine,M,White,Fall,4.0,Yes,Express,No,No,39,Venmo,Fortnightly
1758,61,Male,Jacket,Outerwear,83,California,M,Beige,Spring,3.1,Yes,Standard,No,No,2,PayPal,Fortnightly
1759,59,Female,T-shirt,Clothing,73,Wyoming,M,Orange,Winter,4.4,Yes,Next Day Air,No,No,45,PayPal,Bi-Weekly
1760,19,Male,Shirt,Clothing,29,Kansas,L,Gold,Winter,4.7,No,Standard,Yes,Yes,38,Venmo,Weekly
1761,67,Male,Hat,Accessories,64,Massachusetts,M,Purple,Spring,4.4,Yes,Store Pickup,Yes,Yes,4,Credit Card,Monthly
1762,47,Male,Pants,Clothing,98,Arkansas,XL,Teal,Spring,3.0,No,Standard,No,No,4,Credit Card,Weekly
1763,53,Male,Backpack,Accessories,100,California,S,Maroon,Fall,2.5,No,Next Day Air,No,No,49,Venmo,Every 3 Months
1764,22,Male,Coat,Outerwear,44,Rhode Island,L,Turquoise,Spring,3.0,No,Store Pickup,Yes,Yes,5,Credit Card,Bi-Weekly
1765,28,Male,Belt,Accessories,99,New York,S,Blue,Fall,3.1,No,Next Day Air,No,No,28,Cash,Monthly
1766,60,Female,Gloves,Accessories,63,Oklahoma,M,Purple,Spring,2.6,No,Standard,Yes,Yes,24,PayPal,Annually
1767,67,Female,Coat,Outerwear,22,Idaho,M,Teal,Winter,4.0,Yes,Express,No,No,37,Bank Transfer,Annually
1768,23,Male,Backpack,Accessories,89,Rhode Island,XL,Purple,Summer,3.2,No,Free Shipping,No,No,13,Cash,Fortnightly
1769,18,Female,Sunglasses,Accessories,51,North Carolina,L,Maroon,Summer,2.8,No,Next Day Air,Yes,Yes,29,PayPal,Monthly
1770,57,Female,Boots,Footwear,33,Virginia,S,Yellow,Spring,3.4,No,Standard,No,No,49,Credit Card,Every 3 Months
1771,40,Male,Coat,Outerwear,39,Florida,S,Blue,Spring,3.8,No,Standard,No,No,48,Debit Card,Weekly
1772,70,Female,Sunglasses,Accessories,56,Colorado,L,Gold,Summer,3.9,No,Express,No,No,46,Venmo,Quarterly
1773,25,Female,Shirt,Clothing,60,Oregon,L,Cyan,Winter,4.8,No,Standard,Yes,Yes,45,Debit Card,Quarterly
1774,39,Male,Dress,Clothing,54,California,M,Gold,Winter,3.4,Yes,Standard,No,No,34,Cash,Annually
1775,22,Male,Dress,Clothing,63,Colorado,M,Beige,Spring,3.9,No,Store Pickup,No,No,44,Debit Card,Monthly
1776,18,Female,Hoodie,Clothing,61,Wyoming,S,Teal,Summer,2.8,No,Standard,No,No,43,Credit Card,Annually
1777,56,Female,Shoes,Footwear,43,Alaska,L,Violet,Fall,3.0,No,Store Pickup,No,No,37,Cash,Weekly
1778,53,Male,Handbag,Accessories,46,Montana,M,Indigo,Spring,3.1,No,Express,No,No,5,Cash,Weekly
1779,22,Male,Sneakers,Footwear,79,Georgia,S,Maroon,Spring,3.8,No,Standard,No,No,15,Cash,Fortnightly
1780,33,Female,Belt,Accessories,40,Virginia,M,Gray,Spring,4.6,Yes,Standard,No,No,31,Bank Transfer,Monthly
1781,61,Male,Jewelry,Accessories,39,Nebraska,S,Silver,Winter,3.1,No,2-Day Shipping,Yes,Yes,38,Cash,Monthly
1782,61,Male,Shoes,Footwear,82,Pennsylvania,M,Olive,Fall,4.4,No,Express,No,No,35,Debit Card,Bi-Weekly
1783,31,Male,Jewelry,Accessories,86,Kansas,M,Charcoal,Fall,3.4,No,Standard,Yes,Yes,10,Credit Card,Bi-Weekly
1784,51,Male,Belt,Accessories,43,Florida,S,Magenta,Spring,3.4,No,Express,No,No,12,Debit Card,Monthly
1785,21,Female,Hat,Accessories,50,Mississippi,S,Peach,Fall,2.5,No,Express,Yes,Yes,32,Cash,Monthly
1786,36,Male,Sweater,Clothing,39,Nevada,L,Turquoise,Summer,4.2,No,Next Day Air,No,No,41,Credit Card,Monthly
1787,50,Male,Sneakers,Footwear,80,Louisiana,XL,Maroon,Fall,3.4,No,Express,No,No,6,Venmo,Bi-Weekly
1788,35,Male,Hoodie,Clothing,57,Oregon,M,Blue,Spring,4.6,No,Free Shipping,No,No,29,PayPal,Annually
1789,38,Male,Coat,Outerwear,97,Montana,M,Yellow,Summer,4.2,Yes,Standard,Yes,Yes,13,Cash,Weekly
1790,34,Female,Jacket,Outerwear,74,Ohio,XL,Yellow,Summer,4.1,No,2-Day Shipping,Yes,Yes,23,PayPal,Quarterly
1791,41,Male,Boots,Footwear,54,Michigan,XL,Violet,Fall,4.8,No,Store Pickup,Yes,Yes,26,Cash,Bi-Weekly
1792,57,Male,Sunglasses,Accessories,81,New Hampshire,L,Turquoise,Winter,3.0,No,Free Shipping,Yes,Yes,24,Debit Card,Fortnightly
1793,34,Female,Scarf,Accessories,80,Florida,M,Peach,Spring,4.2,Yes,Express,No,No,19,Bank Transfer,Quarterly
1794,44,Male,Sweater,Clothing,83,Wisconsin,L,Orange,Winter,4.2,No,Free Shipping,No,No,18,Debit Card,Annually
1795,25,Male,Backpack,Accessories,61,Texas,M,Indigo,Spring,3.1,No,Free Shipping,No,No,32,Bank Transfer,Monthly
1796,39,Female,T-shirt,Clothing,39,Arkansas,M,Magenta,Spring,3.9,Yes,Next Day Air,No,No,41,Cash,Every 3 Months
1797,31,Male,Shoes,Footwear,96,Louisiana,S,Gray,Summer,2.5,No,Store Pickup,Yes,Yes,44,Bank Transfer,Quarterly
1798,47,Female,Sneakers,Footwear,95,Alabama,M,Orange,Spring,3.8,No,Free Shipping,No,No,2,Cash,Monthly
1799,47,Female,Handbag,Accessories,40,Louisiana,M,Beige,Winter,2.6,No,2-Day Shipping,No,No,1,Bank Transfer,Weekly
1800,23,Male,Sneakers,Footwear,24,Wisconsin,L,Gold,Winter,3.3,No,Standard,Yes,Yes,5,Credit Card,Quarterly
1801,19,Male,T-shirt,Clothing,47,Maryland,L,Teal,Spring,2.9,No,Next Day Air,No,No,37,Venmo,Fortnightly
1802,34,Male,Sneakers,Footwear,68,Utah,M,Magenta,Summer,3.9,No,Free Shipping,Yes,Yes,47,Credit Card,Quarterly
1803,67,Female,Coat,Outerwear,53,Pennsylvania,S,Turquoise,Fall,3.3,No,Store Pickup,Yes,Yes,46,Cash,Bi-Weekly
1804,33,Male,Backpack,Accessories,89,California,XL,Indigo,Spring,2.9,Yes,2-Day Shipping,No,No,13,Debit Card,Fortnightly
1805,55,Male,Coat,Outerwear,70,New Mexico,M,Orange,Summer,2.6,No,Standard,No,No,31,Venmo,Weekly
1806,21,Male,Sunglasses,Accessories,77,Colorado,M,Brown,Fall,4.9,No,Free Shipping,No,No,25,PayPal,Weekly
1807,64,Male,Handbag,Accessories,50,Maine,S,Gray,Spring,4.2,No,Standard,No,No,6,PayPal,Fortnightly
1808,18,Male,Sunglasses,Accessories,74,Washington,L,Blue,Fall,3.3,No,Next Day Air,No,No,14,Cash,Annually
1809,70,Female,Socks,Clothing,74,Georgia,S,Green,Winter,3.8,No,Standard,Yes,Yes,36,Debit Card,Monthly
1810,26,Female,Pants,Clothing,26,Kansas,M,Turquoise,Fall,4.2,Yes,Free Shipping,No,No,44,Venmo,Every 3 Months
1811,30,Male,Boots,Footwear,75,Utah,S,Charcoal,Fall,4.5,No,Store Pickup,Yes,Yes,33,Bank Transfer,Weekly
1812,34,Female,T-shirt,Clothing,26,Delaware,S,Black,Spring,4.9,No,Next Day Air,No,No,42,Bank Transfer,Monthly
1813,26,Male,Gloves,Accessories,42,Kentucky,S,Turquoise,Spring,2.9,Yes,Standard,Yes,Yes,27,Cash,Annually
1814,62,Male,Pants,Clothing,94,Maryland,S,Green,Fall,3.3,Yes,Free Shipping,Yes,Yes,33,Bank Transfer,Fortnightly
1815,21,Male,Handbag,Accessories,32,Tennessee,M,Cyan,Summer,3.7,No,Free Shipping,Yes,Yes,37,Bank Transfer,Monthly
1816,25,Female,Jacket,Outerwear,37,Massachusetts,L,Lavender,Spring,3.5,No,Express,Yes,Yes,37,Cash,Fortnightly
1817,64,Male,Scarf,Accessories,71,Massachusetts,S,Peach,Spring,3.7,No,Store Pickup,Yes,Yes,45,Cash,Annually
1818,40,Male,Shirt,Clothing,73,Louisiana,S,Peach,Fall,3.5,No,Standard,Yes,Yes,32,Credit Card,Bi-Weekly
1819,47,Female,Belt,Accessories,23,Mississippi,L,Violet,Fall,3.9,Yes,Standard,No,No,36,Venmo,Monthly
1820,40,Male,Jewelry,Accessories,100,Pennsylvania,M,Brown,Summer,3.7,No,Free Shipping,No,No,45,Debit Card,Bi-Weekly
1821,41,Female,Sneakers,Footwear,80,Kentucky,M,Red,Summer,3.9,No,Standard,Yes,Yes,21,Cash,Monthly
1822,44,Male,Shorts,Clothing,65,Alabama,L,Gray,Winter,4.2,Yes,Next Day Air,Yes,Yes,21,Credit Card,Monthly
1823,22,Female,Shirt,Clothing,41,Arizona,S,Beige,Spring,3.4,No,2-Day Shipping,No,No,37,Debit Card,Annually
1824,18,Female,Coat,Outerwear,92,Florida,XL,Green,Fall,3.6,No,Store Pickup,Yes,Yes,33,PayPal,Annually
1825,51,Female,Sneakers,Footwear,34,Florida,XL,Black,Summer,3.2,Yes,Free Shipping,Yes,Yes,40,Bank Transfer,Fortnightly
1826,66,Female,Sneakers,Footwear,85,New York,M,Orange,Winter,3.0,No,Express,No,No,5,Bank Transfer,Fortnightly
1827,60,Female,Belt,Accessories,25,Oklahoma,XL,Olive,Spring,4.4,No,Next Day Air,No,No,24,Debit Card,Annually
1828,68,Female,Belt,Accessories,26,Michigan,M,White,Summer,4.6,Yes,Free Shipping,No,No,49,Venmo,Quarterly
1829,35,Male,Jacket,Outerwear,33,Texas,M,Gold,Summer,4.2,No,Free Shipping,No,No,13,Credit Card,Bi-Weekly
1830,44,Male,Jewelry,Accessories,50,Delaware,XL,Magenta,Summer,3.4,Yes,Free Shipping,No,No,33,Bank Transfer,Annually
1831,54,Male,Dress,Clothing,33,California,M,Cyan,Winter,4.1,No,2-Day Shipping,No,No,39,Debit Card,Bi-Weekly
1832,28,Male,Shorts,Clothing,40,Pennsylvania,L,Cyan,Spring,3.5,No,2-Day Shipping,No,No,42,PayPal,Bi-Weekly
1833,69,Male,Dress,Clothing,53,Utah,S,Purple,Fall,3.2,Yes,Next Day Air,Yes,Yes,6,PayPal,Bi-Weekly
1834,69,Female,Dress,Clothing,83,North Dakota,L,Pink,Fall,4.3,No,Free Shipping,No,No,32,Venmo,Annually
1835,48,Female,Jeans,Clothing,39,Colorado,S,Gold,Winter,2.6,Yes,2-Day Shipping,Yes,Yes,36,Venmo,Bi-Weekly
1836,20,Male,Socks,Clothing,34,California,L,Lavender,Winter,3.4,Yes,Store Pickup,No,No,12,Debit Card,Every 3 Months
1837,55,Female,Backpack,Accessories,65,Mississippi,M,Turquoise,Spring,3.1,No,Next Day Air,No,No,14,Venmo,Every 3 Months
1838,36,Male,Sneakers,Footwear,27,California,M,Silver,Winter,3.5,No,Store Pickup,No,No,25,Cash,Monthly
1839,36,Male,Shirt,Clothing,60,California,L,Indigo,Summer,3.8,No,Express,Yes,Yes,1,Bank Transfer,Annually
1840,29,Female,Pants,Clothing,53,Minnesota,L,Red,Spring,3.6,No,Free Shipping,Yes,Yes,10,Bank Transfer,Quarterly
1841,49,Female,Shoes,Footwear,59,Texas,L,Brown,Spring,3.8,No,Express,No,No,45,Credit Card,Every 3 Months
1842,59,Female,Sneakers,Footwear,68,Wyoming,L,Orange,Fall,5.0,No,Express,Yes,Yes,22,Cash,Annually
1843,23,Male,Coat,Outerwear,92,California,L,Gray,Fall,4.6,No,2-Day Shipping,Yes,Yes,20,PayPal,Bi-Weekly
1844,47,Male,Hoodie,Clothing,98,South Dakota,L,Turquoise,Summer,3.1,No,Next Day Air,No,No,44,Bank Transfer,Monthly
1845,62,Female,Handbag,Accessories,94,Massachusetts,L,Magenta,Fall,3.1,No,Store Pickup,Yes,Yes,27,PayPal,Weekly
1846,33,Male,Scarf,Accessories,31,New Jersey,S,Indigo,Summer,4.6,No,Store Pickup,Yes,Yes,37,Debit Card,Monthly
1847,68,Female,Backpack,Accessories,81,Kentucky,M,Gray,Summer,2.6,No,2-Day Shipping,No,No,23,Venmo,Weekly
1848,56,Female,Blouse,Clothing,98,Michigan,M,Beige,Spring,3.1,No,Store Pickup,No,No,49,Debit Card,Quarterly
1849,35,Male,Jacket,Outerwear,68,Hawaii,M,Magenta,Summer,3.5,No,Next Day Air,Yes,Yes,39,Credit Card,Annually
1850,55,Female,Hat,Accessories,26,Kentucky,S,Yellow,Winter,2.8,Yes,Free Shipping,Yes,Yes,22,Debit Card,Every 3 Months
1851,19,Male,Shirt,Clothing,98,Illinois,L,White,Summer,3.7,Yes,2-Day Shipping,No,No,8,Credit Card,Monthly
1852,34,Female,Shirt,Clothing,95,Iowa,XL,Magenta,Summer,3.0,Yes,Standard,No,No,23,PayPal,Bi-Weekly
1853,62,Male,Jewelry,Accessories,29,Louisiana,L,Charcoal,Fall,3.2,No,Express,No,No,31,Credit Card,Annually
1854,39,Male,Jeans,Clothing,44,Michigan,XL,Yellow,Summer,2.9,Yes,Express,No,No,39,Credit Card,Every 3 Months
1855,22,Male,Shoes,Footwear,84,Connecticut,S,Teal,Fall,4.3,No,Free Shipping,No,No,11,Debit Card,Every 3 Months
1856,45,Male,Shirt,Clothing,74,Utah,XL,Gray,Fall,2.8,No,2-Day Shipping,No,No,37,Credit Card,Fortnightly
1857,56,Male,Dress,Clothing,80,Maryland,M,Beige,Winter,3.2,No,Free Shipping,No,No,17,Bank Transfer,Fortnightly
1858,30,Male,Blouse,Clothing,21,Ohio,XL,Green,Fall,3.5,No,Store Pickup,Yes,Yes,39,Cash,Bi-Weekly
1859,48,Female,Blouse,Clothing,34,Washington,M,Beige,Spring,3.1,No,Standard,Yes,Yes,25,Cash,Annually
1860,29,Female,Shoes,Footwear,41,California,S,Pink,Summer,3.7,No,Store Pickup,Yes,Yes,28,Venmo,Annually
1861,70,Male,Shorts,Clothing,96,Massachusetts,L,Indigo,Summer,4.8,Yes,Store Pickup,Yes,Yes,47,Debit Card,Quarterly
1862,61,Female,Hat,Accessories,42,Minnesota,M,Black,Spring,4.1,Yes,2-Day Shipping,No,No,47,Cash,Bi-Weekly
1863,55,Male,Sneakers,Footwear,60,South Carolina,M,Blue,Winter,4.6,No,Next Day Air,No,No,19,Credit Card,Fortnightly
1864,65,Male,Skirt,Clothing,82,Maryland,M,Cyan,Summer,4.7,No,2-Day Shipping,No,No,28,Bank Transfer,Quarterly
1865,30,Female,T-shirt,Clothing,36,Hawaii,M,White,Summer,4.4,No,2-Day Shipping,Yes,Yes,31,Cash,Bi-Weekly
1866,58,Male,Hat,Accessories,76,Missouri,L,Lavender,Spring,3.8,No,Next Day Air,Yes,Yes,39,Credit Card,Fortnightly
1867,67,Female,Dress,Clothing,82,Wisconsin,L,Red,Spring,2.6,Yes,Express,No,No,21,Cash,Bi-Weekly
1868,25,Female,Sneakers,Footwear,93,Maine,M,Beige,Fall,3.8,No,Store Pickup,Yes,Yes,15,Cash,Bi-Weekly
1869,32,Male,Pants,Clothing,51,Virginia,M,Silver,Summer,4.4,No,Express,Yes,Yes,1,Debit Card,Weekly
1870,19,Male,Scarf,Accessories,63,Hawaii,M,Lavender,Summer,2.9,No,Free Shipping,Yes,Yes,46,PayPal,Every 3 Months
1871,19,Female,Sweater,Clothing,70,Maine,L,Violet,Spring,4.4,No,Next Day Air,Yes,Yes,50,Cash,Monthly
1872,69,Female,Dress,Clothing,39,Maryland,S,Lavender,Summer,4.4,No,Store Pickup,No,No,41,PayPal,Every 3 Months
1873,42,Female,Socks,Clothing,49,Alaska,XL,Green,Winter,4.7,Yes,Store Pickup,No,No,46,Credit Card,Every 3 Months
1874,46,Male,Boots,Footwear,96,Tennessee,L,Gray,Winter,2.8,No,Standard,No,No,19,Credit Card,Quarterly
1875,38,Female,Scarf,Accessories,35,Oklahoma,S,Cyan,Spring,2.7,No,Store Pickup,No,No,36,Debit Card,Annually
1876,62,Female,Jewelry,Accessories,61,Wyoming,M,Olive,Winter,4.8,No,2-Day Shipping,Yes,Yes,2,Credit Card,Fortnightly
1877,48,Male,Socks,Clothing,65,Colorado,M,Silver,Summer,3.4,No,2-Day Shipping,No,No,2,Credit Card,Weekly
1878,30,Male,Sweater,Clothing,38,Utah,L,Yellow,Winter,3.1,No,Free Shipping,No,No,8,PayPal,Weekly
1879,20,Male,Sneakers,Footwear,54,Missouri,M,Silver,Summer,4.9,No,Standard,Yes,Yes,23,Credit Card,Annually
1880,47,Male,Handbag,Accessories,82,Pennsylvania,M,Blue,Winter,4.0,No,2-Day Shipping,No,No,7,Bank Transfer,Quarterly
1881,49,Male,Hat,Accessories,78,North Dakota,M,Turquoise,Spring,2.6,No,Free Shipping,Yes,Yes,35,Venmo,Weekly
1882,53,Male,Jewelry,Accessories,73,Massachusetts,L,Gold,Fall,3.0,No,Free Shipping,Yes,Yes,37,Debit Card,Fortnightly
1883,22,Male,Pants,Clothing,30,Rhode Island,S,Indigo,Fall,4.6,No,Store Pickup,No,No,34,Cash,Annually
1884,57,Female,Shoes,Footwear,99,California,S,Pink,Fall,2.5,No,Next Day Air,Yes,Yes,13,PayPal,Every 3 Months
1885,66,Male,Shirt,Clothing,53,Maine,M,Indigo,Winter,4.6,Yes,Store Pickup,Yes,Yes,20,Debit Card,Bi-Weekly
1886,49,Male,Skirt,Clothing,62,Pennsylvania,M,Charcoal,Fall,3.5,No,Standard,No,No,37,Venmo,Monthly
1887,60,Male,Hat,Accessories,80,Kansas,M,Turquoise,Summer,3.8,No,Standard,No,No,7,Cash,Fortnightly
1888,19,Male,Hoodie,Clothing,94,Massachusetts,XL,Turquoise,Spring,3.1,No,Free Shipping,Yes,Yes,8,Credit Card,Monthly
1889,37,Female,Shoes,Footwear,42,Washington,M,Gray,Spring,3.0,No,Free Shipping,No,No,21,Bank Transfer,Quarterly
1890,32,Male,Backpack,Accessories,86,Maine,M,Maroon,Spring,2.9,No,Express,Yes,Yes,34,Venmo,Every 3 Months
1891,18,Male,Shorts,Clothing,36,South Carolina,S,Orange,Spring,4.0,No,Store Pickup,No,No,49,Credit Card,Fortnightly
1892,67,Male,Handbag,Accessories,67,Wyoming,M,Black,Winter,4.8,Yes,2-Day Shipping,No,No,38,PayPal,Fortnightly
1893,31,Male,Belt,Accessories,79,West Virginia,M,Teal,Spring,4.9,No,Express,No,No,43,Debit Card,Weekly
1894,20,Female,Shorts,Clothing,39,Louisiana,M,Brown,Winter,3.8,No,Free Shipping,Yes,Yes,38,Credit Card,Bi-Weekly
1895,18,Male,Sweater,Clothing,52,Maryland,M,Gold,Summer,4.5,No,Free Shipping,Yes,Yes,18,Bank Transfer,Monthly
1896,61,Male,Shorts,Clothing,58,Washington,L,Olive,Winter,4.4,Yes,Next Day Air,No,No,10,Bank Transfer,Weekly
1897,68,Female,Hoodie,Clothing,49,West Virginia,M,Gold,Spring,3.1,No,2-Day Shipping,Yes,Yes,7,Cash,Annually
1898,40,Male,Sweater,Clothing,46,Michigan,M,Magenta,Summer,4.5,No,Free Shipping,Yes,Yes,28,Venmo,Weekly
1899,34,Female,Jeans,Clothing,74,Iowa,L,Silver,Summer,4.4,No,Store Pickup,No,No,50,PayPal,Every 3 Months
1900,45,Male,Hat,Accessories,97,Connecticut,S,Green,Winter,4.6,Yes,Free Shipping,No,No,45,PayPal,Quarterly
1901,67,Male,Handbag,Accessories,49,California,M,Yellow,Fall,5.0,No,Next Day Air,Yes,Yes,36,Credit Card,Monthly
1902,50,Female,Hoodie,Clothing,89,New York,M,Violet,Winter,2.9,No,Express,Yes,Yes,38,Bank Transfer,Annually
1903,55,Female,Hat,Accessories,55,Nebraska,L,Beige,Spring,2.8,Yes,Express,Yes,Yes,10,Bank Transfer,Quarterly
1904,29,Male,Sandals,Footwear,41,Michigan,M,Brown,Winter,4.4,No,Express,Yes,Yes,15,Bank Transfer,Weekly
1905,41,Female,Scarf,Accessories,52,Iowa,M,Green,Spring,2.8,No,Free Shipping,Yes,Yes,19,Cash,Annually
1906,33,Male,Hat,Accessories,27,Ohio,XL,Peach,Winter,3.8,No,Standard,No,No,35,Debit Card,Every 3 Months
1907,27,Male,Sweater,Clothing,42,Hawaii,M,Turquoise,Fall,3.7,No,Free Shipping,Yes,Yes,39,Bank Transfer,Bi-Weekly
1908,59,Female,Sandals,Footwear,48,Rhode Island,M,Magenta,Fall,4.7,No,Store Pickup,Yes,Yes,33,Bank Transfer,Bi-Weekly
1909,68,Female,Jewelry,Accessories,30,Alaska,M,Violet,Summer,,No,Free Shipping,No,No,32,Venmo,Annually
1910,25,Male,Hoodie,Clothing,47,Missouri,S,Silver,Fall,3.8,No,Store Pickup,No,No,9,Debit Card,Quarterly
1911,49,Male,Scarf,Accessories,57,Nevada,L,Black,Summer,4.0,Yes,Free Shipping,No,No,8,Debit Card,Annually
1912,32,Male,Hat,Accessories,53,Oklahoma,XL,Brown,Spring,3.0,No,Free Shipping,Yes,Yes,7,PayPal,Fortnightly
1913,34,Male,Scarf,Accessories,61,Massachusetts,M,Gold,Winter,3.7,No,Free Shipping,Yes,Yes,27,Debit Card,Fortnightly
1914,38,Male,Handbag,Accessories,55,Connecticut,S,Orange,Spring,4.9,No,Next Day Air,Yes,Yes,43,Bank Transfer,Every 3 Months
1915,22,Female,Sneakers,Footwear,36,Kansas,L,White,Winter,4.6,Yes,2-Day Shipping,No,No,35,Bank Transfer,Annually
1916,68,Female,Hat,Accessories,22,Maryland,M,Silver,Summer,2.7,Yes,Store Pickup,No,No,39,Cash,Weekly
1917,47,Female,Belt,Accessories,31,Kansas,M,Orange,Fall,2.7,No,2-Day Shipping,Yes,Yes,29,Debit Card,Annually
1918,40,Female,Jeans,Clothing,44,Georgia,S,Magenta,Fall,2.6,Yes,2-Day Shipping,No,No,11,Venmo,Weekly
1919,56,Male,Blouse,Clothing,71,New Mexico,M,Brown,Summer,2.8,No,Express,Yes,Yes,16,Cash,Quarterly
1920,18,Female,Coat,Outerwear,22,Illinois,M,Silver,Fall,3.3,No,Express,No,No,47,Bank Transfer,Annually
1921,66,Male,T-shirt,Clothing,87,South Dakota,M,Green,Winter,3.3,No,Store Pickup,Yes,Yes,31,Credit Card,Weekly
1922,44,Female,Backpack,Accessories,84,Texas,M,Turquoise,Winter,3.7,No,Free Shipping,No,No,39,Bank Transfer,Annually
1923,49,Male,Shorts,Clothing,30,Virginia,L,Silver,Winter,3.2,Yes,Express,Yes,Yes,35,Bank Transfer,Fortnightly
1924,27,Male,Scarf,Accessories,32,Montana,M,Orange,Summer,4.3,No,2-Day Shipping,Yes,Yes,19,Debit Card,Monthly
1925,25,Female,Jewelry,Accessories,83,Washington,M,Cyan,Summer,3.0,No,Next Day Air,No,No,45,Debit Card,Monthly
1926,24,Male,Gloves,Accessories,40,Kansas,S,Cyan,Spring,2.7,No,Standard,Yes,Yes,29,Debit Card,Every 3 Months
1927,56,Male,Coat,Outerwear,72,Alabama,M,Yellow,Spring,3.1,Yes,Express,Yes,Yes,44,PayPal,Annually
1928,22,Male,Gloves,Accessories,68,New Hampshire,L,Violet,Winter,4.1,No,Next Day Air,Yes,Yes,29,Cash,Every 3 Months
1929,62,Female,Shirt,Clothing,33,New Mexico,S,Beige,Spring,3.7,No,Free Shipping,Yes,Yes,19,PayPal,Monthly
1930,46,Male,T-shirt,Clothing,26,Arkansas,S,Black,Winter,2.9,No,Express,No,No,17,Cash,Fortnightly
1931,51,Female,Skirt,Clothing,70,Colorado,L,Brown,Spring,3.2,No,Next Day Air,Yes,Yes,31,Cash,Bi-Weekly
1932,24,Male,Shorts,Clothing,65,Arizona,M,Green,Fall,3.0,No,Express,Yes,Yes,27,Cash,Fortnightly
1933,49,Male,Jacket,Outerwear,89,Wisconsin,L,Magenta,Fall,3.3,No,Express,No,No,9,Bank Transfer,Quarterly
1934,49,Male,Gloves,Accessories,36,South Carolina,M,Purple,Fall,3.1,No,Store Pickup,No,No,50,Venmo,Weekly
1935,43,Male,Hat,Accessories,55,South Carolina,S,Teal,Winter,2.6,No,Express,Yes,Yes,34,PayPal,Annually
1936,51,Female,Handbag,Accessories,36,Connecticut,L,Green,Spring,3.8,No,Standard,No,No,16,PayPal,Annually
1937,25,Female,Socks,Clothing,90,Texas,M,Silver,Fall,3.1,No,Express,No,No,36,Credit Card,Bi-Weekly
1938,26,Male,Hoodie,Clothing,65,Virginia,M,Magenta,Summer,2.6,No,Free Shipping,Yes,Yes,40,PayPal,Bi-Weekly
1939,35,Female,Scarf,Accessories,60,Maine,L,Teal,Spring,4.9,No,Free Shipping,Yes,Yes,23,Credit Card,Quarterly
1940,65,Male,Shirt,Clothing,26,Colorado,L,Turquoise,Summer,3.4,Yes,Express,No,No,46,Cash,Annually
1941,29,Male,Blouse,Clothing,26,Oregon,L,Maroon,Winter,3.4,No,2-Day Shipping,No,No,48,Bank Transfer,Weekly
1942,21,Female,Belt,Accessories,94,Kansas,L,Lavender,Spring,4.6,No,Free Shipping,No,No,26,Credit Card,Weekly
1943,62,Female,Scarf,Accessories,21,Michigan,L,Purple,Winter,,No,2-Day Shipping,No,No,30,PayPal,Fortnightly
1944,59,Male,Blouse,Clothing,83,Michigan,M,Magenta,Fall,4.5,No,Free Shipping,Yes,Yes,6,PayPal,Bi-Weekly
1945,68,Female,Blouse,Clothing,23,Arizona,L,Gray,Fall,4.5,No,2-Day Shipping,No,No,44,Credit Card,Fortnightly
1946,42,Male,Shoes,Footwear,71,Idaho,M,Orange,Spring,4.0,No,Next Day Air,No,No,7,PayPal,Weekly
1947,55,Male,Belt,Accessories,60,West Virginia,L,Gray,Summer,4.1,Yes,Store Pickup,No,No,3,PayPal,Weekly
1948,63,Female,Blouse,Clothing,45,Massachusetts,M,Gray,Summer,2.9,Yes,Store Pickup,No,No,42,PayPal,Monthly
1949,54,Male,Gloves,Accessories,37,North Carolina,XL,Blue,Fall,3.3,No,Next Day Air,Yes,Yes,7,Cash,Monthly
1950,52,Male,Jewelry,Accessories,20,New Jersey,M,Violet,Fall,3.7,No,Free Shipping,No,No,49,PayPal,Fortnightly
1951,38,Male,Coat,Outerwear,71,North Dakota,XL,Silver,Fall,4.7,No,2-Day Shipping,No,No,33,PayPal,Weekly
1952,54,Male,Skirt,Clothing,39,Wisconsin,S,Orange,Winter,4.3,No,Store Pickup,No,No,9,Credit Card,Every 3 Months
1953,64,Female,Sandals,Footwear,35,Wyoming,M,Green,Winter,2.6,No,Store Pickup,Yes,Yes,41,Venmo,Every 3 Months
1954,39,Female,Sunglasses,Accessories,44,Texas,L,Gold,Summer,3.6,Yes,Store Pickup,No,No,39,Debit Card,Weekly
1955,19,Male,Sweater,Clothing,35,Illinois,M,Cyan,Spring,3.3,No,Next Day Air,Yes,Yes,3,Debit Card,Quarterly
1956,62,Male,Backpack,Accessories,81,Arkansas,M,Magenta,Summer,3.7,No,Free Shipping,No,No,47,Venmo,Weekly
1957,52,Female,Dress,Clothing,30,Tennessee,L,Lavender,Spring,3.7,No,Standard,No,No,10,Cash,Fortnightly
1958,61,Female,Dress,Clothing,94,Hawaii,M,Cyan,Summer,5.0,No,Express,No,No,36,Bank Transfer,Weekly
1959,39,Female,Jeans,Clothing,55,Colorado,M,Gold,Spring,3.5,No,Standard,No,No,46,Cash,Annually
1960,55,Male,Sunglasses,Accessories,69,Massachusetts,M,Violet,Fall,4.8,No,2-Day Shipping,No,No,28,Cash,Bi-Weekly
1961,29,Male,Jewelry,Accessories,28,Arkansas,L,Turquoise,Summer,4.0,No,Express,No,No,34,Credit Card,Every 3 Months
1962,30,Male,Dress,Clothing,79,Louisiana,L,Charcoal,Fall,3.0,Yes,Free Shipping,No,No,18,Venmo,Fortnightly
1963,69,Male,Shirt,Clothing,94,Alaska,XL,Magenta,Spring,2.5,No,Standard,Yes,Yes,40,Cash,Annually
1964,27,Male,Sneakers,Footwear,38,New York,M,Charcoal,Winter,2.6,Yes,Next Day Air,No,No,39,Cash,Every 3 Months
1965,52,Male,Sweater,Clothing,65,Virginia,S,Lavender,Winter,4.0,No,Store Pickup,Yes,Yes,47,Venmo,Fortnightly
1966,57,Male,Blouse,Clothing,88,Kansas,L,Gray,Fall,4.8,No,Express,No,No,38,PayPal,Bi-Weekly
1967,36,Male,Jacket,Outerwear,88,South Carolina,M,Cyan,Winter,3.8,Yes,Store Pickup,Yes,Yes,3,Debit Card,Fortnightly
1968,70,Male,Backpack,Accessories,86,Oklahoma,M,Magenta,Summer,3.0,Yes,Store Pickup,No,No,16,Bank Transfer,Annually
1969,60,Male,Gloves,Accessories,31,Indiana,XL,Beige,Spring,4.4,No,Next Day Air,No,No,17,Bank Transfer,Bi-Weekly
1970,52,Female,Backpack,Accessories,22,Tennessee,S,Lavender,Winter,4.2,No,Next Day Air,No,No,35,Cash,Annually
1971,65,Male,T-shirt,Clothing,77,Hawaii,L,Olive,Winter,4.0,No,Standard,Yes,Yes,13,Cash,Annually
1972,29,Female,Socks,Clothing,72,Nebraska,L,Red,Fall,2.7,No,Express,Yes,Yes,18,Bank Transfer,Monthly
1973,22,Female,Shoes,Footwear,49,Kentucky,XL,Cyan,Spring,3.3,No,Store Pickup,No,No,15,Debit Card,Monthly
1974,51,Male,Gloves,Accessories,68,Louisiana,L,Lavender,Fall,2.6,No,Express,No,No,44,Bank Transfer,Quarterly
1975,29,Female,Boots,Footwear,48,Nebraska,M,Teal,Fall,4.4,No,Next Day Air,No,No,32,Cash,Quarterly
1976,58,Male,Shorts,Clothing,79,Kentucky,M,Magenta,Summer,3.5,No,Next Day Air,No,No,2,Debit Card,Weekly
1977,63,Female,Backpack,Accessories,39,South Carolina,L,Brown,Winter,2.7,No,Express,Yes,Yes,23,PayPal,Annually
1978,31,Male,Pants,Clothing,77,Louisiana,M,Indigo,Winter,3.8,Yes,Standard,No,No,33,PayPal,Bi-Weekly
1979,28,Male,Pants,Clothing,88,Alaska,XL,Yellow,Fall,2.9,No,Standard,No,No,24,Cash,Weekly
1980,39,Female,Skirt,Clothing,42,West Virginia,XL,Silver,Summer,2.6,No,Free Shipping,Yes,Yes,25,Debit Card,Monthly
1981,58,Male,T-shirt,Clothing,59,Maryland,L,Black,Spring,3.8,Yes,Next Day Air,Yes,Yes,36,Venmo,Annually
1982,52,Male,Blouse,Clothing,34,Indiana,L,Blue,Fall,2.8,No,Store Pickup,No,No,29,Cash,Annually
1983,50,Female,Blouse,Clothing,49,Utah,M,Red,Fall,2.7,No,Standard,No,No,6,Bank Transfer,Quarterly
1984,61,Male,Pants,Clothing,88,Delaware,S,Indigo,Fall,4.9,No,Next Day Air,No,No,2,Cash,Monthly
1985,31,Female,Sandals,Footwear,96,New Hampshire,M,White,Spring,2.5,No,2-Day Shipping,Yes,Yes,12,Credit Card,Monthly
1986,43,Male,Sneakers,Footwear,90,Arizona,S,Lavender,Fall,4.8,No,Next Day Air,No,No,17,Cash,Bi-Weekly
1987,23,Male,Hat,Accessories,75,Oregon,M,Magenta,Spring,2.5,No,Express,No,No,2,PayPal,Every 3 Months
1988,53,Male,Scarf,Accessories,45,New Jersey,S,Brown,Spring,4.3,No,Free Shipping,Yes,Yes,41,PayPal,Monthly
1989,56,Male,Backpack,Accessories,54,Missouri,M,Brown,Summer,2.6,No,Store Pickup,No,No,48,Credit Card,Every 3 Months
1990,25,Female,Skirt,Clothing,89,North Carolina,XL,Teal,Summer,4.4,Yes,Store Pickup,Yes,Yes,31,Bank Transfer,Weekly
1991,35,Male,Gloves,Accessories,49,Michigan,L,White,Fall,3.1,No,Store Pickup,No,No,40,Bank Transfer,Quarterly
1992,69,Male,Hat,Accessories,86,West Virginia,M,Peach,Winter,3.7,Yes,2-Day Shipping,No,No,38,PayPal,Bi-Weekly
1993,50,Male,Coat,Outerwear,73,Mississippi,M,Magenta,Spring,4.9,Yes,Next Day Air,Yes,Yes,45,Credit Card,Quarterly
1994,26,Female,Sneakers,Footwear,56,New York,M,Beige,Summer,4.8,No,Store Pickup,No,No,1,Bank Transfer,Weekly
1995,26,Female,Shirt,Clothing,55,Montana,L,Teal,Winter,3.0,No,2-Day Shipping,Yes,Yes,12,Cash,Fortnightly
1996,37,Male,Belt,Accessories,20,Maine,XL,Orange,Fall,4.5,No,2-Day Shipping,No,No,9,PayPal,Quarterly
1997,29,Male,Jeans,Clothing,32,Alabama,L,Purple,Fall,4.5,No,Standard,No,No,20,PayPal,Annually
1998,43,Female,Handbag,Accessories,76,South Carolina,M,Violet,Fall,3.1,No,Store Pickup,Yes,Yes,35,PayPal,Every 3 Months
1999,69,Male,Shoes,Footwear,53,Kentucky,L,Brown,Winter,,No,Free Shipping,No,No,39,Credit Card,Quarterly
2000,65,Male,Hat,Accessories,68,Maryland,M,Charcoal,Summer,3.1,No,Next Day Air,No,No,35,Debit Card,Fortnightly
2001,46,Male,Hoodie,Clothing,30,Connecticut,M,Red,Spring,4.3,No,Store Pickup,Yes,Yes,5,Bank Transfer,Every 3 Months
2002,21,Male,Jeans,Clothing,21,New Jersey,L,Indigo,Summer,4.9,No,Standard,No,No,43,Debit Card,Quarterly
2003,49,Female,Socks,Clothing,62,Maryland,L,Maroon,Winter,3.2,No,2-Day Shipping,Yes,Yes,39,Cash,Fortnightly
2004,32,Female,Gloves,Accessories,81,New York,L,Black,Summer,4.8,No,Express,No,No,6,Venmo,Quarterly
2005,70,Male,Belt,Accessories,72,Louisiana,M,Black,Spring,4.0,No,Standard,Yes,Yes,40,Cash,Bi-Weekly
2006,46,Male,Gloves,Accessories,94,Utah,XL,Beige,Summer,2.9,No,Free Shipping,Yes,Yes,5,Debit Card,Fortnightly
2007,35,Female,Shirt,Clothing,94,Arizona,M,Orange,Winter,3.4,No,Next Day Air,No,No,50,Venmo,Monthly
2008,35,Male,Backpack,Accessories,38,Maryland,M,Lavender,Spring,3.5,No,2-Day Shipping,No,No,15,PayPal,Monthly
2009,18,Male,Shirt,Clothing,59,Michigan,L,Yellow,Spring,2.8,No,2-Day Shipping,Yes,Yes,21,Credit Card,Every 3 Months
2010,45,Male,Jacket,Outerwear,33,Virginia,XL,Magenta,Spring,4.5,No,Express,No,No,38,Venmo,Annually
2011,20,Male,Coat,Outerwear,29,Alaska,M,Gray,Summer,3.7,No,Next Day Air,No,No,10,PayPal,Every 3 Months
2012,54,Female,Hoodie,Clothing,42,Nebraska,S,Pink,Winter,4.7,No,Express,No,No,26,Cash,Every 3 Months
2013,29,Male,Scarf,Accessories,30,Mississippi,L,Indigo,Fall,4.4,No,2-Day Shipping,Yes,Yes,48,Cash,Weekly
2014,22,Female,Backpack,Accessories,21,Alaska,L,Brown,Fall,4.3,No,Free Shipping,Yes,Yes,28,PayPal,Monthly
2015,30,Male,T-shirt,Clothing,23,Kentucky,M,Charcoal,Winter,3.9,No,2-Day Shipping,Yes,Yes,10,Bank Transfer,Monthly
2016,45,Female,Hoodie,Clothing,33,Idaho,L,Teal,Fall,2.8,No,2-Day Shipping,No,No,44,PayPal,Bi-Weekly
2017,60,Male,Shirt,Clothing,38,Montana,L,Gray,Spring,3.2,No,2-Day Shipping,Yes,Yes,10,Venmo,Fortnightly
2018,67,Female,Gloves,Accessories,51,West Virginia,L,Yellow,Winter,3.3,No,2-Day Shipping,No,No,12,PayPal,Weekly
2019,28,Male,Pants,Clothing,49,Montana,XL,Yellow,Winter,2.6,No,Store Pickup,Yes,Yes,12,Credit Card,Quarterly
2020,60,Male,Jeans,Clothing,82,Massachusetts,L,Magenta,Summer,2.9,No,2-Day Shipping,No,No,1,Venmo,Every 3 Months
2021,27,Female,Sneakers,Footwear,47,Massachusetts,L,Turquoise,Spring,4.2,Yes,Store Pickup,Yes,Yes,19,PayPal,Monthly
2022,46,Male,Hoodie,Clothing,25,Maryland,XL,Silver,Winter,2.6,No,Express,Yes,Yes,43,Cash,Fortnightly
2023,53,Male,Backpack,Accessories,25,Ohio,M,Magenta,Summer,3.5,No,Free Shipping,No,No,2,Bank Transfer,Weekly
2024,18,Male,Sweater,Clothing,91,Wisconsin,XL,Violet,Fall,2.6,No,Next Day Air,No,No,22,Bank Transfer,Every 3 Months
2025,50,Male,Shorts,Clothing,82,Michigan,L,Green,Summer,2.6,Yes,Express,No,No,29,Venmo,Quarterly
2026,34,Male,Scarf,Accessories,32,Mississippi,M,Teal,Summer,3.3,Yes,2-Day Shipping,Yes,Yes,29,Credit Card,Bi-Weekly
2027,68,Male,Shirt,Clothing,82,Indiana,L,White,Winter,3.5,No,2-Day Shipping,Yes,Yes,14,PayPal,Annually
2028,56,Male,Sneakers,Footwear,76,Utah,M,Brown,Spring,4.5,No,Standard,Yes,Yes,31,Cash,Bi-Weekly
2029,29,Male,Handbag,Accessories,21,Nevada,L,Pink,Spring,4.8,No,Next Day Air,No,No,9,PayPal,Bi-Weekly
2030,59,Male,Skirt,Clothing,95,Texas,L,Pink,Winter,3.3,Yes,Standard,No,No,46,Credit Card,Fortnightly
2031,63,Female,T-shirt,Clothing,42,New Mexico,XL,Cyan,Summer,5.0,No,Next Day Air,Yes,Yes,13,Debit Card,Quarterly
2032,53,Male,Backpack,Accessories,26,Georgia,L,Violet,Summer,4.0,No,Next Day Air,Yes,Yes,7,PayPal,Bi-Weekly
2033,26,Male,Coat,Outerwear,61,Rhode Island,L,Brown,Fall,4.5,No,Standard,No,No,36,Debit Card,Every 3 Months
2034,19,Female,Boots,Footwear,74,Arkansas,L,Gray,Winter,4.2,Yes,Store Pickup,Yes,Yes,36,Debit Card,Monthly
2035,41,Male,Pants,Clothing,41,Wisconsin,L,Yellow,Fall,3.0,No,Express,Yes,Yes,32,Credit Card,Annually
2036,35,Male,T-shirt,Clothing,40,Massachusetts,M,Green,Winter,4.3,No,Store Pickup,No,No,8,PayPal,Bi-Weekly
2037,60,Male,Scarf,Accessories,32,Wyoming,M,Turquoise,Spring,3.1,No,Free Shipping,No,No,44,Cash,Every 3 Months
2038,61,Male,Blouse,Clothing,61,Texas,M,Maroon,Summer,4.3,Yes,2-Day Shipping,Yes,Yes,17,Cash,Bi-Weekly
2039,48,Male,Jeans,Clothing,90,Hawaii,M,Charcoal,Summer,4.8,No,Store Pickup,No,No,8,Debit Card,Weekly
2040,39,Female,Sweater,Clothing,37,Missouri,M,Green,Winter,4.1,No,Express,Yes,Yes,50,Venmo,Annually
2041,47,Male,Handbag,Accessories,52,Maine,M,Black,Spring,4.7,No,Next Day Air,Yes,Yes,46,Credit Card,Monthly
2042,46,Female,Handbag,Accessories,57,Oregon,M,Turquoise,Fall,4.0,No,Free Shipping,No,No,15,Credit Card,Annually
2043,59,Female,Jewelry,Accessories,68,Idaho,M,Blue,Summer,4.6,Yes,Free Shipping,Yes,Yes,3,Bank Transfer,Bi-Weekly
2044,49,Male,Backpack,Accessories,59,Wyoming,L,Magenta,Fall,2.8,No,Express,No,No,40,Debit Card,Fortnightly
2045,60,Male,Scarf,Accessories,58,Indiana,M,Lavender,Summer,4.3,No,Store Pickup,No,No,44,PayPal,Annually
2046,41,Male,Shirt,Clothing,38,West Virginia,M,Silver,Summer,4.2,Yes,2-Day Shipping,Yes,Yes,4,PayPal,Annually
2047,63,Male,Blouse,Clothing,77,North Dakota,XL,Peach,Winter,3.2,No,Express,No,No,9,Cash,Fortnightly
2048,70,Male,Socks,Clothing,33,Ohio,S,Turquoise,Fall,5.0,No,Free Shipping,Yes,Yes,37,Bank Transfer,Monthly
2049,64,Female,Socks,Clothing,71,Oregon,L,Silver,Winter,2.8,No,Free Shipping,Yes,Yes,5,PayPal,Quarterly
2050,44,Male,Jeans,Clothing,56,Minnesota,L,Charcoal,Summer,2.8,Yes,Express,No,No,1,Credit Card,Bi-Weekly
2051,53,Female,Sweater,Clothing,62,Maine,S,Indigo,Winter,3.0,No,Next Day Air,No,No,14,Bank Transfer,Quarterly
2052,59,Male,Socks,Clothing,65,Minnesota,M,Olive,Summer,3.8,No,Standard,No,No,12,Venmo,Bi-Weekly
2053,52,Male,Socks,Clothing,95,New Hampshire,S,Magenta,Summer,4.1,No,Store Pickup,No,No,47,Cash,Quarterly
2054,48,Male,Boots,Footwear,99,Vermont,M,Lavender,Winter,3.0,No,Free Shipping,No,No,12,Venmo,Weekly
2055,59,Female,Jacket,Outerwear,94,Delaware,M,Green,Winter,4.2,No,Standard,No,No,34,Bank Transfer,Every 3 Months
2056,37,Male,Belt,Accessories,48,Hawaii,M,Peach,Winter,3.6,Yes,Free Shipping,No,No,11,Debit Card,Annually
2057,25,Male,Pants,Clothing,76,Delaware,S,Violet,Summer,3.7,Yes,Next Day Air,No,No,48,Cash,Annually
2058,50,Female,Hat,Accessories,28,Illinois,M,Pink,Spring,4.1,No,Free Shipping,No,No,15,Debit Card,Bi-Weekly
2059,51,Male,Boots,Footwear,36,Virginia,S,Turquoise,Spring,3.0,No,Free Shipping,No,No,14,Venmo,Quarterly
2060,24,Male,Gloves,Accessories,60,New York,XL,Orange,Summer,3.3,No,Standard,No,No,13,Cash,Quarterly
2061,68,Male,Hat,Accessories,57,Alaska,XL,Orange,Summer,3.7,Yes,Express,Yes,Yes,46,Venmo,Fortnightly
2062,55,Male,Sunglasses,Accessories,47,Illinois,L,Lavender,Winter,2.8,No,Standard,Yes,Yes,35,Debit Card,Quarterly
2063,46,Male,Jacket,Outerwear,26,Nevada,L,Yellow,Spring,3.3,No,Free Shipping,No,No,45,Debit Card,Monthly
2064,44,Male,Belt,Accessories,70,New York,L,Gold,Fall,4.6,No,Free Shipping,No,No,10,Bank Transfer,Every 3 Months
2065,56,Female,Sweater,Clothing,53,Georgia,M,Yellow,Summer,3.9,No,Next Day Air,No,No,37,Bank Transfer,Bi-Weekly
2066,48,Male,Gloves,Accessories,96,Minnesota,S,Pink,Spring,4.9,No,Free Shipping,No,No,19,Credit Card,Weekly
2067,38,Male,Coat,Outerwear,22,Louisiana,S,Blue,Spring,3.4,No,2-Day Shipping,No,No,4,Credit Card,Monthly
2068,46,Female,Skirt,Clothing,84,New Hampshire,M,White,Summer,2.8,Yes,Standard,Yes,Yes,7,Venmo,Weekly
2069,61,Male,Blouse,Clothing,86,South Dakota,M,Red,Winter,3.5,Yes,Store Pickup,No,No,13,Bank Transfer,Weekly
2070,49,Male,Pants,Clothing,47,Arizona,L,Magenta,Spring,3.4,Yes,Standard,Yes,Yes,3,PayPal,Weekly
2071,44,Female,Hoodie,Clothing,51,New Hampshire,XL,White,Fall,2.6,No,Next Day Air,No,No,41,Cash,Annually
2072,54,Male,Jeans,Clothing,33,Maryland,M,Black,Summer,3.4,No,Express,No,No,15,Bank Transfer,Monthly
2073,28,Male,Sandals,Footwear,84,Oregon,S,Gold,Summer,4.5,No,Next Day Air,No,No,24,Venmo,Weekly
2074,18,Male,Scarf,Accessories,66,South Dakota,M,Red,Fall,3.6,No,Standard,No,No,27,Debit Card,Quarterly
2075,23,Male,Handbag,Accessories,42,Illinois,L,Teal,Summer,3.7,No,Store Pickup,Yes,Yes,44,Venmo,Every 3 Months
2076,45,Male,Hat,Accessories,35,Wyoming,M,Beige,Fall,3.7,No,Express,No,No,45,Cash,Quarterly
2077,35,Male,T-shirt,Clothing,25,Maryland,S,Turquoise,Spring,4.0,No,Express,No,No,19,Bank Transfer,Quarterly
2078,33,Female,Sneakers,Footwear,82,Arkansas,M,Teal,Winter,2.8,Yes,Standard,No,No,17,Venmo,Every 3 Months
2079,59,Male,Pants,Clothing,25,Virginia,M,Charcoal,Fall,4.3,Yes,Free Shipping,Yes,Yes,28,Bank Transfer,Monthly
2080,67,Male,Blouse,Clothing,57,New Hampshire,M,Black,Summer,4.7,No,Standard,No,No,45,Venmo,Quarterly
2081,37,Male,Shirt,Clothing,80,Oregon,S,Green,Summer,2.5,No,Next Day Air,No,No,18,Cash,Bi-Weekly
2082,61,Male,Gloves,Accessories,26,Oregon,S,Silver,Summer,3.9,No,Store Pickup,Yes,Yes,10,Venmo,Annually
2083,33,Male,Hat,Accessories,69,Florida,M,Violet,Winter,3.4,No,2-Day Shipping,No,No,14,Bank Transfer,Weekly
2084,67,Female,Belt,Accessories,63,Kansas,S,Olive,Fall,3.9,Yes,Next Day Air,Yes,Yes,40,Cash,Quarterly
2085,70,Male,Scarf,Accessories,35,Mississippi,M,Turquoise,Fall,4.0,Yes,Store Pickup,Yes,Yes,31,Venmo,Fortnightly
2086,55,Female,Shorts,Clothing,72,Maryland,L,Gray,Spring,3.0,No,Standard,Yes,Yes,32,Debit Card,Quarterly
2087,30,Female,Backpack,Accessories,47,Oklahoma,S,Teal,Fall,4.3,Yes,Standard,No,No,7,Bank Transfer,Monthly
2088,27,Male,Shoes,Footwear,49,Arkansas,M,Pink,Winter,3.3,No,Express,No,No,47,Debit Card,Every 3 Months
2089,53,Female,Pants,Clothing,40,Arkansas,M,Yellow,Spring,4.4,No,Standard,Yes,Yes,13,Cash,Monthly
2090,55,Female,Hat,Accessories,88,Hawaii,M,Blue,Spring,4.4,No,Free Shipping,No,No,31,Debit Card,Every 3 Months
2091,48,Male,Hat,Accessories,83,New York,M,Indigo,Winter,3.5,No,Express,No,No,30,Credit Card,Weekly
2092,23,Male,Gloves,Accessories,31,Florida,L,Pink,Spring,4.1,No,Standard,Yes,Yes,38,Cash,Annually
2093,37,Male,Belt,Accessories,22,Massachusetts,M,Blue,Winter,4.7,No,Free Shipping,Yes,Yes,38,PayPal,Bi-Weekly
2094,34,Female,Skirt,Clothing,22,California,L,Indigo,Winter,4.7,No,2-Day Shipping,No,No,16,Cash,Fortnightly
2095,27,Male,Shorts,Clothing,92,Kansas,M,Teal,Spring,3.0,No,Express,Yes,Yes,29,Bank Transfer,Quarterly
2096,68,Male,Pants,Clothing,45,New Mexico,S,Green,Summer,3.0,No,2-Day Shipping,No,No,43,Bank Transfer,Bi-Weekly
2097,26,Male,Hat,Accessories,64,Wyoming,M,Beige,Fall,3.2,Yes,Express,Yes,Yes,24,Cash,Weekly
2098,44,Female,Belt,Accessories,74,Wisconsin,M,Brown,Spring,4.7,No,Standard,No,No,18,Credit Card,Annually
2099,40,Female,Belt,Accessories,53,Montana,L,White,Summer,3.9,No,Express,No,No,26,Cash,Monthly
2100,35,Male,Sweater,Clothing,94,Mississippi,M,Lavender,Winter,3.5,Yes,Express,No,No,49,Bank Transfer,Monthly
2101,41,Female,Hoodie,Clothing,49,Maine,M,Olive,Spring,3.7,No,Store Pickup,Yes,Yes,29,Venmo,Quarterly
2102,43,Female,Skirt,Clothing,74,New Jersey,S,Yellow,Summer,4.1,No,Next Day Air,No,No,40,Cash,Bi-Weekly
2103,24,Male,Handbag,Accessories,20,Missouri,M,Gray,Spring,4.9,No,Store Pickup,No,No,27,Venmo,Monthly
2104,27,Male,Socks,Clothing,43,California,XL,Yellow,Fall,2.6,No,Next Day Air,Yes,Yes,6,Credit Card,Bi-Weekly
2105,39,Female,Jeans,Clothing,27,New Mexico,M,Purple,Winter,4.8,No,Next Day Air,No,No,19,Cash,Quarterly
2106,44,Male,T-shirt,Clothing,90,Arizona,L,Silver,Summer,3.6,No,Free Shipping,Yes,Yes,19,Venmo,Bi-Weekly
2107,65,Male,Coat,Outerwear,42,Colorado,M,Cyan,Summer,3.4,No,Free Shipping,Yes,Yes,31,PayPal,Monthly
2108,56,Female,Gloves,Accessories,41,Ohio,XL,Purple,Summer,3.5,No,Store Pickup,Yes,Yes,21,Debit Card,Annually
2109,30,Male,Jacket,Outerwear,38,Indiana,XL,Lavender,Summer,4.7,No,Store Pickup,No,No,8,Cash,Monthly
2110,47,Male,Sweater,Clothing,47,Tennessee,L,Blue,Spring,3.6,No,Next Day Air,Yes,Yes,49,Credit Card,Monthly
2111,60,Male,Skirt,Clothing,22,Wisconsin,M,Charcoal,Spring,2.8,No,Store Pickup,No,No,42,Debit Card,Bi-Weekly
2112,46,Male,Belt,Accessories,68,Oklahoma,M,Violet,Spring,5.0,No,Express,No,No,2,PayPal,Fortnightly
2113,62,Female,Boots,Footwear,100,Virginia,L,Violet,Winter,4.2,Yes,Next Day Air,Yes,Yes,26,Credit Card,Quarterly
2114,67,Female,Shirt,Clothing,88,Alabama,M,Peach,Spring,2.6,No,Store Pickup,Yes,Yes,26,Credit Card,Annually
2115,52,Female,Sneakers,Footwear,39,Vermont,L,Gold,Spring,4.8,No,Store Pickup,No,No,25,Venmo,Weekly
2116,68,Male,Gloves,Accessories,68,New Mexico,XL,Gray,Spring,3.4,No,Store Pickup,No,No,2,Venmo,Fortnightly
2117,59,Male,Boots,Footwear,78,North Dakota,M,Purple,Winter,4.5,No,Express,No,No,47,Cash,Bi-Weekly
2118,26,Male,Jacket,Outerwear,59,California,M,Beige,Winter,3.6,Yes,Standard,Yes,Yes,47,Cash,Fortnightly
2119,41,Female,Shorts,Clothing,49,New Mexico,XL,Orange,Spring,4.4,Yes,2-Day Shipping,Yes,Yes,38,Cash,Every 3 Months
2120,57,Male,Coat,Outerwear,71,Alaska,S,Lavender,Spring,2.7,No,2-Day Shipping,Yes,Yes,5,Credit Card,Annually
2121,67,Male,Pants,Clothing,22,Missouri,M,Silver,Summer,4.1,No,Express,Yes,Yes,9,Cash,Monthly
2122,47,Male,Skirt,Clothing,40,Nevada,M,Black,Fall,3.6,Yes,Standard,Yes,Yes,38,Venmo,Every 3 Months
2123,37,Male,Jeans,Clothing,86,Montana,L,Violet,Fall,4.0,No,Standard,No,No,50,Credit Card,Weekly
2124,20,Male,Dress,Clothing,44,Louisiana,S,Yellow,Winter,4.6,No,Free Shipping,No,No,47,Debit Card,Quarterly
2125,39,Male,Hat,Accessories,27,New Hampshire,XL,Indigo,Winter,3.2,No,Store Pickup,Yes,Yes,45,PayPal,Every 3 Months
2126,66,Male,Gloves,Accessories,77,Iowa,M,Purple,Winter,4.8,No,Standard,Yes,Yes,37,Debit Card,Monthly
2127,62,Male,Blouse,Clothing,89,North Dakota,L,Maroon,Spring,3.2,Yes,Store Pickup,No,No,11,PayPal,Quarterly
2128,26,Female,Hat,Accessories,26,Nebraska,L,Silver,Fall,2.8,No,Next Day Air,Yes,Yes,35,PayPal,Monthly
2129,50,Female,Belt,Accessories,20,Delaware,S,Red,Summer,4.2,No,Next Day Air,No,No,34,Bank Transfer,Monthly
2130,70,Female,Blouse,Clothing,53,Hawaii,L,Blue,Fall,3.1,No,2-Day Shipping,Yes,Yes,32,Debit Card,Bi-Weekly
2131,46,Male,Belt,Accessories,50,Kansas,M,Charcoal,Spring,4.5,No,Store Pickup,Yes,Yes,29,PayPal,Weekly
2132,68,Male,Dress,Clothing,87,New Mexico,M,Peach,Fall,4.7,No,Standard,No,No,23,Debit Card,Every 3 Months
2133,62,Male,Sunglasses,Accessories,68,Connecticut,L,Olive,Winter,3.6,No,Next Day Air,No,No,26,Credit Card,Monthly
2134,20,Female,Handbag,Accessories,67,Virginia,M,Teal,Summer,2.7,No,Store Pickup,No,No,13,Bank Transfer,Every 3 Months
2135,33,Male,Gloves,Accessories,95,Vermont,L,Magenta,Summer,3.0,No,Next Day Air,Yes,Yes,31,Credit Card,Monthly
2136,58,Male,Coat,Outerwear,27,Michigan,L,Beige,Summer,4.4,No,Free Shipping,Yes,Yes,12,Cash,Every 3 Months
2137,26,Male,Jacket,Outerwear,49,Oregon,L,Red,Summer,4.9,No,Free Shipping,No,No,36,Bank Transfer,Every 3 Months
2138,32,Male,Scarf,Accessories,74,Indiana,L,Orange,Summer,3.7,No,2-Day Shipping,No,No,48,Cash,Fortnightly
2139,60,Male,Jeans,Clothing,63,Georgia,M,Lavender,Summer,3.5,No,Next Day Air,Yes,Yes,23,Credit Card,Bi-Weekly
2140,64,Male,Dress,Clothing,34,Hawaii,L,Purple,Winter,4.3,No,Free Shipping,No,No,33,Debit Card,Quarterly
2141,34,Male,Sandals,Footwear,23,Arkansas,M,Purple,Fall,3.4,No,Free Shipping,No,No,14,Venmo,Every 3 Months
2142,60,Male,Handbag,Accessories,90,Alaska,L,Pink,Summer,3.0,No,Next Day Air,Yes,Yes,24,Cash,Annually
2143,34,Female,Boots,Footwear,29,Alaska,M,Indigo,Spring,2.8,No,2-Day Shipping,No,No,29,Cash,Weekly
2144,67,Male,Sneakers,Footwear,26,Iowa,M,Red,Fall,3.9,Yes,Free Shipping,No,No,37,Bank Transfer,Monthly
2145,58,Male,Belt,Accessories,25,Connecticut,S,Indigo,Summer,4.4,No,2-Day Shipping,Yes,Yes,43,Cash,Quarterly
2146,25,Male,Sneakers,Footwear,73,Georgia,S,Pink,Fall,3.0,No,Express,No,No,28,Cash,Weekly
2147,49,Female,Sunglasses,Accessories,31,Tennessee,S,Violet,Spring,3.6,Yes,Store Pickup,No,No,7,Credit Card,Bi-Weekly
2148,25,Male,Jewelry,Accessories,78,Montana,L,Magenta,Winter,4.2,No,Free Shipping,No,No,29,Venmo,Weekly
2149,67,Male,Sandals,Footwear,46,Indiana,L,Beige,Summer,4.0,Yes,Standard,No,No,3,Debit Card,Every 3 Months
2150,40,Female,Scarf,Accessories,42,West Virginia,S,Charcoal,Winter,3.6,No,2-Day Shipping,No,No,16,Debit Card,Fortnightly
2151,36,Female,Sneakers,Footwear,55,Arizona,M,Lavender,Summer,,No,2-Day Shipping,No,No,4,Cash,Monthly
2152,62,Female,Coat,Outerwear,46,Louisiana,M,Teal,Spring,3.6,No,Free Shipping,Yes,Yes,17,Bank Transfer,Bi-Weekly
2153,32,Male,Dress,Clothing,31,New York,S,Charcoal,Summer,3.0,No,Store Pickup,Yes,Yes,46,Venmo,Every 3 Months
2154,54,Female,Handbag,Accessories,84,Georgia,S,Purple,Fall,4.7,Yes,2-Day Shipping,Yes,Yes,40,Cash,Every 3 Months
2155,39,Male,Dress,Clothing,26,Ohio,M,Gold,Fall,4.4,No,Store Pickup,Yes,Yes,49,Bank Transfer,Quarterly
2156,65,Female,Sunglasses,Accessories,44,Hawaii,M,Olive,Winter,4.0,No,Next Day Air,Yes,Yes,9,Venmo,Bi-Weekly
2157,65,Female,Boots,Footwear,43,Montana,XL,Gold,Winter,4.1,Yes,Free Shipping,No,No,9,Debit Card,Every 3 Months
2158,51,Male,Jacket,Outerwear,33,North Carolina,M,Orange,Fall,3.3,No,Store Pickup,No,No,9,Debit Card,Annually
2159,28,Female,Coat,Outerwear,24,Alaska,M,Green,Fall,4.0,No,Free Shipping,No,No,4,PayPal,Weekly
2160,40,Male,Gloves,Accessories,69,North Dakota,XL,Beige,Fall,3.6,No,2-Day Shipping,No,No,31,Debit Card,Every 3 Months
2161,58,Female,Sneakers,Footwear,23,Georgia,S,Cyan,Summer,4.6,No,Store Pickup,Yes,Yes,49,Bank Transfer,Fortnightly
2162,61,Male,Boots,Footwear,62,Wyoming,S,Turquoise,Winter,4.6,No,Free Shipping,No,No,46,Venmo,Quarterly
2163,45,Female,Scarf,Accessories,64,New York,XL,Maroon,Summer,4.6,Yes,Standard,No,No,29,Venmo,Weekly
2164,19,Female,Blouse,Clothing,98,Delaware,XL,Turquoise,Summer,4.5,Yes,Express,No,No,9,Debit Card,Every 3 Months
2165,51,Male,T-shirt,Clothing,44,Alaska,M,Gold,Fall,3.5,No,2-Day Shipping,No,No,20,Debit Card,Quarterly
2166,30,Male,Belt,Accessories,72,Missouri,M,Lavender,Winter,3.4,No,2-Day Shipping,Yes,Yes,36,Venmo,Quarterly
2167,35,Male,Hat,Accessories,35,Kentucky,L,White,Spring,3.2,Yes,Express,Yes,Yes,38,PayPal,Weekly
2168,45,Female,Belt,Accessories,32,New Mexico,M,Gold,Fall,3.6,No,Free Shipping,Yes,Yes,38,Cash,Quarterly
2169,23,Male,Sunglasses,Accessories,82,Vermont,M,Green,Winter,2.8,No,Express,No,No,44,Cash,Every 3 Months
2170,67,Female,Belt,Accessories,71,New Mexico,L,Gold,Summer,4.8,Yes,Store Pickup,No,No,45,Venmo,Annually
2171,33,Male,Hat,Accessories,54,Montana,XL,Peach,Winter,3.2,Yes,Next Day Air,Yes,Yes,15,Cash,Fortnightly
2172,56,Female,Backpack,Accessories,89,New Jersey,L,Orange,Fall,3.7,No,Standard,No,No,2,Venmo,Monthly
2173,53,Female,Gloves,Accessories,74,Nebraska,M,Olive,Summer,3.1,Yes,Free Shipping,No,No,36,Cash,Annually
2174,28,Male,Jeans,Clothing,30,Maryland,M,Peach,Spring,2.6,No,Express,Yes,Yes,50,PayPal,Monthly
2175,18,Male,Backpack,Accessories,78,Nebraska,S,Pink,Winter,2.9,No,Store Pickup,No,No,24,Bank Transfer,Fortnightly
2176,62,Male,Scarf,Accessories,24,Iowa,L,Teal,Fall,3.6,No,Next Day Air,No,No,25,Bank Transfer,Bi-Weekly
2177,67,Male,Belt,Accessories,24,New Jersey,M,Gray,Spring,4.1,No,Express,Yes,Yes,22,Bank Transfer,Annually
2178,40,Male,Shorts,Clothing,23,Massachusetts,S,Purple,Summer,4.2,Yes,Standard,Yes,Yes,28,PayPal,Weekly
2179,67,Female,Socks,Clothing,70,Maine,M,Green,Summer,3.1,No,Next Day Air,No,No,32,Venmo,Annually
2180,19,Female,Handbag,Accessories,33,Nebraska,M,Gray,Summer,2.7,No,2-Day Shipping,No,No,6,Bank Transfer,Annually
2181,69,Male,Dress,Clothing,69,Wisconsin,M,Charcoal,Spring,4.1,Yes,Store Pickup,No,No,16,PayPal,Fortnightly
2182,45,Female,Shoes,Footwear,44,Wisconsin,S,Turquoise,Summer,4.7,No,Next Day Air,Yes,Yes,24,Cash,Annually
2183,64,Male,Shirt,Clothing,93,Maine,L,Peach,Fall,4.1,No,Standard,No,No,41,Debit Card,Bi-Weekly
2184,57,Female,Sneakers,Footwear,31,New Mexico,L,Teal,Fall,3.8,No,Next Day Air,Yes,Yes,42,Credit Card,Annually
2185,24,Female,T-shirt,Clothing,39,New Jersey,XL,Cyan,Winter,4.3,No,2-Day Shipping,Yes,Yes,11,Cash,Every 3 Months
2186,25,Male,Boots,Footwear,32,Rhode Island,XL,Green,Summer,4.5,No,Standard,No,No,39,Debit Card,Monthly
2187,33,Female,Skirt,Clothing,94,New Jersey,S,Yellow,Summer,2.9,No,Store Pickup,Yes,Yes,1,Venmo,Every 3 Months
2188,52,Female,Pants,Clothing,35,Nebraska,M,Peach,Winter,2.8,No,Store Pickup,Yes,Yes,47,Cash,Annually
2189,37,Female,Gloves,Accessories,24,South Carolina,L,Gray,Winter,5.0,No,2-Day Shipping,Yes,Yes,10,Bank Transfer,Weekly
2190,25,Female,Boots,Footwear,40,North Carolina,M,Magenta,Summer,3.6,Yes,Free Shipping,Yes,Yes,16,Debit Card,Bi-Weekly
2191,32,Male,Sweater,Clothing,26,Oregon,M,Blue,Winter,2.8,No,Standard,Yes,Yes,48,Credit Card,Monthly
2192,20,Male,Handbag,Accessories,72,Hawaii,M,Purple,Summer,3.6,Yes,Next Day Air,Yes,Yes,33,Bank Transfer,Bi-Weekly
2193,56,Male,Backpack,Accessories,73,Minnesota,M,Lavender,Fall,3.6,Yes,Standard,No,No,16,Credit Card,Monthly
2194,67,Female,Pants,Clothing,76,Idaho,L,Blue,Spring,3.3,No,Free Shipping,No,No,16,Credit Card,Bi-Weekly
2195,27,Female,Blouse,Clothing,98,Rhode Island,M,Cyan,Fall,3.6,No,Store Pickup,No,No,27,PayPal,Quarterly
2196,18,Male,Belt,Accessories,64,Oregon,XL,Yellow,Winter,3.5,No,Standard,No,No,9,Credit Card,Weekly
2197,54,Female,Blouse,Clothing,76,New Jersey,L,Gold,Summer,3.3,No,Next Day Air,Yes,Yes,4,Credit Card,Every 3 Months
2198,68,Male,Dress,Clothing,96,Pennsylvania,M,Blue,Summer,4.9,Yes,2-Day Shipping,No,No,37,Credit Card,Bi-Weekly
2199,28,Male,Sneakers,Footwear,73,Colorado,L,Blue,Spring,4.9,No,Standard,No,No,30,PayPal,Every 3 Months
2200,55,Male,Jeans,Clothing,85,Tennessee,L,Orange,Spring,2.6,Yes,Free Shipping,Yes,Yes,15,Cash,Quarterly
2201,30,Male,Jacket,Outerwear,36,West Virginia,L,Teal,Spring,3.6,No,Next Day Air,No,No,41,Credit Card,Every 3 Months
2202,32,Male,Sneakers,Footwear,29,Nebraska,XL,Green,Summer,3.2,Yes,Free Shipping,Yes,Yes,18,Bank Transfer,Quarterly
2203,54,Male,Gloves,Accessories,73,Kansas,M,Pink,Spring,2.5,No,Store Pickup,Yes,Yes,21,Bank Transfer,Quarterly
2204,38,Male,Shoes,Footwear,69,Maryland,M,Indigo,Summer,3.7,Yes,Standard,Yes,Yes,50,Cash,Annually
2205,23,Male,Hoodie,Clothing,29,Alabama,M,Blue,Spring,3.4,Yes,Standard,No,No,36,PayPal,Fortnightly
2206,55,Female,Scarf,Accessories,100,Nevada,M,Lavender,Summer,2.9,No,Express,Yes,Yes,21,Cash,Bi-Weekly
2207,40,Male,Shirt,Clothing,36,Texas,M,Beige,Winter,4.8,No,Next Day Air,No,No,49,PayPal,Monthly
2208,56,Male,Shirt,Clothing,71,South Carolina,L,Peach,Summer,3.7,No,2-Day Shipping,No,No,25,Bank Transfer,Every 3 Months
2209,65,Male,Sneakers,Footwear,31,California,L,Silver,Summer,3.4,Yes,Express,No,No,36,Credit Card,Annually
2210,18,Male,Pants,Clothing,57,South Dakota,L,Orange,Summer,3.1,No,Next Day Air,No,No,38,Venmo,Quarterly
2211,63,Male,Sneakers,Footwear,90,New Mexico,M,Black,Spring,3.7,No,Standard,Yes,Yes,50,Debit Card,Annually
2212,23,Female,T-shirt,Clothing,58,Minnesota,M,Teal,Summer,4.8,No,Next Day Air,Yes,Yes,34,Bank Transfer,Bi-Weekly
2213,50,Female,Gloves,Accessories,93,Maryland,M,Turquoise,Winter,3.5,Yes,Express,Yes,Yes,30,Debit Card,Annually
2214,46,Female,Jeans,Clothing,26,Florida,L,Olive,Fall,3.4,No,Free Shipping,Yes,Yes,31,Debit Card,Monthly
2215,33,Male,Jewelry,Accessories,33,Texas,M,White,Spring,2.9,Yes,2-Day Shipping,No,No,50,Debit Card,Quarterly
2216,52,Female,Jacket,Outerwear,25,Vermont,L,Turquoise,Winter,4.4,No,2-Day Shipping,Yes,Yes,18,Debit Card,Bi-Weekly
2217,23,Male,Sneakers,Footwear,73,Florida,M,Red,Winter,2.9,No,Store Pickup,Yes,Yes,2,Debit Card,Fortnightly
2218,18,Male,Blouse,Clothing,25,Arkansas,L,Charcoal,Spring,3.5,No,Next Day Air,No,No,5,Debit Card,Monthly
2219,67,Male,Shorts,Clothing,49,Massachusetts,XL,Lavender,Winter,3.7,No,Free Shipping,No,No,17,PayPal,Quarterly
2220,32,Female,Backpack,Accessories,91,Illinois,L,Pink,Winter,3.3,No,Free Shipping,No,No,36,Debit Card,Monthly
2221,70,Female,Sunglasses,Accessories,75,Arizona,M,Black,Winter,3.7,No,Standard,No,No,40,Cash,Quarterly
2222,59,Male,Shirt,Clothing,77,Oregon,S,Cyan,Summer,4.3,No,Next Day Air,Yes,Yes,43,Cash,Fortnightly
2223,68,Male,Shoes,Footwear,46,Oklahoma,M,Silver,Fall,4.4,Yes,Free Shipping,Yes,Yes,19,Cash,Annually
2224,64,Female,Shoes,Footwear,62,California,L,Orange,Summer,3.1,No,2-Day Shipping,Yes,Yes,36,Venmo,Quarterly
2225,30,Female,Coat,Outerwear,62,Montana,L,Purple,Winter,2.7,No,2-Day Shipping,Yes,Yes,34,Bank Transfer,Annually
2226,44,Male,Shirt,Clothing,67,Illinois,M,Purple,Fall,3.5,No,Next Day Air,No,No,37,Debit Card,Fortnightly
2227,44,Male,Sweater,Clothing,43,Nebraska,M,Green,Fall,3.0,Yes,Standard,Yes,Yes,11,Cash,Annually
2228,57,Male,Sandals,Footwear,90,North Dakota,M,Charcoal,Fall,3.4,No,2-Day Shipping,No,No,24,Credit Card,Fortnightly
2229,36,Female,Scarf,Accessories,33,South Dakota,M,Purple,Summer,3.3,No,Standard,No,No,26,Venmo,Weekly
2230,27,Male,Sweater,Clothing,73,Arkansas,S,Indigo,Winter,2.7,No,Store Pickup,No,No,22,Cash,Quarterly
2231,35,Male,Socks,Clothing,54,Mississippi,L,Silver,Winter,4.4,No,2-Day Shipping,No,No,19,Bank Transfer,Weekly
2232,43,Male,Socks,Clothing,42,Utah,L,Green,Summer,3.2,No,Standard,No,No,4,Cash,Annually
2233,43,Male,Handbag,Accessories,43,Pennsylvania,M,Yellow,Winter,2.6,Yes,Store Pickup,Yes,Yes,48,Credit Card,Bi-Weekly
2234,63,Male,Scarf,Accessories,82,Nebraska,M,Teal,Winter,3.1,No,2-Day Shipping,No,No,10,Bank Transfer,Quarterly
2235,29,Male,Shirt,Clothing,33,California,M,Olive,Fall,4.8,No,Express,No,No,18,Cash,Annually
2236,36,Female,Jacket,Outerwear,49,Washington,S,Turquoise,Summer,4.5,Yes,Standard,No,No,3,Bank Transfer,Bi-Weekly
2237,57,Male,Handbag,Accessories,87,Ohio,M,Charcoal,Winter,3.8,Yes,Free Shipping,No,No,48,Cash,Bi-Weekly
2238,59,Female,Hat,Accessories,44,Illinois,M,Green,Fall,4.5,No,Free Shipping,Yes,Yes,13,Cash,Fortnightly
2239,38,Female,T-shirt,Clothing,77,Michigan,XL,Gray,Spring,5.0,No,Standard,No,No,29,Venmo,Weekly
2240,24,Male,T-shirt,Clothing,81,Mississippi,M,Cyan,Fall,3.8,No,Store Pickup,Yes,Yes,10,Cash,Annually
2241,37,Male,Shorts,Clothing,53,New Hampshire,S,Gold,Summer,2.7,No,Express,Yes,Yes,16,Credit Card,Every 3 Months
2242,30,Male,Sneakers,Footwear,92,Rhode Island,M,Lavender,Spring,2.7,No,Free Shipping,No,No,34,Debit Card,Every 3 Months
2243,50,Male,Shorts,Clothing,38,New York,M,White,Summer,4.7,Yes,Store Pickup,Yes,Yes,26,Debit Card,Annually
2244,40,Female,Socks,Clothing,49,Iowa,M,Olive,Summer,4.3,Yes,2-Day Shipping,Yes,Yes,21,Bank Transfer,Annually
2245,38,Female,Skirt,Clothing,49,Texas,M,Green,Spring,4.5,No,Free Shipping,No,No,35,Debit Card,Bi-Weekly
2246,26,Male,Coat,Outerwear,50,Nebraska,M,Pink,Spring,4.8,No,2-Day Shipping,Yes,Yes,7,Venmo,Annually
2247,55,Female,Handbag,Accessories,92,Nevada,M,Olive,Summer,2.5,No,Store Pickup,No,No,14,Cash,Bi-Weekly
2248,33,Female,Jeans,Clothing,99,Virginia,L,Gray,Winter,4.4,No,Express,No,No,3,Debit Card,Bi-Weekly
2249,67,Male,Blouse,Clothing,40,New Jersey,M,Magenta,Summer,4.8,No,Standard,Yes,Yes,12,Debit Card,Annually
2250,43,Female,Sunglasses,Accessories,47,Connecticut,M,Brown,Summer,3.7,No,Next Day Air,Yes,Yes,46,Credit Card,Monthly
2251,41,Male,Skirt,Clothing,98,Alabama,M,White,Spring,2.9,No,Store Pickup,Yes,Yes,20,Credit Card,Monthly
2252,18,Female,Coat,Outerwear,45,Arkansas,S,Magenta,Winter,3.7,Yes,Free Shipping,Yes,Yes,18,PayPal,Fortnightly
2253,40,Male,Boots,Footwear,90,Iowa,S,Charcoal,Spring,3.6,No,Next Day Air,Yes,Yes,33,Bank Transfer,Every 3 Months
2254,28,Female,Sweater,Clothing,69,Idaho,M,Pink,Fall,3.5,No,Standard,Yes,Yes,44,Cash,Quarterly
2255,54,Male,Backpack,Accessories,34,Florida,M,Blue,Spring,4.6,No,Free Shipping,Yes,Yes,41,Venmo,Weekly
2256,42,Female,Pants,Clothing,31,New Hampshire,L,Peach,Summer,3.2,No,Next Day Air,Yes,Yes,50,PayPal,Every 3 Months
2257,33,Male,Jeans,Clothing,56,Minnesota,L,Charcoal,Fall,4.8,Yes,Next Day Air,Yes,Yes,18,Bank Transfer,Annually
2258,33,Male,Shirt,Clothing,50,Mississippi,M,Indigo,Spring,3.1,Yes,Free Shipping,No,No,12,Debit Card,Bi-Weekly
2259,50,Male,Shorts,Clothing,87,Georgia,M,Indigo,Spring,3.8,Yes,Free Shipping,No,No,41,PayPal,Every 3 Months
2260,42,Male,Belt,Accessories,36,Montana,L,Cyan,Fall,4.5,No,2-Day Shipping,No,No,17,PayPal,Every 3 Months
2261,62,Female,Blouse,Clothing,71,Oklahoma,L,Pink,Fall,2.9,No,Free Shipping,No,No,49,Venmo,Quarterly
2262,61,Male,Sunglasses,Accessories,41,Oregon,L,Olive,Winter,3.8,No,Standard,No,No,50,Credit Card,Fortnightly
2263,19,Male,Sneakers,Footwear,74,Kansas,L,Olive,Spring,3.7,No,Next Day Air,No,No,49,PayPal,Fortnightly
2264,41,Male,Gloves,Accessories,76,Indiana,S,Blue,Fall,3.6,No,Next Day Air,No,No,13,Cash,Fortnightly
2265,38,Female,Pants,Clothing,36,Maryland,S,Gold,Summer,2.8,No,2-Day Shipping,Yes,Yes,9,Cash,Annually
2266,58,Male,Jeans,Clothing,37,Connecticut,M,Charcoal,Fall,3.5,No,Next Day Air,Yes,Yes,37,Credit Card,Bi-Weekly
2267,69,Male,Backpack,Accessories,64,Oregon,S,Yellow,Spring,3.4,Yes,Standard,Yes,Yes,41,Bank Transfer,Every 3 Months
2268,59,Female,Jewelry,Accessories,46,Alabama,M,Black,Spring,3.8,No,Standard,No,No,7,Bank Transfer,Every 3 Months
2269,65,Female,Sneakers,Footwear,78,Mississippi,M,Black,Summer,4.7,No,Store Pickup,Yes,Yes,1,Venmo,Every 3 Months
2270,38,Female,Shirt,Clothing,40,Idaho,S,Red,Spring,3.4,No,Free Shipping,Yes,Yes,26,PayPal,Annually
2271,41,Female,Skirt,Clothing,53,Vermont,XL,Lavender,Spring,4.1,No,2-Day Shipping,Yes,Yes,46,Venmo,Fortnightly
2272,42,Male,Sneakers,Footwear,58,New Hampshire,M,Lavender,Winter,3.7,No,2-Day Shipping,Yes,Yes,1,Debit Card,Annually
2273,30,Male,Gloves,Accessories,25,Montana,S,Pink,Fall,3.0,No,2-Day Shipping,Yes,Yes,13,PayPal,Annually
2274,18,Female,Shorts,Clothing,51,Oklahoma,M,Gold,Spring,4.0,No,Free Shipping,No,No,4,PayPal,Annually
2275,51,Female,Sunglasses,Accessories,42,Maine,XL,Orange,Fall,3.2,Yes,2-Day Shipping,No,No,30,Cash,Every 3 Months
2276,21,Female,Hoodie,Clothing,88,Louisiana,L,Brown,Spring,2.7,No,Free Shipping,Yes,Yes,21,Debit Card,Weekly
2277,42,Male,Gloves,Accessories,29,Nebraska,L,Yellow,Fall,3.5,No,Standard,No,No,2,Credit Card,Every 3 Months
2278,66,Male,Handbag,Accessories,66,Alaska,XL,Black,Winter,2.6,No,2-Day Shipping,No,No,2,Credit Card,Quarterly
2279,34,Female,Backpack,Accessories,37,Pennsylvania,M,Lavender,Fall,4.4,No,Store Pickup,Yes,Yes,2,Cash,Fortnightly
2280,19,Male,Jeans,Clothing,65,Massachusetts,L,Maroon,Spring,3.3,Yes,Express,No,No,15,PayPal,Monthly
2281,38,Male,Boots,Footwear,29,New Hampshire,M,Cyan,Winter,2.5,No,Standard,No,No,44,Bank Transfer,Bi-Weekly
2282,26,Male,Coat,Outerwear,67,Utah,M,Lavender,Spring,4.6,Yes,Standard,No,No,7,Credit Card,Bi-Weekly
2283,50,Male,Coat,Outerwear,34,Virginia,L,Yellow,Summer,4.1,No,Express,No,No,40,Cash,Every 3 Months
2284,54,Male,Boots,Footwear,24,New Hampshire,S,Olive,Fall,2.5,No,2-Day Shipping,Yes,Yes,5,Credit Card,Monthly
2285,68,Female,Dress,Clothing,23,Texas,M,White,Spring,2.8,No,Store Pickup,No,No,49,Cash,Every 3 Months
2286,61,Male,Coat,Outerwear,56,Montana,M,Indigo,Summer,3.3,No,Next Day Air,No,No,23,Bank Transfer,Monthly
2287,52,Female,Hat,Accessories,40,Wisconsin,M,Lavender,Spring,4.3,No,Free Shipping,Yes,Yes,36,Bank Transfer,Quarterly
2288,56,Male,Hat,Accessories,61,Kansas,L,Peach,Spring,4.1,No,Free Shipping,No,No,6,PayPal,Weekly
2289,41,Male,Backpack,Accessories,77,New York,M,Red,Summer,4.4,Yes,Express,No,No,9,Credit Card,Fortnightly
2290,38,Male,T-shirt,Clothing,60,Florida,M,Cyan,Fall,3.8,No,Free Shipping,No,No,2,Credit Card,Bi-Weekly
2291,36,Female,Sandals,Footwear,35,New Mexico,M,Olive,Fall,3.1,Yes,2-Day Shipping,Yes,Yes,2,Bank Transfer,Weekly
2292,54,Male,Jewelry,Accessories,28,West Virginia,S,Turquoise,Summer,3.7,No,2-Day Shipping,Yes,Yes,37,Venmo,Weekly
2293,51,Male,Shirt,Clothing,68,Texas,M,Gold,Summer,3.1,No,Express,Yes,Yes,37,Bank Transfer,Bi-Weekly
2294,45,Female,Sweater,Clothing,81,Virginia,M,Charcoal,Spring,2.8,Yes,2-Day Shipping,Yes,Yes,41,Cash,Weekly
2295,41,Female,Hoodie,Clothing,54,Utah,L,Purple,Summer,3.3,No,Express,No,No,25,Bank Transfer,Weekly
2296,51,Male,Jeans,Clothing,63,Mississippi,L,Black,Summer,5.0,Yes,Standard,Yes,Yes,9,PayPal,Bi-Weekly
2297,37,Female,Jacket,Outerwear,40,Florida,L,Blue,Summer,2.9,Yes,Free Shipping,Yes,Yes,35,Debit Card,Monthly
2298,56,Male,Socks,Clothing,88,Louisiana,S,Indigo,Fall,2.8,Yes,Express,No,No,47,Credit Card,Every 3 Months
2299,48,Female,Shorts,Clothing,21,Oklahoma,L,Indigo,Spring,4.6,No,Free Shipping,Yes,Yes,22,Cash,Fortnightly
2300,45,Male,Sandals,Footwear,28,California,M,White,Winter,4.7,No,2-Day Shipping,Yes,Yes,14,Bank Transfer,Fortnightly
2301,27,Female,Pants,Clothing,50,South Carolina,L,Maroon,Winter,5.0,No,Standard,No,No,7,Bank Transfer,Bi-Weekly
2302,58,Male,T-shirt,Clothing,70,California,L,Teal,Spring,2.6,No,Store Pickup,Yes,Yes,30,Cash,Weekly
2303,65,Female,Belt,Accessories,68,Pennsylvania,L,Maroon,Winter,3.2,No,Standard,Yes,Yes,7,Cash,Quarterly
2304,29,Male,Sweater,Clothing,81,South Carolina,M,Brown,Spring,3.9,No,Express,No,No,22,Credit Card,Fortnightly
2305,42,Male,Hat,Accessories,22,New Mexico,M,Blue,Summer,3.5,No,2-Day Shipping,Yes,Yes,48,Venmo,Bi-Weekly
2306,50,Male,Sandals,Footwear,66,Connecticut,L,Green,Fall,3.1,No,2-Day Shipping,No,No,9,PayPal,Monthly
2307,68,Male,Hat,Accessories,32,New Jersey,S,Black,Spring,4.2,No,Next Day Air,Yes,Yes,37,Cash,Fortnightly
2308,54,Male,Hoodie,Clothing,55,Arizona,M,Red,Fall,3.9,Yes,Store Pickup,Yes,Yes,47,Venmo,Every 3 Months
2309,21,Male,Dress,Clothing,40,Ohio,S,Lavender,Summer,2.7,No,2-Day Shipping,No,No,13,Cash,Weekly
2310,51,Female,Backpack,Accessories,23,New York,L,Pink,Spring,4.9,Yes,Next Day Air,Yes,Yes,17,Credit Card,Weekly
2311,30,Male,Coat,Outerwear,32,New York,L,Maroon,Fall,3.4,Yes,2-Day Shipping,Yes,Yes,3,Cash,Annually
2312,47,Male,Jewelry,Accessories,81,Arkansas,S,Turquoise,Fall,4.9,No,Next Day Air,Yes,Yes,2,Venmo,Fortnightly
2313,27,Male,Hat,Accessories,94,Tennessee,M,Magenta,Fall,4.7,No,2-Day Shipping,No,No,26,Cash,Annually
2314,40,Male,Backpack,Accessories,74,Delaware,S,Gold,Spring,2.8,No,Express,No,No,48,Bank Transfer,Fortnightly
2315,26,Female,Socks,Clothing,71,Mississippi,S,Brown,Spring,3.5,No,Store Pickup,Yes,Yes,34,Venmo,Every 3 Months
2316,26,Male,Sunglasses,Accessories,73,Maryland,L,Silver,Summer,3.6,No,Free Shipping,Yes,Yes,50,PayPal,Monthly
2317,30,Male,Shirt,Clothing,83,West Virginia,M,Turquoise,Winter,4.7,No,Store Pickup,Yes,Yes,43,Debit Card,Every 3 Months
2318,63,Female,T-shirt,Clothing,55,Texas,L,Charcoal,Spring,4.5,Yes,Free Shipping,No,No,44,Venmo,Fortnightly
2319,26,Female,Sandals,Footwear,51,Virginia,L,Turquoise,Summer,3.2,Yes,Store Pickup,Yes,Yes,5,Bank Transfer,Every 3 Months
2320,30,Male,Skirt,Clothing,90,Michigan,M,Turquoise,Fall,4.4,Yes,Store Pickup,No,No,9,Venmo,Weekly
2321,41,Male,Jewelry,Accessories,94,Washington,L,Gray,Winter,4.5,No,2-Day Shipping,Yes,Yes,39,Venmo,Bi-Weekly
2322,28,Male,Gloves,Accessories,30,Oklahoma,S,Orange,Winter,3.1,No,Next Day Air,Yes,Yes,19,PayPal,Quarterly
2323,65,Male,Hoodie,Clothing,72,Louisiana,S,Cyan,Summer,3.5,No,Store Pickup,No,No,46,Credit Card,Fortnightly
2324,21,Male,Shoes,Footwear,89,Wyoming,XL,Green,Winter,4.9,Yes,Store Pickup,No,No,23,Cash,Annually
2325,35,Female,Shirt,Clothing,75,Illinois,XL,Blue,Summer,4.0,No,2-Day Shipping,Yes,Yes,15,Cash,Monthly
2326,34,Male,Jacket,Outerwear,66,Alabama,M,Pink,Fall,4.7,No,Free Shipping,Yes,Yes,44,PayPal,Quarterly
2327,44,Male,Pants,Clothing,70,Illinois,XL,Orange,Fall,3.2,No,2-Day Shipping,Yes,Yes,47,Debit Card,Quarterly
2328,32,Male,Belt,Accessories,74,Ohio,S,Yellow,Summer,3.1,Yes,Store Pickup,No,No,30,Debit Card,Fortnightly
2329,18,Female,Coat,Outerwear,31,Illinois,XL,Violet,Winter,2.9,Yes,Store Pickup,No,No,6,Credit Card,Monthly
2330,30,Male,Shoes,Footwear,71,Washington,S,Green,Fall,3.9,No,Standard,No,No,30,Debit Card,Quarterly
2331,67,Male,Jewelry,Accessories,86,Texas,XL,Lavender,Spring,5.0,No,Store Pickup,Yes,Yes,34,Venmo,Fortnightly
2332,37,Female,Blouse,Clothing,30,South Dakota,XL,Turquoise,Fall,,No,Free Shipping,Yes,Yes,30,Credit Card,Weekly
2333,46,Female,Belt,Accessories,40,Vermont,M,Orange,Spring,3.5,No,2-Day Shipping,Yes,Yes,28,Venmo,Annually
2334,42,Female,Hat,Accessories,70,Delaware,M,Indigo,Winter,3.9,No,Next Day Air,No,No,45,Credit Card,Fortnightly
2335,54,Female,Jeans,Clothing,82,Florida,L,Teal,Spring,3.8,Yes,2-Day Shipping,Yes,Yes,23,Bank Transfer,Bi-Weekly
2336,26,Male,Shirt,Clothing,74,New Mexico,XL,Indigo,Winter,3.3,No,Express,No,No,22,Bank Transfer,Annually
2337,39,Male,Coat,Outerwear,52,South Dakota,L,Charcoal,Fall,3.9,No,Standard,No,No,10,PayPal,Weekly
2338,52,Male,Backpack,Accessories,29,Massachusetts,L,Yellow,Spring,5.0,No,Free Shipping,Yes,Yes,45,Debit Card,Weekly
2339,19,Male,Dress,Clothing,41,South Dakota,S,White,Summer,3.3,No,2-Day Shipping,No,No,28,Debit Card,Bi-Weekly
2340,55,Male,Gloves,Accessories,96,Indiana,L,Peach,Spring,2.7,Yes,Express,No,No,37,PayPal,Quarterly
2341,20,Male,Gloves,Accessories,99,Wisconsin,S,Magenta,Winter,3.0,Yes,Store Pickup,No,No,25,Cash,Annually
2342,23,Male,Shoes,Footwear,46,New York,L,Charcoal,Summer,3.1,No,2-Day Shipping,Yes,Yes,3,Credit Card,Monthly
2343,44,Female,Belt,Accessories,50,Missouri,L,Yellow,Fall,3.2,No,Standard,Yes,Yes,21,Bank Transfer,Fortnightly
2344,51,Male,T-shirt,Clothing,62,Georgia,L,Peach,Fall,3.2,Yes,Standard,No,No,43,PayPal,Monthly
2345,66,Female,Blouse,Clothing,94,Wyoming,S,Gray,Spring,3.9,No,Standard,Yes,Yes,36,Cash,Every 3 Months
2346,25,Female,Shirt,Clothing,58,Tennessee,M,Gray,Fall,4.8,No,Next Day Air,No,No,45,Cash,Annually
2347,54,Female,Jacket,Outerwear,73,South Dakota,M,Brown,Fall,4.1,Yes,2-Day Shipping,No,No,3,Credit Card,Weekly
2348,58,Male,Blouse,Clothing,26,West Virginia,M,Cyan,Fall,4.1,No,Store Pickup,No,No,15,Bank Transfer,Quarterly
2349,44,Female,Pants,Clothing,80,Tennessee,L,Charcoal,Spring,2.9,No,Free Shipping,No,No,5,PayPal,Every 3 Months
2350,49,Male,Coat,Outerwear,85,Rhode Island,M,Brown,Winter,4.3,No,2-Day Shipping,No,No,35,Credit Card,Monthly
2351,37,Female,Dress,Clothing,77,Maryland,XL,Blue,Summer,3.8,No,2-Day Shipping,Yes,Yes,14,Credit Card,Monthly
2352,65,Female,Handbag,Accessories,70,Colorado,M,Red,Fall,4.6,No,Store Pickup,No,No,4,Bank Transfer,Quarterly
2353,61,Male,Jacket,Outerwear,74,Mississippi,XL,Pink,Spring,3.6,No,Store Pickup,No,No,17,Credit Card,Every 3 Months
2354,29,Male,Sandals,Footwear,81,Wisconsin,M,Purple,Fall,4.1,No,Standard,No,No,28,Bank Transfer,Annually
2355,42,Male,Socks,Clothing,41,Kansas,XL,White,Spring,4.2,No,Store Pickup,Yes,Yes,33,Venmo,Quarterly
2356,28,Male,Jewelry,Accessories,69,Kansas,XL,Pink,Summer,3.1,Yes,Next Day Air,No,No,12,Bank Transfer,Bi-Weekly
2357,37,Male,Dress,Clothing,92,New York,M,Indigo,Summer,,No,Next Day Air,Yes,Yes,1,Debit Card,Fortnightly
2358,41,Female,Jewelry,Accessories,73,Indiana,L,Cyan,Spring,3.3,Yes,2-Day Shipping,Yes,Yes,37,Bank Transfer,Every 3 Months
2359,44,Male,Dress,Clothing,94,Iowa,M,Turquoise,Spring,2.6,No,Standard,Yes,Yes,30,Cash,Quarterly
2360,36,Male,Pants,Clothing,62,Rhode Island,L,Orange,Summer,3.2,No,2-Day Shipping,No,No,29,PayPal,Annually
2361,56,Female,Dress,Clothing,69,Georgia,L,Silver,Fall,3.8,No,Next Day Air,Yes,Yes,33,PayPal,Monthly
2362,48,Male,Hoodie,Clothing,22,Rhode Island,L,White,Fall,3.4,No,2-Day Shipping,No,No,24,Cash,Fortnightly
2363,48,Male,Scarf,Accessories,54,Massachusetts,M,Turquoise,Summer,4.7,Yes,2-Day Shipping,No,No,12,Debit Card,Bi-Weekly
2364,42,Female,Hoodie,Clothing,39,Arizona,L,Turquoise,Fall,3.1,No,2-Day Shipping,Yes,Yes,12,PayPal,Bi-Weekly
2365,49,Female,Shorts,Clothing,100,Florida,S,Indigo,Fall,2.7,No,Free Shipping,No,No,38,Venmo,Quarterly
2366,34,Male,Hoodie,Clothing,52,Wisconsin,M,Silver,Summer,3.2,No,2-Day Shipping,No,No,35,Debit Card,Every 3 Months
2367,70,Male,Sweater,Clothing,41,North Carolina,S,Charcoal,Winter,3.5,No,2-Day Shipping,No,No,38,Venmo,Annually
2368,49,Male,T-shirt,Clothing,79,West Virginia,L,Beige,Winter,,No,Standard,No,No,26,Debit Card,Quarterly
2369,52,Female,Shorts,Clothing,67,Nevada,M,Olive,Spring,4.4,No,Free Shipping,No,No,12,Cash,Annually
2370,26,Female,Backpack,Accessories,56,North Dakota,XL,Peach,Winter,3.5,No,Store Pickup,No,No,22,PayPal,Fortnightly
2371,44,Male,Dress,Clothing,92,Nebraska,L,Gold,Summer,4.7,No,Express,Yes,Yes,34,Cash,Monthly
2372,67,Female,Scarf,Accessories,52,Missouri,L,Peach,Winter,2.7,No,Standard,Yes,Yes,24,PayPal,Fortnightly
2373,67,Male,Blouse,Clothing,24,New Hampshire,L,Gold,Spring,,Yes,Standard,No,No,16,PayPal,Every 3 Months
2374,43,Female,Shorts,Clothing,84,Washington,M,Gray,Winter,4.5,No,Standard,Yes,Yes,20,PayPal,Weekly
2375,48,Male,Dress,Clothing,71,Florida,L,Yellow,Summer,4.2,Yes,Store Pickup,No,No,47,Venmo,Every 3 Months
2376,50,Male,Sandals,Footwear,22,Wisconsin,M,Brown,Winter,3.3,No,Standard,No,No,1,Bank Transfer,Bi-Weekly
2377,43,Male,Jeans,Clothing,48,Washington,L,Cyan,Fall,4.1,No,2-Day Shipping,No,No,40,Credit Card,Weekly
2378,63,Male,Blouse,Clothing,38,New Jersey,M,Blue,Summer,2.6,Yes,Standard,Yes,Yes,50,PayPal,Quarterly
2379,32,Female,Boots,Footwear,99,Utah,L,Pink,Fall,3.6,Yes,Standard,Yes,Yes,8,Bank Transfer,Annually
2380,33,Female,T-shirt,Clothing,44,Virginia,L,Turquoise,Fall,4.9,No,Store Pickup,Yes,Yes,44,Debit Card,Annually
2381,34,Female,Hoodie,Clothing,77,Pennsylvania,XL,Violet,Fall,4.6,No,2-Day Shipping,Yes,Yes,48,Debit Card,Fortnightly
2382,57,Female,Sweater,Clothing,20,Vermont,S,Silver,Fall,4.2,No,Standard,No,No,29,Credit Card,Bi-Weekly
2383,58,Male,Boots,Footwear,33,Minnesota,M,Gray,Winter,3.1,Yes,Standard,No,No,4,Debit Card,Weekly
2384,52,Male,T-shirt,Clothing,46,Florida,M,Pink,Summer,3.6,Yes,Standard,Yes,Yes,2,Cash,Annually
2385,45,Female,Coat,Outerwear,60,Hawaii,L,Green,Winter,4.5,No,Next Day Air,No,No,35,Venmo,Bi-Weekly
2386,64,Female,Shorts,Clothing,47,Maryland,L,Violet,Summer,3.7,No,Standard,Yes,Yes,28,Bank Transfer,Bi-Weekly
2387,55,Male,Belt,Accessories,51,Rhode Island,L,Olive,Summer,4.6,No,Express,Yes,Yes,25,PayPal,Weekly
2388,51,Female,Sandals,Footwear,44,Wisconsin,S,Orange,Summer,4.2,No,Next Day Air,No,No,40,Debit Card,Fortnightly
2389,22,Female,Backpack,Accessories,83,Oregon,XL,White,Winter,4.4,No,Standard,No,No,32,Debit Card,Fortnightly
2390,58,Female,Belt,Accessories,99,California,M,Gray,Summer,4.4,No,Store Pickup,Yes,Yes,38,Venmo,Annually
2391,44,Male,Sweater,Clothing,30,Rhode Island,L,Black,Fall,4.9,No,2-Day Shipping,No,No,37,Credit Card,Fortnightly
2392,26,Male,Pants,Clothing,96,Alabama,M,Magenta,Winter,3.7,No,Standard,No,No,3,Cash,Every 3 Months
2393,54,Male,Jacket,Outerwear,32,Vermont,M,Peach,Fall,4.4,No,Free Shipping,Yes,Yes,15,Cash,Monthly
2394,26,Male,Socks,Clothing,98,Tennessee,XL,Teal,Fall,2.7,No,Express,No,No,46,Venmo,Every 3 Months
2395,46,Male,Handbag,Accessories,54,Oklahoma,M,Indigo,Summer,3.0,No,2-Day Shipping,No,No,43,Debit Card,Fortnightly
2396,22,Male,Hat,Accessories,76,Minnesota,M,Charcoal,Winter,4.9,Yes,Store Pickup,Yes,Yes,37,Venmo,Every 3 Months
2397,31,Male,Coat,Outerwear,59,North Dakota,L,Black,Winter,3.0,No,Standard,Yes,Yes,13,Debit Card,Fortnightly
2398,50,Female,Socks,Clothing,22,South Dakota,S,Gray,Spring,3.9,Yes,2-Day Shipping,No,No,36,Venmo,Annually
2399,53,Female,Shorts,Clothing,36,Wisconsin,XL,Brown,Summer,4.3,No,Free Shipping,No,No,29,Venmo,Bi-Weekly
2400,70,Female,Shoes,Footwear,89,Indiana,XL,Red,Fall,3.0,No,Next Day Air,Yes,Yes,9,Debit Card,Every 3 Months
2401,20,Male,Handbag,Accessories,87,Ohio,XL,Red,Fall,2.8,No,Standard,Yes,Yes,44,Debit Card,Monthly
2402,18,Male,Jewelry,Accessories,35,New Jersey,S,Violet,Spring,2.7,No,2-Day Shipping,No,No,45,Debit Card,Weekly
2403,21,Male,Belt,Accessories,88,Idaho,L,Gray,Winter,3.1,Yes,Next Day Air,No,No,46,Credit Card,Monthly
2404,44,Female,Sneakers,Footwear,92,Tennessee,M,Gray,Spring,4.3,No,Store Pickup,Yes,Yes,38,Bank Transfer,Weekly
2405,65,Male,Boots,Footwear,71,Virginia,S,Beige,Winter,4.8,No,Store Pickup,No,No,10,Credit Card,Fortnightly
2406,50,Male,Backpack,Accessories,57,Connecticut,S,Violet,Fall,4.6,No,Store Pickup,Yes,Yes,35,Cash,Every 3 Months
2407,27,Male,Shorts,Clothing,79,Kansas,L,Silver,Winter,,Yes,2-Day Shipping,Yes,Yes,45,Credit Card,Bi-Weekly
2408,31,Female,Boots,Footwear,24,Indiana,S,Brown,Summer,3.7,Yes,Free Shipping,No,No,21,PayPal,Monthly
2409,33,Female,Pants,Clothing,50,Georgia,XL,Gray,Fall,3.4,No,Next Day Air,Yes,Yes,36,Venmo,Every 3 Months
2410,31,Female,Boots,Footwear,31,Missouri,L,Silver,Winter,3.9,No,Express,Yes,Yes,48,Cash,Monthly
2411,40,Male,Blouse,Clothing,80,Montana,M,Gold,Winter,3.9,No,Standard,Yes,Yes,18,Debit Card,Fortnightly
2412,42,Male,Boots,Footwear,41,Nebraska,M,Green,Spring,2.5,No,Store Pickup,No,No,46,Venmo,Monthly
2413,39,Female,Scarf,Accessories,70,Indiana,M,Peach,Summer,3.5,No,Standard,No,No,16,PayPal,Quarterly
2414,56,Female,Dress,Clothing,36,Iowa,L,Turquoise,Winter,3.3,No,Standard,No,No,13,Credit Card,Bi-Weekly
2415,46,Female,Backpack,Accessories,23,New Jersey,M,Red,Summer,3.4,No,Free Shipping,No,No,27,Venmo,Weekly
2416,42,Male,Scarf,Accessories,37,South Carolina,M,Maroon,Spring,4.7,Yes,Express,Yes,Yes,10,Credit Card,Monthly
2417,32,Male,Jeans,Clothing,85,New York,M,Peach,Winter,3.5,No,Free Shipping,No,No,45,Cash,Fortnightly
2418,40,Male,Shoes,Footwear,65,Washington,M,Lavender,Fall,3.9,Yes,Express,Yes,Yes,36,Bank Transfer,Bi-Weekly
2419,26,Female,Gloves,Accessories,48,Alabama,L,Maroon,Spring,3.6,Yes,Standard,No,No,19,Cash,Annually
2420,34,Female,Gloves,Accessories,80,Vermont,L,Yellow,Summer,4.6,Yes,Next Day Air,Yes,Yes,14,Bank Transfer,Every 3 Months
2421,59,Male,Coat,Outerwear,75,Georgia,XL,Yellow,Winter,3.9,Yes,Free Shipping,No,No,3,PayPal,Weekly
2422,62,Female,Shorts,Clothing,37,California,S,Teal,Summer,2.6,Yes,Standard,No,No,25,Bank Transfer,Quarterly
2423,51,Male,Shorts,Clothing,63,Utah,M,Brown,Winter,4.7,No,Express,No,No,46,Venmo,Annually
2424,47,Male,Sandals,Footwear,42,Michigan,M,Purple,Fall,4.4,No,Store Pickup,No,No,2,Debit Card,Every 3 Months
2425,43,Male,Sweater,Clothing,81,Michigan,XL,Gray,Fall,5.0,Yes,Express,No,No,3,Debit Card,Bi-Weekly
2426,44,Male,Sneakers,Footwear,70,Vermont,M,Green,Spring,4.2,No,Express,No,No,15,Cash,Bi-Weekly
2427,34,Male,Skirt,Clothing,46,Pennsylvania,L,Pink,Winter,3.6,Yes,2-Day Shipping,No,No,50,PayPal,Quarterly
2428,64,Male,Shoes,Footwear,23,Washington,S,Violet,Winter,4.4,Yes,Store Pickup,No,No,43,Credit Card,Quarterly
2429,40,Male,Dress,Clothing,55,Virginia,L,Teal,Winter,3.9,No,2-Day Shipping,No,No,50,Debit Card,Bi-Weekly
2430,60,Male,Belt,Accessories,78,Rhode Island,M,Maroon,Summer,3.2,No,2-Day Shipping,Yes,Yes,14,Cash,Fortnightly
2431,20,Male,Scarf,Accessories,43,Oregon,L,Indigo,Fall,4.4,No,Standard,No,No,40,Debit Card,Every 3 Months
2432,45,Female,Socks,Clothing,96,Nebraska,L,Purple,Summer,4.7,Yes,Free Shipping,No,No,1,Debit Card,Annually
2433,48,Male,Handbag,Accessories,57,Rhode Island,L,Cyan,Winter,4.3,No,Free Shipping,No,No,16,Cash,Every 3 Months
2434,50,Male,Backpack,Accessories,53,Virginia,M,Green,Spring,2.7,No,Next Day Air,No,No,27,Cash,Bi-Weekly
2435,38,Male,Socks,Clothing,41,Tennessee,XL,Cyan,Winter,3.9,No,2-Day Shipping,No,No,36,Credit Card,Weekly
2436,32,Male,Boots,Footwear,70,New Jersey,L,Yellow,Winter,,No,Next Day Air,Yes,Yes,21,Debit Card,Quarterly
2437,55,Male,Sneakers,Footwear,59,Connecticut,L,Brown,Summer,3.3,Yes,Store Pickup,Yes,Yes,33,Cash,Every 3 Months
2438,68,Male,Hoodie,Clothing,35,California,S,Maroon,Fall,4.0,No,Express,Yes,Yes,44,PayPal,Bi-Weekly
2439,55,Male,Hoodie,Clothing,99,Missouri,M,Gold,Spring,4.8,Yes,2-Day Shipping,Yes,Yes,1,Debit Card,Every 3 Months
2440,43,Female,Hoodie,Clothing,41,Kansas,M,Peach,Spring,5.0,Yes,Express,No,No,39,Cash,Fortnightly
2441,39,Female,Boots,Footwear,38,California,L,Olive,Fall,3.2,No,Next Day Air,Yes,Yes,43,Cash,Bi-Weekly
2442,56,Male,Hat,Accessories,32,South Carolina,XL,Indigo,Fall,3.1,No,Free Shipping,No,No,35,PayPal,Monthly
2443,34,Female,Shirt,Clothing,28,Texas,S,Violet,Winter,2.7,Yes,2-Day Shipping,Yes,Yes,11,Cash,Weekly
2444,56,Male,Boots,Footwear,75,Missouri,S,Blue,Spring,2.8,Yes,Express,Yes,Yes,50,PayPal,Monthly
2445,39,Male,Jeans,Clothing,61,Arkansas,M,Gray,Spring,4.8,No,Free Shipping,No,No,10,PayPal,Fortnightly
2446,57,Male,Gloves,Accessories,34,Kentucky,S,Gray,Winter,3.1,No,2-Day Shipping,No,No,45,PayPal,Monthly
2447,33,Male,Sunglasses,Accessories,98,Wisconsin,M,Lavender,Spring,4.0,Yes,Express,No,No,43,PayPal,Weekly
2448,53,Female,Blouse,Clothing,79,New Jersey,M,Brown,Spring,4.4,No,Next Day Air,No,No,3,Bank Transfer,Fortnightly
2449,59,Female,Belt,Accessories,36,Pennsylvania,S,White,Spring,4.6,No,Standard,Yes,Yes,24,Debit Card,Monthly
2450,59,Female,Handbag,Accessories,54,South Carolina,M,Cyan,Winter,4.6,No,Standard,Yes,Yes,14,Venmo,Every 3 Months
2451,51,Male,Coat,Outerwear,94,Virginia,S,Gold,Winter,4.6,No,Store Pickup,Yes,Yes,47,Cash,Annually
2452,41,Female,Socks,Clothing,92,Wisconsin,S,Beige,Summer,2.7,No,Next Day Air,Yes,Yes,28,Debit Card,Weekly
2453,51,Male,Gloves,Accessories,32,Maine,XL,Cyan,Spring,2.8,No,Free Shipping,No,No,48,PayPal,Fortnightly
2454,50,Male,Jacket,Outerwear,80,Vermont,S,Beige,Winter,3.5,No,Store Pickup,No,No,20,Credit Card,Fortnightly
2455,50,Female,Pants,Clothing,87,Washington,L,Black,Spring,2.8,No,Standard,No,No,37,Credit Card,Fortnightly
2456,68,Male,Sandals,Footwear,55,Oregon,M,Peach,Summer,3.6,No,Free Shipping,No,No,35,Venmo,Bi-Weekly
2457,43,Female,Skirt,Clothing,37,North Dakota,M,White,Winter,4.9,No,Store Pickup,Yes,Yes,42,Venmo,Bi-Weekly
2458,39,Female,Socks,Clothing,71,Mississippi,M,Magenta,Spring,4.2,No,Free Shipping,Yes,Yes,6,Bank Transfer,Fortnightly
2459,59,Female,Coat,Outerwear,34,Washington,M,Black,Spring,4.0,No,Store Pickup,No,No,37,PayPal,Annually
2460,63,Male,Blouse,Clothing,58,Virginia,M,Black,Summer,,No,Express,No,No,49,Debit Card,Fortnightly
2461,35,Male,Pants,Clothing,69,Mississippi,XL,Gray,Fall,3.7,No,Free Shipping,Yes,Yes,33,Venmo,Annually
2462,62,Male,Dress,Clothing,76,Alabama,S,Blue,Summer,4.2,Yes,Free Shipping,Yes,Yes,3,PayPal,Weekly
2463,50,Female,Backpack,Accessories,61,New York,M,Lavender,Spring,2.8,Yes,Store Pickup,Yes,Yes,40,Bank Transfer,Every 3 Months
2464,65,Female,Scarf,Accessories,26,Hawaii,L,Olive,Fall,3.1,No,2-Day Shipping,No,No,16,Cash,Every 3 Months
2465,62,Male,Dress,Clothing,89,New Hampshire,S,Lavender,Winter,4.4,No,Express,Yes,Yes,4,Bank Transfer,Monthly
2466,66,Female,Jewelry,Accessories,24,Washington,M,Brown,Spring,3.7,No,Next Day Air,No,No,33,Credit Card,Quarterly
2467,64,Female,Dress,Clothing,71,Wyoming,L,Pink,Winter,4.2,No,Free Shipping,No,No,1,Debit Card,Annually
2468,59,Male,Sandals,Footwear,59,Kentucky,S,Magenta,Summer,4.8,No,Free Shipping,No,No,32,Debit Card,Annually
2469,43,Female,Shirt,Clothing,60,New York,XL,Red,Spring,4.4,Yes,2-Day Shipping,Yes,Yes,31,Credit Card,Weekly
2470,31,Male,Handbag,Accessories,59,Minnesota,M,Charcoal,Spring,5.0,Yes,Next Day Air,No,No,28,Credit Card,Quarterly
2471,50,Male,Sandals,Footwear,74,New Hampshire,S,Black,Spring,2.8,Yes,Standard,Yes,Yes,48,Venmo,Fortnightly
2472,45,Male,Shorts,Clothing,84,Florida,M,Brown,Winter,3.0,No,Next Day Air,Yes,Yes,24,Debit Card,Annually
2473,26,Female,Coat,Outerwear,22,California,M,Magenta,Fall,4.5,No,Standard,Yes,Yes,26,Bank Transfer,Fortnightly
2474,57,Male,Handbag,Accessories,72,Pennsylvania,M,Turquoise,Winter,3.8,No,Standard,Yes,Yes,33,Bank Transfer,Quarterly
2475,31,Male,Hat,Accessories,87,Indiana,S,Charcoal,Summer,4.5,Yes,Express,Yes,Yes,45,PayPal,Weekly
2476,56,Male,Skirt,Clothing,47,Alaska,M,Cyan,Spring,2.8,Yes,Express,Yes,Yes,38,Venmo,Annually
2477,59,Male,Jewelry,Accessories,22,Nevada,M,Pink,Summer,3.8,No,Express,No,No,4,Venmo,Weekly
2478,35,Male,Jewelry,Accessories,77,Missouri,XL,Brown,Summer,3.1,No,2-Day Shipping,Yes,Yes,40,Bank Transfer,Every 3 Months
2479,19,Female,Sunglasses,Accessories,63,Rhode Island,M,Peach,Winter,3.2,Yes,Free Shipping,Yes,Yes,14,Debit Card,Monthly
2480,61,Male,Boots,Footwear,31,Iowa,XL,White,Fall,4.9,No,Store Pickup,Yes,Yes,20,Credit Card,Monthly
2481,70,Female,Hat,Accessories,94,Washington,M,Beige,Summer,4.7,No,Next Day Air,No,No,46,PayPal,Monthly
2482,48,Male,Socks,Clothing,31,Virginia,M,Green,Spring,5.0,No,Standard,Yes,Yes,28,Bank Transfer,Weekly
2483,29,Male,Shoes,Footwear,40,Colorado,XL,Teal,Spring,4.5,No,Express,Yes,Yes,24,Venmo,Bi-Weekly
2484,43,Female,Gloves,Accessories,35,Vermont,M,Orange,Winter,2.7,No,Store Pickup,No,No,50,Cash,Fortnightly
2485,64,Female,Jewelry,Accessories,35,New Jersey,XL,Purple,Spring,3.6,No,Next Day Air,No,No,6,Bank Transfer,Annually
2486,65,Male,Backpack,Accessories,73,Oklahoma,L,Maroon,Fall,4.3,Yes,Free Shipping,No,No,16,PayPal,Weekly
2487,37,Female,Hoodie,Clothing,65,Washington,S,Gray,Fall,3.3,No,2-Day Shipping,Yes,Yes,43,Bank Transfer,Monthly
2488,55,Female,Hoodie,Clothing,63,Illinois,M,Magenta,Fall,3.2,No,2-Day Shipping,Yes,Yes,44,Debit Card,Fortnightly
2489,22,Male,T-shirt,Clothing,38,West Virginia,L,Maroon,Winter,3.5,No,Store Pickup,No,No,33,Debit Card,Weekly
2490,53,Male,Handbag,Accessories,32,Iowa,S,Peach,Summer,3.9,Yes,Store Pickup,No,No,39,Bank Transfer,Fortnightly
2491,53,Male,Sandals,Footwear,74,New Jersey,L,Pink,Summer,4.7,Yes,2-Day Shipping,No,No,19,Bank Transfer,Annually
2492,69,Male,Gloves,Accessories,57,Rhode Island,XL,Orange,Winter,5.0,Yes,Next Day Air,Yes,Yes,16,PayPal,Annually
2493,68,Male,Shoes,Footwear,68,Wyoming,XL,Silver,Spring,4.7,No,Next Day Air,No,No,48,Venmo,Annually
2494,34,Male,Skirt,Clothing,57,Alabama,L,Peach,Fall,4.6,Yes,2-Day Shipping,Yes,Yes,45,PayPal,Monthly
2495,42,Male,Sweater,Clothing,72,Utah,XL,Red,Summer,2.9,Yes,Next Day Air,No,No,22,Debit Card,Weekly
2496,54,Male,Dress,Clothing,64,Colorado,L,Purple,Spring,3.0,No,Next Day Air,No,No,42,Cash,Monthly
2497,55,Male,Jeans,Clothing,92,Minnesota,XL,Maroon,Summer,3.7,Yes,2-Day Shipping,Yes,Yes,33,Cash,Every 3 Months
2498,26,Male,Pants,Clothing,20,Vermont,M,Pink,Winter,3.2,No,2-Day Shipping,Yes,Yes,29,Debit Card,Annually
2499,68,Male,Sweater,Clothing,29,Utah,M,Gold,Summer,3.1,No,2-Day Shipping,No,No,40,Venmo,Fortnightly
2500,60,Female,Jeans,Clothing,79,Iowa,M,Olive,Summer,3.9,No,2-Day Shipping,Yes,Yes,33,Cash,Annually
2501,53,Male,Belt,Accessories,90,Nevada,M,Gray,Winter,3.2,Yes,Express,No,No,33,Bank Transfer,Every 3 Months
2502,26,Male,Scarf,Accessories,23,New Hampshire,L,Violet,Summer,4.4,No,Standard,No,No,20,PayPal,Fortnightly
2503,59,Male,Sandals,Footwear,67,New Jersey,XL,Gold,Summer,4.8,Yes,2-Day Shipping,Yes,Yes,1,PayPal,Annually
2504,52,Male,Coat,Outerwear,95,Oklahoma,L,Maroon,Summer,4.4,No,Free Shipping,No,No,26,Venmo,Weekly
2505,36,Male,Shirt,Clothing,20,Nevada,XL,Green,Summer,4.3,No,2-Day Shipping,Yes,Yes,8,Debit Card,Fortnightly
2506,69,Female,Jacket,Outerwear,78,Delaware,S,Red,Spring,4.5,No,Free Shipping,Yes,Yes,40,Bank Transfer,Weekly
2507,51,Female,Sneakers,Footwear,98,Ohio,L,Turquoise,Fall,3.1,Yes,Standard,No,No,3,Debit Card,Monthly
2508,40,Male,Scarf,Accessories,20,North Dakota,M,Maroon,Summer,4.0,No,Free Shipping,Yes,Yes,20,Credit Card,Annually
2509,23,Male,Coat,Outerwear,54,Mississippi,M,Maroon,Fall,2.7,No,Standard,No,No,27,Cash,Quarterly
2510,48,Female,Sunglasses,Accessories,98,Nevada,XL,Violet,Fall,3.5,No,Express,No,No,26,PayPal,Bi-Weekly
2511,24,Female,Jeans,Clothing,56,Wisconsin,XL,Peach,Summer,4.5,No,Store Pickup,Yes,Yes,29,Bank Transfer,Annually
2512,67,Male,Socks,Clothing,82,New York,XL,Yellow,Summer,3.6,No,Free Shipping,No,No,21,Bank Transfer,Annually
2513,47,Female,Sweater,Clothing,52,Missouri,M,Maroon,Summer,4.0,Yes,Express,Yes,Yes,13,PayPal,Annually
2514,67,Male,Hat,Accessories,49,Kentucky,S,Red,Summer,4.3,No,Free Shipping,No,No,17,Cash,Annually
2515,48,Female,Jewelry,Accessories,35,Indiana,L,Maroon,Summer,3.1,No,Free Shipping,Yes,Yes,13,Credit Card,Fortnightly
2516,49,Male,Belt,Accessories,52,Illinois,S,Maroon,Spring,3.5,No,Free Shipping,Yes,Yes,1,Cash,Annually
2517,44,Male,Sweater,Clothing,28,Florida,L,Turquoise,Winter,4.1,No,Next Day Air,Yes,Yes,6,Cash,Annually
2518,28,Male,Hoodie,Clothing,47,Oklahoma,M,Magenta,Fall,4.5,No,Express,Yes,Yes,1,Bank Transfer,Annually
2519,24,Male,Handbag,Accessories,59,Mississippi,M,Teal,Fall,3.4,No,Store Pickup,Yes,Yes,11,Credit Card,Fortnightly
2520,26,Female,Backpack,Accessories,88,North Carolina,M,Turquoise,Summer,4.3,No,Free Shipping,No,No,39,Credit Card,Annually
2521,34,Male,Dress,Clothing,30,Arizona,M,Gold,Summer,4.0,No,Standard,No,No,18,Bank Transfer,Fortnightly
2522,41,Female,Shorts,Clothing,21,Nevada,M,Peach,Winter,,No,Free Shipping,Yes,Yes,34,Credit Card,Annually
2523,61,Female,Dress,Clothing,87,Wisconsin,M,Black,Spring,4.7,Yes,Store Pickup,Yes,Yes,38,Venmo,Quarterly
2524,39,Male,Jewelry,Accessories,25,Nevada,L,Violet,Fall,4.8,No,Next Day Air,No,No,19,Cash,Annually
2525,18,Female,Hat,Accessories,33,Indiana,XL,Pink,Summer,3.4,Yes,Standard,Yes,Yes,41,Venmo,Bi-Weekly
2526,56,Male,Blouse,Clothing,97,West Virginia,L,Violet,Winter,5.0,Yes,Free Shipping,Yes,Yes,4,Debit Card,Every 3 Months
2527,20,Female,Jacket,Outerwear,75,Kansas,M,Beige,Spring,4.8,No,Express,No,No,9,Venmo,Weekly
2528,37,Male,Skirt,Clothing,99,Rhode Island,XL,Purple,Spring,3.1,No,Store Pickup,Yes,Yes,17,PayPal,Monthly
2529,35,Male,T-shirt,Clothing,47,New York,S,Gold,Spring,3.9,No,Express,Yes,Yes,15,Bank Transfer,Annually
2530,22,Female,Sweater,Clothing,83,Louisiana,S,Indigo,Spring,4.0,No,Standard,No,No,49,Credit Card,Bi-Weekly
2531,69,Female,Shoes,Footwear,65,Hawaii,M,Black,Summer,3.3,Yes,Express,No,No,48,Bank Transfer,Annually
2532,23,Male,Jewelry,Accessories,54,Ohio,L,Green,Winter,4.7,No,2-Day Shipping,No,No,6,PayPal,Annually
2533,28,Female,Scarf,Accessories,92,New Mexico,M,Blue,Winter,4.5,Yes,Express,No,No,25,Debit Card,Quarterly
2534,65,Male,Jacket,Outerwear,45,New Jersey,S,Orange,Summer,3.3,Yes,Standard,No,No,31,Cash,Monthly
2535,63,Female,T-shirt,Clothing,68,Utah,M,Cyan,Fall,3.3,No,Free Shipping,Yes,Yes,23,PayPal,Quarterly
2536,37,Female,T-shirt,Clothing,65,Oklahoma,M,Black,Summer,3.6,No,Next Day Air,Yes,Yes,13,Venmo,Every 3 Months
2537,61,Male,Socks,Clothing,54,Mississippi,XL,Maroon,Summer,4.0,Yes,Next Day Air,No,No,32,Venmo,Every 3 Months
2538,39,Male,Belt,Accessories,55,Nebraska,S,Silver,Winter,2.8,No,2-Day Shipping,No,No,11,Venmo,Annually
2539,30,Female,Skirt,Clothing,64,Maryland,L,Olive,Spring,2.9,No,Standard,Yes,Yes,28,Cash,Annually
2540,32,Male,Jeans,Clothing,65,Connecticut,L,Red,Summer,4.1,No,Express,No,No,31,Debit Card,Quarterly
2541,66,Male,Scarf,Accessories,25,South Carolina,L,Indigo,Fall,3.4,No,Standard,Yes,Yes,17,Cash,Quarterly
2542,42,Female,Jacket,Outerwear,91,Montana,L,Orange,Winter,2.9,No,2-Day Shipping,No,No,50,Credit Card,Monthly
2543,28,Male,Coat,Outerwear,68,West Virginia,M,Charcoal,Fall,2.6,Yes,2-Day Shipping,No,No,36,Debit Card,Annually
2544,22,Male,Sweater,Clothing,66,Oregon,M,Orange,Spring,3.0,No,Free Shipping,Yes,Yes,29,Venmo,Annually
2545,29,Male,Backpack,Accessories,72,Ohio,M,Black,Spring,4.5,No,2-Day Shipping,No,No,48,Venmo,Annually
2546,44,Male,Boots,Footwear,33,Rhode Island,L,Turquoise,Spring,3.8,No,Next Day Air,Yes,Yes,8,PayPal,Annually
2547,22,Female,Coat,Outerwear,43,North Carolina,M,Purple,Summer,4.4,No,Free Shipping,Yes,Yes,46,Venmo,Every 3 Months
2548,63,Male,Hoodie,Clothing,40,Connecticut,M,Olive,Spring,4.2,No,Standard,Yes,Yes,27,Cash,Bi-Weekly
2549,25,Male,Jacket,Outerwear,38,Georgia,M,Violet,Spring,3.2,Yes,2-Day Shipping,Yes,Yes,25,Debit Card,Every 3 Months
2550,62,Male,Gloves,Accessories,75,Texas,XL,Black,Summer,3.3,No,2-Day Shipping,Yes,Yes,12,Cash,Bi-Weekly
2551,51,Male,T-shirt,Clothing,55,Arkansas,L,Pink,Spring,2.9,No,Free Shipping,Yes,Yes,4,Credit Card,Weekly
2552,51,Male,Gloves,Accessories,44,Louisiana,M,Yellow,Summer,3.5,No,2-Day Shipping,Yes,Yes,12,Bank Transfer,Every 3 Months
2553,68,Female,Sweater,Clothing,35,Wisconsin,M,Green,Summer,4.9,Yes,2-Day Shipping,Yes,Yes,34,Bank Transfer,Quarterly
2554,41,Female,Dress,Clothing,74,Hawaii,S,Olive,Summer,4.3,Yes,2-Day Shipping,No,No,46,Venmo,Fortnightly
2555,34,Female,Belt,Accessories,23,Arkansas,XL,Green,Winter,2.7,No,Next Day Air,Yes,Yes,1,PayPal,Quarterly
2556,20,Female,Sneakers,Footwear,75,Louisiana,M,Magenta,Spring,4.5,No,Next Day Air,Yes,Yes,43,PayPal,Weekly
2557,54,Male,Hoodie,Clothing,59,South Carolina,L,Yellow,Summer,3.9,Yes,Store Pickup,Yes,Yes,26,Debit Card,Every 3 Months
2558,68,Male,Gloves,Accessories,94,Indiana,L,Gray,Summer,3.2,No,Free Shipping,No,No,33,Venmo,Every 3 Months
2559,38,Female,Gloves,Accessories,69,South Carolina,M,Lavender,Fall,4.3,No,Next Day Air,No,No,33,PayPal,Annually
2560,63,Male,Jewelry,Accessories,36,Virginia,L,Peach,Fall,4.3,No,2-Day Shipping,No,No,27,Cash,Weekly
2561,40,Male,Belt,Accessories,82,California,S,Teal,Summer,3.4,Yes,Express,No,No,16,Venmo,Monthly
2562,56,Male,Jewelry,Accessories,88,Maine,S,Green,Winter,3.3,Yes,Next Day Air,No,No,11,Bank Transfer,Annually
2563,38,Female,Gloves,Accessories,31,New York,M,Indigo,Summer,4.0,Yes,Free Shipping,Yes,Yes,10,Bank Transfer,Fortnightly
2564,50,Male,Hat,Accessories,48,Alabama,L,Teal,Fall,3.9,No,2-Day Shipping,Yes,Yes,18,Venmo,Fortnightly
2565,39,Male,Boots,Footwear,90,Colorado,M,Charcoal,Spring,3.8,No,Free Shipping,Yes,Yes,23,PayPal,Weekly
2566,65,Male,Sweater,Clothing,33,Georgia,M,Lavender,Winter,3.7,No,Next Day Air,Yes,Yes,4,Bank Transfer,Quarterly
2567,46,Female,Sandals,Footwear,44,Florida,M,Magenta,Spring,4.5,No,Next Day Air,No,No,46,Cash,Weekly
2568,69,Male,Scarf,Accessories,86,South Carolina,L,Yellow,Fall,3.6,No,Next Day Air,No,No,7,Cash,Annually
2569,30,Male,Skirt,Clothing,21,Illinois,L,Olive,Fall,3.9,Yes,Standard,No,No,26,Debit Card,Monthly
2570,55,Male,Sunglasses,Accessories,50,Oklahoma,M,Magenta,Winter,4.5,No,Next Day Air,No,No,9,Debit Card,Weekly
2571,56,Male,Shirt,Clothing,67,Missouri,L,Indigo,Winter,4.5,Yes,Next Day Air,Yes,Yes,39,Venmo,Annually
2572,18,Female,Scarf,Accessories,57,South Carolina,M,Yellow,Summer,2.7,No,Express,No,No,10,PayPal,Every 3 Months
2573,68,Female,Backpack,Accessories,61,South Carolina,M,Gold,Summer,3.7,Yes,Next Day Air,No,No,28,PayPal,Annually
2574,69,Female,Gloves,Accessories,60,Rhode Island,S,Brown,Spring,4.0,Yes,Next Day Air,No,No,50,Cash,Quarterly
2575,52,Female,Belt,Accessories,65,New Mexico,L,Magenta,Spring,3.4,Yes,Free Shipping,No,No,9,Venmo,Weekly
2576,19,Male,Gloves,Accessories,35,Massachusetts,M,White,Winter,2.9,No,Express,No,No,33,PayPal,Bi-Weekly
2577,48,Male,Socks,Clothing,43,South Carolina,S,Indigo,Fall,2.9,No,Express,No,No,21,Debit Card,Bi-Weekly
2578,40,Male,Socks,Clothing,83,South Dakota,XL,Yellow,Summer,2.9,Yes,Standard,Yes,Yes,28,Cash,Weekly
2579,62,Male,Belt,Accessories,61,Indiana,S,Gold,Fall,2.8,Yes,2-Day Shipping,No,No,9,Bank Transfer,Annually
2580,45,Male,Jacket,Outerwear,91,Louisiana,M,Brown,Spring,3.5,No,Standard,No,No,7,Venmo,Annually
2581,19,Male,Skirt,Clothing,21,Illinois,L,Green,Fall,4.1,No,2-Day Shipping,No,No,38,Credit Card,Every 3 Months
2582,58,Male,Shoes,Footwear,83,Delaware,M,Magenta,Winter,3.5,No,Free Shipping,No,No,11,Bank Transfer,Bi-Weekly
2583,21,Female,Socks,Clothing,25,Wisconsin,M,Red,Winter,3.3,No,Free Shipping,No,No,44,Bank Transfer,Weekly
2584,56,Female,Scarf,Accessories,71,Utah,M,Lavender,Spring,3.0,No,2-Day Shipping,No,No,31,PayPal,Monthly
2585,53,Male,Shirt,Clothing,22,Kansas,M,Magenta,Summer,3.7,No,Store Pickup,Yes,Yes,6,Venmo,Bi-Weekly
2586,48,Female,Gloves,Accessories,37,Massachusetts,XL,Turquoise,Summer,3.1,No,2-Day Shipping,Yes,Yes,33,Debit Card,Every 3 Months
2587,45,Female,Pants,Clothing,98,Arkansas,L,Orange,Summer,2.6,No,Next Day Air,No,No,25,Cash,Weekly
2588,20,Female,Sandals,Footwear,49,Utah,M,Charcoal,Fall,4.4,No,Express,No,No,3,Cash,Quarterly
2589,53,Male,Shirt,Clothing,99,Pennsylvania,L,Purple,Spring,3.9,No,Express,No,No,24,Cash,Monthly
2590,27,Female,Sweater,Clothing,51,Virginia,L,Charcoal,Winter,3.5,No,2-Day Shipping,No,No,26,Debit Card,Monthly
2591,47,Male,Gloves,Accessories,64,Minnesota,M,Maroon,Winter,3.7,No,2-Day Shipping,No,No,25,Bank Transfer,Every 3 Months
2592,30,Male,Sweater,Clothing,83,Maryland,S,Gray,Summer,3.7,No,Standard,Yes,Yes,44,Bank Transfer,Quarterly
2593,50,Male,Coat,Outerwear,100,Massachusetts,L,Brown,Spring,3.5,No,Store Pickup,No,No,19,Cash,Annually
2594,38,Male,Scarf,Accessories,64,Illinois,S,Purple,Spring,4.0,No,Express,No,No,35,Cash,Weekly
2595,50,Male,Coat,Outerwear,90,Minnesota,S,Peach,Summer,3.4,No,Store Pickup,Yes,Yes,15,Venmo,Fortnightly
2596,66,Male,Blouse,Clothing,44,Georgia,S,Olive,Summer,4.5,No,Express,Yes,Yes,26,Credit Card,Bi-Weekly
2597,63,Male,Scarf,Accessories,81,Rhode Island,XL,White,Fall,2.6,Yes,2-Day Shipping,No,No,30,Cash,Every 3 Months
2598,68,Male,Pants,Clothing,83,New Hampshire,L,Red,Summer,4.8,Yes,Next Day Air,No,No,1,Venmo,Fortnightly
2599,42,Male,Hoodie,Clothing,34,California,XL,Green,Summer,3.8,No,Express,Yes,Yes,38,PayPal,Weekly
2600,20,Male,Jeans,Clothing,68,California,XL,Lavender,Spring,3.0,No,Store Pickup,No,No,46,Venmo,Quarterly
2601,19,Male,Belt,Accessories,76,Idaho,M,Beige,Summer,3.5,No,Express,No,No,22,Credit Card,Every 3 Months
2602,20,Male,Backpack,Accessories,74,Illinois,M,Red,Fall,5.0,No,Express,Yes,Yes,43,Cash,Bi-Weekly
2603,28,Male,Gloves,Accessories,84,Kansas,L,Teal,Fall,4.5,Yes,Free Shipping,No,No,19,Credit Card,Monthly
2604,57,Female,Skirt,Clothing,26,Arkansas,L,Purple,Winter,3.2,No,Store Pickup,Yes,Yes,45,Debit Card,Every 3 Months
2605,59,Male,Handbag,Accessories,55,Montana,M,Magenta,Fall,3.4,No,Store Pickup,Yes,Yes,12,Credit Card,Quarterly
2606,50,Female,Pants,Clothing,30,Alaska,M,Gray,Summer,3.4,No,2-Day Shipping,Yes,Yes,1,Cash,Fortnightly
2607,26,Female,Hoodie,Clothing,59,North Carolina,S,Violet,Fall,4.3,No,Store Pickup,Yes,Yes,16,Debit Card,Monthly
2608,65,Female,Shoes,Footwear,97,Vermont,L,Red,Spring,4.0,Yes,Free Shipping,No,No,19,Bank Transfer,Weekly
2609,70,Male,Hat,Accessories,90,Oklahoma,L,Orange,Spring,3.8,No,2-Day Shipping,No,No,12,Credit Card,Fortnightly
2610,57,Male,Belt,Accessories,26,Vermont,L,Maroon,Summer,3.0,Yes,Standard,No,No,34,Bank Transfer,Bi-Weekly
2611,41,Female,Jacket,Outerwear,32,Montana,L,Pink,Fall,4.0,No,Express,No,No,42,Bank Transfer,Fortnightly
2612,64,Male,Sneakers,Footwear,59,Arizona,M,Peach,Spring,4.0,No,Next Day Air,No,No,5,Bank Transfer,Bi-Weekly
2613,26,Female,Shorts,Clothing,26,Colorado,M,Charcoal,Summer,4.8,No,Store Pickup,Yes,Yes,14,Credit Card,Monthly
2614,30,Male,Jacket,Outerwear,56,Georgia,S,Violet,Spring,3.0,No,Standard,Yes,Yes,26,Debit Card,Monthly
2615,27,Male,Backpack,Accessories,45,Michigan,M,White,Spring,5.0,No,Express,Yes,Yes,30,Debit Card,Quarterly
2616,62,Female,Jewelry,Accessories,92,Michigan,XL,Violet,Winter,2.7,No,Express,No,No,8,Venmo,Bi-Weekly
2617,58,Male,Sweater,Clothing,66,North Dakota,XL,Gold,Summer,3.5,No,Express,No,No,34,Debit Card,Weekly
2618,33,Male,Dress,Clothing,83,South Carolina,L,Peach,Summer,2.6,No,Next Day Air,No,No,32,Credit Card,Every 3 Months
2619,52,Female,Backpack,Accessories,55,Oklahoma,XL,Silver,Summer,2.7,No,Free Shipping,No,No,38,Credit Card,Fortnightly
2620,49,Male,Blouse,Clothing,44,North Carolina,M,Green,Fall,4.0,No,Free Shipping,No,No,4,Credit Card,Annually
2621,40,Female,Sunglasses,Accessories,50,Texas,L,Olive,Fall,3.6,Yes,Standard,No,No,33,Cash,Quarterly
2622,57,Male,Socks,Clothing,39,North Dakota,XL,Indigo,Spring,3.2,Yes,Store Pickup,No,No,40,Venmo,Weekly
2623,46,Male,Hat,Accessories,82,Alabama,M,Charcoal,Summer,4.1,No,2-Day Shipping,No,No,5,Venmo,Monthly
2624,20,Male,Gloves,Accessories,86,Virginia,L,Indigo,Summer,2.8,Yes,Free Shipping,No,No,8,PayPal,Every 3 Months
2625,38,Male,Backpack,Accessories,24,Wisconsin,M,Blue,Spring,4.7,Yes,Next Day Air,Yes,Yes,37,Credit Card,Monthly
2626,40,Male,Blouse,Clothing,93,New Hampshire,M,Magenta,Fall,3.2,No,Standard,No,No,48,Venmo,Monthly
2627,40,Female,Sunglasses,Accessories,61,North Dakota,M,Maroon,Summer,4.9,Yes,Store Pickup,Yes,Yes,8,Cash,Quarterly
2628,37,Male,Blouse,Clothing,64,Louisiana,L,Violet,Fall,3.3,No,Express,No,No,48,Debit Card,Monthly
2629,21,Male,Belt,Accessories,25,Minnesota,XL,Magenta,Summer,4.9,No,Express,No,No,37,Debit Card,Monthly
2630,42,Male,Scarf,Accessories,51,Alabama,M,Gray,Fall,3.2,Yes,Express,No,No,35,Venmo,Quarterly
2631,54,Male,Jewelry,Accessories,28,Mississippi,M,Brown,Summer,4.1,No,2-Day Shipping,No,No,2,Credit Card,Annually
2632,36,Female,Hat,Accessories,23,California,L,Teal,Spring,2.9,No,Express,Yes,Yes,42,Venmo,Bi-Weekly
2633,33,Male,Pants,Clothing,30,Minnesota,L,Cyan,Winter,3.4,No,Standard,Yes,Yes,49,Credit Card,Fortnightly
2634,46,Male,Sneakers,Footwear,49,Alaska,S,Lavender,Summer,2.5,Yes,2-Day Shipping,Yes,Yes,24,Cash,Bi-Weekly
2635,64,Male,Coat,Outerwear,23,Oklahoma,S,Olive,Summer,3.5,No,Standard,No,No,35,Credit Card,Fortnightly
2636,24,Male,Sneakers,Footwear,24,Nevada,S,Brown,Summer,3.7,No,Store Pickup,No,No,11,Credit Card,Every 3 Months
2637,30,Male,Sneakers,Footwear,48,Maine,M,Gray,Fall,2.9,Yes,2-Day Shipping,No,No,29,Credit Card,Every 3 Months
2638,65,Female,Skirt,Clothing,68,New Mexico,M,Silver,Winter,2.8,No,Store Pickup,No,No,22,PayPal,Quarterly
2639,32,Male,Jacket,Outerwear,74,Illinois,L,Olive,Fall,3.0,No,Next Day Air,Yes,Yes,13,Bank Transfer,Quarterly
2640,25,Female,Scarf,Accessories,86,Indiana,M,Yellow,Spring,3.9,No,Next Day Air,No,No,5,Cash,Annually
2641,27,Male,Shirt,Clothing,72,Vermont,L,Gold,Summer,4.0,No,Store Pickup,Yes,Yes,14,Bank Transfer,Annually
2642,33,Male,Scarf,Accessories,92,Hawaii,L,Orange,Spring,3.9,Yes,Store Pickup,No,No,27,Credit Card,Annually
2643,70,Male,Sandals,Footwear,49,Ohio,L,Blue,Spring,4.6,No,Store Pickup,No,No,1,Cash,Weekly
2644,44,Male,Handbag,Accessories,28,Kentucky,S,Gold,Fall,3.5,No,Standard,No,No,37,Bank Transfer,Fortnightly
2645,70,Male,Sandals,Footwear,99,Arizona,M,Maroon,Summer,3.7,Yes,Store Pickup,No,No,4,Credit Card,Quarterly
2646,45,Male,Skirt,Clothing,56,Missouri,M,Black,Summer,3.4,No,Store Pickup,No,No,19,Cash,Every 3 Months
2647,36,Male,Jacket,Outerwear,56,Delaware,XL,Green,Fall,2.6,No,Standard,No,No,31,Debit Card,Annually
2648,27,Male,Coat,Outerwear,91,South Dakota,S,Black,Fall,4.1,No,2-Day Shipping,No,No,32,PayPal,Every 3 Months
2649,31,Male,Backpack,Accessories,65,Nebraska,M,Peach,Spring,4.3,No,Standard,No,No,2,Venmo,Fortnightly
2650,20,Male,Jacket,Outerwear,54,New Mexico,S,Orange,Fall,4.8,No,2-Day Shipping,No,No,8,Cash,Quarterly
2651,38,Male,Jeans,Clothing,70,Wisconsin,L,Pink,Spring,2.6,Yes,Express,Yes,Yes,18,Cash,Quarterly
2652,67,Female,Dress,Clothing,78,Delaware,M,Gray,Summer,4.6,Yes,Store Pickup,Yes,Yes,18,Venmo,Bi-Weekly
2653,37,Male,Shorts,Clothing,90,Oklahoma,M,Indigo,Fall,3.3,No,Free Shipping,No,No,47,PayPal,Fortnightly
2654,34,Female,Jewelry,Accessories,31,Hawaii,L,Violet,Spring,5.0,No,Next Day Air,Yes,Yes,34,Bank Transfer,Weekly
2655,29,Male,Jacket,Outerwear,20,Wyoming,L,Cyan,Spring,4.3,No,Express,Yes,Yes,23,Cash,Quarterly
2656,37,Female,Jacket,Outerwear,39,Wyoming,M,Blue,Spring,4.5,Yes,2-Day Shipping,Yes,Yes,17,Venmo,Monthly
2657,52,Male,Pants,Clothing,68,Washington,M,Indigo,Spring,4.0,No,Store Pickup,No,No,45,Debit Card,Weekly
2658,50,Male,Boots,Footwear,67,Kentucky,M,Silver,Fall,4.8,Yes,Store Pickup,No,No,38,Venmo,Annually
2659,33,Male,Scarf,Accessories,50,Arizona,M,Green,Summer,4.9,Yes,Free Shipping,No,No,44,Debit Card,Monthly
2660,39,Female,Sweater,Clothing,27,Florida,M,Silver,Summer,3.5,No,Standard,No,No,30,Venmo,Fortnightly
2661,57,Male,Shoes,Footwear,67,Nevada,M,Green,Spring,2.8,No,Express,Yes,Yes,35,Venmo,Fortnightly
2662,48,Male,Scarf,Accessories,41,New Hampshire,M,Pink,Spring,4.7,Yes,Next Day Air,Yes,Yes,42,Credit Card,Bi-Weekly
2663,30,Male,Socks,Clothing,91,Mississippi,M,Violet,Fall,3.2,Yes,Express,No,No,27,Bank Transfer,Fortnightly
2664,57,Female,Socks,Clothing,39,Georgia,M,Brown,Spring,4.6,No,2-Day Shipping,No,No,38,PayPal,Weekly
2665,52,Male,Scarf,Accessories,30,Ohio,M,Olive,Summer,2.7,No,Store Pickup,Yes,Yes,34,PayPal,Every 3 Months
2666,24,Male,Boots,Footwear,62,Alabama,M,Green,Fall,3.6,No,Free Shipping,Yes,Yes,34,Credit Card,Fortnightly
2667,19,Male,Hoodie,Clothing,35,Arkansas,M,Brown,Fall,4.8,No,Store Pickup,No,No,50,Cash,Weekly
2668,53,Female,Scarf,Accessories,20,Washington,S,Black,Summer,4.9,No,Store Pickup,Yes,Yes,34,Bank Transfer,Quarterly
2669,19,Male,Pants,Clothing,81,Oklahoma,S,Red,Summer,4.3,No,Next Day Air,No,No,6,PayPal,Bi-Weekly
2670,68,Male,Sneakers,Footwear,72,Louisiana,M,Black,Summer,4.8,No,Store Pickup,Yes,Yes,33,Bank Transfer,Bi-Weekly
2671,44,Male,T-shirt,Clothing,64,Vermont,M,Gold,Winter,4.9,Yes,Standard,Yes,Yes,47,PayPal,Fortnightly
2672,30,Male,Jacket,Outerwear,42,North Dakota,L,Silver,Fall,5.0,No,Express,No,No,23,Cash,Weekly
2673,44,Male,Gloves,Accessories,49,Delaware,M,Pink,Spring,3.5,No,Free Shipping,No,No,27,Cash,Monthly
2674,64,Female,Handbag,Accessories,86,West Virginia,S,Silver,Summer,4.0,No,Store Pickup,Yes,Yes,14,Venmo,Fortnightly
2675,24,Male,Backpack,Accessories,28,Wisconsin,M,Green,Spring,4.1,No,Store Pickup,No,No,4,Debit Card,Monthly
2676,49,Male,Handbag,Accessories,22,Vermont,XL,Cyan,Summer,3.1,No,Express,No,No,32,Credit Card,Weekly
2677,22,Female,T-shirt,Clothing,43,Mississippi,M,Beige,Summer,3.6,No,Standard,No,No,2,Debit Card,Annually
2678,28,Female,Skirt,Clothing,69,Kentucky,L,Cyan,Summer,2.8,No,Free Shipping,No,No,44,Cash,Quarterly
2679,37,Female,Dress,Clothing,72,Montana,M,Turquoise,Summer,3.4,Yes,Store Pickup,Yes,Yes,23,Credit Card,Quarterly
2680,55,Male,Skirt,Clothing,73,New Mexico,M,Blue,Fall,4.8,Yes,2-Day Shipping,No,No,19,Credit Card,Monthly
2681,45,Male,Socks,Clothing,93,Virginia,M,Brown,Summer,4.5,Yes,Express,Yes,Yes,27,Credit Card,Annually
2682,57,Male,Hat,Accessories,87,New Mexico,XL,Green,Fall,4.9,Yes,2-Day Shipping,No,No,47,PayPal,Monthly
2683,47,Male,Gloves,Accessories,74,New Mexico,XL,Maroon,Summer,3.8,No,Next Day Air,Yes,Yes,5,PayPal,Quarterly
2684,40,Female,Belt,Accessories,25,Kansas,L,White,Spring,4.0,Yes,Store Pickup,No,No,17,PayPal,Quarterly
2685,36,Female,Gloves,Accessories,72,Kentucky,L,Indigo,Summer,4.0,No,Standard,Yes,Yes,11,Credit Card,Every 3 Months
2686,65,Female,Jacket,Outerwear,48,Delaware,S,Blue,Fall,5.0,Yes,Free Shipping,No,No,32,PayPal,Weekly
2687,47,Male,Sandals,Footwear,31,Oklahoma,M,Olive,Winter,3.1,Yes,2-Day Shipping,No,No,2,Debit Card,Fortnightly
2688,53,Male,Shorts,Clothing,38,Georgia,XL,Indigo,Spring,5.0,Yes,Next Day Air,Yes,Yes,16,Venmo,Annually
2689,38,Male,Scarf,Accessories,43,Iowa,M,Turquoise,Spring,3.5,No,Store Pickup,Yes,Yes,50,Bank Transfer,Fortnightly
2690,58,Male,Coat,Outerwear,20,Louisiana,XL,Teal,Spring,4.4,No,Store Pickup,No,No,44,Bank Transfer,Bi-Weekly
2691,26,Male,Dress,Clothing,41,Mississippi,M,Purple,Spring,4.5,No,Standard,Yes,Yes,33,Venmo,Quarterly
2692,25,Male,Belt,Accessories,34,Minnesota,L,Indigo,Fall,4.9,Yes,Express,Yes,Yes,30,Bank Transfer,Every 3 Months
2693,20,Male,Sunglasses,Accessories,86,Virginia,L,Purple,Winter,3.7,No,Store Pickup,No,No,22,Bank Transfer,Annually
2694,46,Male,Sunglasses,Accessories,99,Idaho,S,Orange,Fall,4.7,No,Free Shipping,No,No,14,Bank Transfer,Annually
2695,48,Male,Jewelry,Accessories,42,New Hampshire,M,Blue,Winter,4.9,No,2-Day Shipping,Yes,Yes,13,PayPal,Weekly
2696,61,Female,Gloves,Accessories,47,Arizona,M,Gray,Fall,3.4,No,Next Day Air,Yes,Yes,3,Venmo,Quarterly
2697,40,Male,Sweater,Clothing,20,Kansas,XL,Red,Spring,3.7,Yes,Free Shipping,Yes,Yes,36,Cash,Quarterly
2698,34,Male,Jacket,Outerwear,37,Montana,M,Turquoise,Summer,2.8,No,Store Pickup,No,No,7,Credit Card,Monthly
2699,40,Male,Sunglasses,Accessories,74,South Carolina,M,Black,Winter,4.3,Yes,Free Shipping,No,No,34,Bank Transfer,Quarterly
2700,22,Male,T-shirt,Clothing,77,Virginia,L,Charcoal,Summer,3.5,Yes,2-Day Shipping,No,No,49,Debit Card,Fortnightly
2701,61,Female,Gloves,Accessories,50,New Mexico,XL,Blue,Summer,2.8,Yes,Next Day Air,No,No,11,Venmo,Fortnightly
2702,36,Female,Backpack,Accessories,44,New Hampshire,M,Cyan,Fall,3.1,Yes,Express,Yes,Yes,46,Bank Transfer,Bi-Weekly
2703,30,Male,Jacket,Outerwear,85,Minnesota,M,Charcoal,Spring,4.0,No,Next Day Air,No,No,6,Cash,Every 3 Months
2704,40,Male,Handbag,Accessories,86,Hawaii,M,Orange,Spring,4.8,No,Standard,Yes,Yes,32,Venmo,Quarterly
2705,44,Female,Belt,Accessories,68,Arizona,XL,Maroon,Fall,4.7,No,Express,No,No,41,PayPal,Quarterly
2706,40,Male,Pants,Clothing,65,Colorado,M,Blue,Fall,4.2,No,Next Day Air,No,No,37,PayPal,Fortnightly
2707,23,Male,Blouse,Clothing,28,Nevada,S,Brown,Winter,4.2,No,2-Day Shipping,Yes,Yes,21,Credit Card,Bi-Weekly
2708,53,Female,Dress,Clothing,30,Missouri,M,Violet,Fall,2.8,No,Free Shipping,No,No,19,Credit Card,Quarterly
2709,60,Male,Scarf,Accessories,57,Michigan,M,Charcoal,Winter,3.9,Yes,Standard,No,No,5,PayPal,Weekly
2710,44,Male,Sandals,Footwear,88,New Jersey,L,Pink,Fall,4.0,No,Next Day Air,Yes,Yes,31,Bank Transfer,Fortnightly
2711,69,Male,Gloves,Accessories,88,New Jersey,S,Beige,Summer,2.6,Yes,Next Day Air,Yes,Yes,11,Debit Card,Bi-Weekly
2712,64,Male,Sweater,Clothing,96,Indiana,L,Gray,Winter,2.7,No,Store Pickup,No,No,50,Cash,Every 3 Months
2713,23,Female,Pants,Clothing,52,New York,M,Gold,Summer,3.8,No,Express,Yes,Yes,50,PayPal,Every 3 Months
2714,53,Male,Sneakers,Footwear,70,Georgia,M,Teal,Fall,4.0,No,Free Shipping,No,No,32,Venmo,Bi-Weekly
2715,54,Male,T-shirt,Clothing,38,Idaho,M,Lavender,Summer,4.9,No,2-Day Shipping,No,No,11,Venmo,Bi-Weekly
2716,24,Male,Sunglasses,Accessories,67,Iowa,L,Olive,Summer,3.1,No,Standard,Yes,Yes,47,Cash,Quarterly
2717,20,Female,Coat,Outerwear,63,New York,M,Gray,Fall,5.0,No,Standard,Yes,Yes,46,PayPal,Quarterly
2718,46,Male,Coat,Outerwear,92,Kentucky,M,Indigo,Fall,4.7,Yes,Free Shipping,No,No,16,Bank Transfer,Every 3 Months
2719,50,Male,Jewelry,Accessories,94,Illinois,S,Olive,Summer,3.5,No,Store Pickup,Yes,Yes,15,Bank Transfer,Fortnightly
2720,33,Female,Boots,Footwear,74,Colorado,M,White,Fall,3.4,No,Standard,No,No,4,PayPal,Annually
2721,44,Female,Hoodie,Clothing,65,Wisconsin,M,Indigo,Winter,5.0,No,Standard,Yes,Yes,20,Cash,Annually
2722,28,Female,Jacket,Outerwear,86,Washington,L,Cyan,Summer,3.5,No,Express,No,No,41,Cash,Quarterly
2723,36,Male,Sunglasses,Accessories,44,Montana,M,Red,Winter,4.6,No,Store Pickup,Yes,Yes,26,Debit Card,Annually
2724,22,Female,Socks,Clothing,51,South Carolina,S,Beige,Spring,4.5,No,Standard,Yes,Yes,24,Venmo,Weekly
2725,55,Male,Boots,Footwear,59,Oregon,M,Teal,Fall,3.5,Yes,Store Pickup,No,No,17,Venmo,Weekly
2726,48,Female,Skirt,Clothing,76,Missouri,S,Orange,Winter,4.5,No,Free Shipping,Yes,Yes,47,Cash,Bi-Weekly
2727,55,Female,Jacket,Outerwear,63,New Hampshire,M,Cyan,Summer,4.7,No,Standard,No,No,41,Cash,Weekly
2728,38,Male,Skirt,Clothing,48,Florida,M,Gray,Summer,3.8,No,Free Shipping,No,No,42,PayPal,Quarterly
2729,46,Male,Belt,Accessories,94,Mississippi,L,Silver,Fall,4.7,No,Standard,No,No,39,Cash,Every 3 Months
2730,33,Male,Blouse,Clothing,20,Idaho,L,Cyan,Spring,3.0,No,Free Shipping,No,No,39,Venmo,Weekly
2731,25,Male,Gloves,Accessories,54,South Dakota,L,White,Fall,3.5,No,Store Pickup,Yes,Yes,23,PayPal,Annually
2732,41,Female,Sweater,Clothing,23,Nevada,XL,Gray,Fall,2.7,Yes,Free Shipping,Yes,Yes,3,Cash,Every 3 Months
2733,51,Female,Sandals,Footwear,38,West Virginia,S,Maroon,Summer,4.2,No,Store Pickup,Yes,Yes,47,PayPal,Every 3 Months
2734,37,Female,Hoodie,Clothing,83,New Hampshire,S,Gray,Fall,4.5,No,2-Day Shipping,No,No,19,Credit Card,Every 3 Months
2735,33,Male,Scarf,Accessories,82,Ohio,S,Gold,Spring,2.8,No,Express,No,No,39,Debit Card,Annually
2736,62,Male,Jacket,Outerwear,72,New Jersey,S,Silver,Fall,3.1,No,Next Day Air,No,No,45,PayPal,Monthly
2737,20,Female,Shorts,Clothing,65,Pennsylvania,S,Violet,Spring,3.0,No,Express,Yes,Yes,27,Debit Card,Quarterly
2738,25,Male,Hat,Accessories,66,Alabama,S,Indigo,Summer,3.5,Yes,Express,Yes,Yes,29,Credit Card,Fortnightly
2739,55,Female,Pants,Clothing,63,Wisconsin,S,Orange,Winter,3.8,No,Express,Yes,Yes,26,Credit Card,Monthly
2740,27,Male,Boots,Footwear,79,Mississippi,M,Orange,Winter,3.3,No,2-Day Shipping,No,No,10,Venmo,Monthly
2741,67,Male,Shoes,Footwear,98,Tennessee,L,Magenta,Spring,3.9,No,Next Day Air,No,No,11,Debit Card,Annually
2742,53,Male,Hoodie,Clothing,71,Utah,L,Green,Summer,2.6,No,Next Day Air,No,No,34,Debit Card,Bi-Weekly
2743,48,Male,Boots,Footwear,50,Ohio,L,Teal,Fall,3.0,No,2-Day Shipping,No,No,11,Bank Transfer,Annually
2744,43,Male,Pants,Clothing,84,Georgia,L,Orange,Winter,3.7,No,Free Shipping,Yes,Yes,35,Venmo,Fortnightly
2745,18,Male,Hoodie,Clothing,60,North Dakota,M,Brown,Summer,4.9,No,2-Day Shipping,Yes,Yes,35,PayPal,Annually
2746,36,Female,Coat,Outerwear,21,Idaho,M,Charcoal,Winter,4.3,No,2-Day Shipping,Yes,Yes,42,Cash,Annually
2747,38,Female,Socks,Clothing,36,Nevada,XL,Olive,Summer,4.4,Yes,Next Day Air,No,No,17,Cash,Fortnightly
2748,45,Male,Dress,Clothing,46,Delaware,M,Lavender,Spring,2.6,Yes,Express,Yes,Yes,16,Debit Card,Bi-Weekly
2749,41,Male,Dress,Clothing,66,Wyoming,M,Blue,Winter,4.1,No,Express,Yes,Yes,42,PayPal,Monthly
2750,40,Male,Boots,Footwear,49,Ohio,M,Green,Summer,3.7,No,Store Pickup,No,No,47,Cash,Weekly
2751,65,Female,Coat,Outerwear,30,Kentucky,XL,Black,Summer,3.3,Yes,Free Shipping,No,No,14,PayPal,Weekly
2752,51,Male,Belt,Accessories,35,Wisconsin,M,Pink,Summer,4.4,Yes,Next Day Air,Yes,Yes,7,Bank Transfer,Annually
2753,20,Female,Jewelry,Accessories,20,Missouri,XL,Beige,Spring,3.1,No,Standard,No,No,35,Cash,Monthly
2754,40,Male,Gloves,Accessories,72,New York,M,Beige,Spring,2.8,No,Store Pickup,Yes,Yes,47,Venmo,Quarterly
2755,55,Male,Boots,Footwear,58,New Jersey,M,Pink,Summer,3.5,No,Free Shipping,Yes,Yes,16,Cash,Fortnightly
2756,19,Male,Dress,Clothing,90,Missouri,XL,Indigo,Fall,3.3,Yes,Store Pickup,No,No,48,Venmo,Quarterly
2757,19,Female,Boots,Footwear,53,Arizona,M,Gold,Winter,4.4,Yes,2-Day Shipping,No,No,43,Credit Card,Every 3 Months
2758,51,Male,Jacket,Outerwear,32,Michigan,XL,Teal,Winter,3.1,No,Express,Yes,Yes,50,Venmo,Weekly
2759,52,Female,Dress,Clothing,100,West Virginia,M,Turquoise,Summer,3.8,No,Express,No,No,18,Credit Card,Every 3 Months
2760,43,Male,Blouse,Clothing,95,New York,M,Maroon,Fall,4.3,Yes,Free Shipping,No,No,1,Cash,Quarterly
2761,26,Male,Coat,Outerwear,59,Delaware,XL,Maroon,Spring,3.9,No,Next Day Air,No,No,12,Cash,Every 3 Months
2762,25,Male,Dress,Clothing,20,Illinois,M,Red,Fall,2.8,No,Free Shipping,Yes,Yes,40,Credit Card,Monthly
2763,69,Male,Sweater,Clothing,76,Indiana,S,Yellow,Summer,3.4,No,2-Day Shipping,No,No,29,Cash,Weekly
2764,31,Male,Shoes,Footwear,46,Minnesota,S,Gray,Spring,4.2,No,2-Day Shipping,Yes,Yes,17,PayPal,Monthly
2765,53,Male,Jewelry,Accessories,52,Maine,M,Blue,Spring,4.3,No,Express,No,No,39,Venmo,Fortnightly
2766,33,Male,Gloves,Accessories,33,Idaho,M,Peach,Spring,4.5,No,Store Pickup,Yes,Yes,20,Debit Card,Monthly
2767,31,Male,Jeans,Clothing,46,New Mexico,S,Violet,Winter,4.9,No,Free Shipping,Yes,Yes,13,PayPal,Fortnightly
2768,26,Female,Gloves,Accessories,100,Montana,M,Violet,Spring,3.0,No,2-Day Shipping,No,No,40,Cash,Weekly
2769,50,Male,T-shirt,Clothing,94,Colorado,M,Red,Winter,4.7,No,Free Shipping,No,No,12,Credit Card,Monthly
2770,30,Female,Sandals,Footwear,86,Maryland,M,Gray,Summer,2.6,No,Express,No,No,31,PayPal,Fortnightly
2771,70,Male,Backpack,Accessories,34,New Mexico,XL,Orange,Summer,4.3,Yes,Standard,No,No,34,Venmo,Annually
2772,52,Male,Coat,Outerwear,57,Missouri,M,Yellow,Fall,4.1,Yes,Free Shipping,No,No,9,PayPal,Monthly
2773,23,Male,Scarf,Accessories,83,Indiana,L,Silver,Spring,4.7,Yes,Express,No,No,34,Cash,Bi-Weekly
2774,41,Female,Sneakers,Footwear,33,Virginia,L,Peach,Spring,4.0,Yes,Express,No,No,46,Bank Transfer,Annually
2775,44,Male,Sweater,Clothing,53,Utah,M,Peach,Summer,4.2,No,2-Day Shipping,No,No,6,Debit Card,Bi-Weekly
2776,59,Female,Belt,Accessories,31,Wyoming,L,Cyan,Summer,2.8,No,Express,No,No,8,Debit Card,Weekly
2777,36,Male,Hoodie,Clothing,25,Ohio,L,White,Spring,3.1,Yes,2-Day Shipping,Yes,Yes,25,Cash,Fortnightly
2778,35,Male,Sunglasses,Accessories,67,Nebraska,XL,Silver,Winter,2.7,No,Express,No,No,46,Venmo,Bi-Weekly
2779,44,Female,Scarf,Accessories,71,Montana,M,Purple,Spring,4.0,No,Standard,No,No,36,Venmo,Every 3 Months
2780,32,Male,Hoodie,Clothing,83,Hawaii,M,Violet,Fall,3.9,No,2-Day Shipping,No,No,47,Credit Card,Every 3 Months
2781,51,Female,Backpack,Accessories,31,New Mexico,M,Black,Winter,3.3,No,Next Day Air,Yes,Yes,4,Cash,Every 3 Months
2782,69,Female,Jacket,Outerwear,65,New Mexico,L,Green,Summer,4.5,No,Free Shipping,No,No,7,Debit Card,Fortnightly
2783,49,Male,Skirt,Clothing,26,Arkansas,M,Charcoal,Spring,2.8,Yes,Standard,No,No,13,PayPal,Fortnightly
2784,52,Male,Gloves,Accessories,61,Iowa,M,Maroon,Winter,4.4,No,Free Shipping,Yes,Yes,12,Cash,Fortnightly
2785,29,Female,Shoes,Footwear,26,South Carolina,L,White,Summer,3.0,No,Store Pickup,Yes,Yes,41,Bank Transfer,Quarterly
2786,67,Male,Shirt,Clothing,79,Idaho,S,Brown,Fall,4.2,Yes,2-Day Shipping,Yes,Yes,11,Bank Transfer,Fortnightly
2787,56,Male,Dress,Clothing,36,New Jersey,S,Cyan,Summer,2.9,Yes,Standard,No,No,5,Credit Card,Every 3 Months
2788,18,Female,Scarf,Accessories,88,Michigan,L,White,Fall,4.7,No,Express,No,No,20,Bank Transfer,Bi-Weekly
2789,69,Male,Sunglasses,Accessories,31,Idaho,M,Charcoal,Spring,4.5,No,Next Day Air,No,No,36,Debit Card,Weekly
2790,68,Male,Coat,Outerwear,75,Oregon,L,Indigo,Fall,3.8,No,Free Shipping,No,No,38,Venmo,Every 3 Months
2791,21,Male,Gloves,Accessories,54,Arizona,M,Yellow,Fall,2.8,Yes,Store Pickup,Yes,Yes,36,Cash,Monthly
2792,27,Male,Shoes,Footwear,81,Hawaii,S,Indigo,Winter,3.8,No,Next Day Air,Yes,Yes,3,Bank Transfer,Weekly
2793,58,Male,Socks,Clothing,42,Delaware,XL,Lavender,Spring,4.6,No,2-Day Shipping,Yes,Yes,38,Cash,Weekly
2794,28,Female,Boots,Footwear,100,Arizona,M,White,Spring,4.7,No,Next Day Air,No,No,40,Credit Card,Bi-Weekly
2795,60,Male,Shoes,Footwear,72,North Carolina,XL,Green,Spring,3.1,No,Express,No,No,14,Cash,Quarterly
2796,47,Male,Dress,Clothing,65,Oklahoma,L,Green,Spring,3.3,No,Express,No,No,4,Cash,Annually
2797,26,Male,Scarf,Accessories,73,Ohio,S,Indigo,Spring,2.8,No,2-Day Shipping,No,No,1,Cash,Annually
2798,26,Male,Shoes,Footwear,71,California,S,Pink,Winter,3.9,No,Standard,No,No,36,Bank Transfer,Annually
2799,34,Male,Belt,Accessories,33,Delaware,L,Purple,Fall,3.5,Yes,2-Day Shipping,No,No,28,PayPal,Monthly
2800,37,Female,Jacket,Outerwear,98,Pennsylvania,M,Beige,Summer,3.0,No,Standard,Yes,Yes,46,Cash,Fortnightly
2801,34,Female,Shirt,Clothing,100,Vermont,L,Gold,Summer,2.6,No,Standard,No,No,29,Bank Transfer,Bi-Weekly
2802,32,Female,Belt,Accessories,48,Alaska,XL,Brown,Summer,4.5,No,Store Pickup,Yes,Yes,33,Bank Transfer,Monthly
2803,62,Female,Belt,Accessories,73,Delaware,S,Blue,Summer,4.9,Yes,Express,Yes,Yes,7,PayPal,Weekly
2804,46,Male,Shirt,Clothing,100,Virginia,L,Purple,Summer,2.8,No,Next Day Air,No,No,15,Venmo,Monthly
2805,24,Male,Shoes,Footwear,49,New Hampshire,XL,Violet,Winter,3.4,Yes,Next Day Air,No,No,29,PayPal,Bi-Weekly
2806,53,Male,Socks,Clothing,32,Washington,XL,Teal,Fall,3.0,Yes,Free Shipping,No,No,6,Credit Card,Bi-Weekly
2807,30,Female,Hat,Accessories,49,Iowa,M,Green,Fall,3.5,No,Free Shipping,Yes,Yes,35,PayPal,Fortnightly
2808,32,Male,Shoes,Footwear,68,Illinois,S,Gray,Spring,3.9,Yes,2-Day Shipping,No,No,34,Credit Card,Weekly
2809,59,Male,Handbag,Accessories,96,Kentucky,M,Charcoal,Spring,2.5,No,Express,No,No,47,Venmo,Fortnightly
2810,34,Male,Shirt,Clothing,39,Michigan,M,Green,Summer,4.2,No,Store Pickup,Yes,Yes,35,Venmo,Quarterly
2811,65,Male,Blouse,Clothing,47,Massachusetts,L,Pink,Winter,4.4,No,Next Day Air,No,No,40,Debit Card,Fortnightly
2812,25,Male,Sandals,Footwear,73,Idaho,S,Beige,Summer,4.7,Yes,2-Day Shipping,Yes,Yes,41,Debit Card,Every 3 Months
2813,24,Male,Sunglasses,Accessories,46,Maryland,L,Orange,Summer,2.8,No,Express,No,No,24,Debit Card,Every 3 Months
2814,23,Male,Pants,Clothing,27,Indiana,M,Indigo,Summer,3.9,No,Free Shipping,No,No,33,PayPal,Weekly
2815,57,Male,Sweater,Clothing,50,Kentucky,L,Beige,Fall,4.3,No,Express,Yes,Yes,39,PayPal,Weekly
2816,49,Male,Hat,Accessories,96,Maryland,S,Maroon,Spring,4.9,No,Express,No,No,44,PayPal,Fortnightly
2817,33,Male,Blouse,Clothing,54,Idaho,S,Green,Fall,3.1,Yes,Next Day Air,No,No,10,Bank Transfer,Every 3 Months
2818,31,Female,Jacket,Outerwear,55,California,XL,Olive,Summer,3.0,No,Next Day Air,No,No,19,Cash,Weekly
2819,62,Male,Pants,Clothing,74,Alabama,M,Orange,Spring,4.1,Yes,Store Pickup,No,No,32,Venmo,Bi-Weekly
2820,38,Female,Coat,Outerwear,92,Illinois,S,Brown,Winter,4.0,Yes,Free Shipping,Yes,Yes,21,Bank Transfer,Monthly
2821,46,Male,Sunglasses,Accessories,53,Mississippi,L,Yellow,Spring,5.0,No,Express,Yes,Yes,11,Cash,Bi-Weekly
2822,56,Female,Belt,Accessories,53,Iowa,M,Turquoise,Summer,3.7,No,2-Day Shipping,No,No,45,Cash,Bi-Weekly
2823,57,Male,Belt,Accessories,37,Michigan,XL,Magenta,Summer,4.4,No,Next Day Air,No,No,7,Credit Card,Weekly
2824,23,Male,Belt,Accessories,34,Rhode Island,L,Brown,Spring,4.0,No,Next Day Air,No,No,39,Venmo,Weekly
2825,26,Female,Skirt,Clothing,98,Minnesota,L,Lavender,Winter,3.4,No,2-Day Shipping,No,No,26,Debit Card,Weekly
2826,69,Male,Scarf,Accessories,69,Arkansas,XL,Lavender,Summer,4.7,Yes,Standard,Yes,Yes,48,PayPal,Annually
2827,54,Male,Pants,Clothing,60,Rhode Island,L,Cyan,Fall,4.3,No,Free Shipping,No,No,15,PayPal,Weekly
2828,65,Male,Shirt,Clothing,46,Arkansas,L,Gold,Fall,3.6,No,Standard,No,No,42,Cash,Annually
2829,62,Male,Jacket,Outerwear,52,Hawaii,L,Cyan,Fall,4.8,No,Standard,No,No,20,Debit Card,Every 3 Months
2830,51,Male,Boots,Footwear,31,Wyoming,S,Violet,Fall,4.1,Yes,Next Day Air,No,No,2,Cash,Quarterly
2831,30,Male,Sunglasses,Accessories,73,Alabama,L,Yellow,Fall,4.4,No,Standard,No,No,24,Bank Transfer,Annually
2832,58,Male,Socks,Clothing,82,Oregon,M,Teal,Spring,4.1,No,Express,No,No,34,Venmo,Monthly
2833,60,Male,Backpack,Accessories,75,Delaware,M,Magenta,Fall,4.9,No,Free Shipping,No,No,10,Venmo,Monthly
2834,26,Female,Handbag,Accessories,39,North Dakota,XL,Indigo,Fall,3.6,Yes,2-Day Shipping,No,No,10,PayPal,Every 3 Months
2835,37,Female,T-shirt,Clothing,80,Mississippi,S,Black,Summer,3.6,No,Standard,No,No,18,Bank Transfer,Every 3 Months
2836,66,Male,Dress,Clothing,70,Nebraska,M,Indigo,Fall,4.2,No,Store Pickup,No,No,5,Bank Transfer,Fortnightly
2837,29,Male,Belt,Accessories,72,Georgia,S,Red,Summer,3.0,No,Store Pickup,No,No,42,Venmo,Monthly
2838,25,Male,Shorts,Clothing,78,Illinois,L,Violet,Winter,2.8,No,Free Shipping,No,No,21,Bank Transfer,Monthly
2839,44,Male,Jewelry,Accessories,54,Utah,L,Teal,Summer,3.5,No,Store Pickup,Yes,Yes,28,Cash,Fortnightly
2840,31,Male,Shirt,Clothing,68,Illinois,S,Blue,Summer,3.9,No,Standard,Yes,Yes,21,Venmo,Annually
2841,68,Female,Hoodie,Clothing,40,Illinois,XL,Teal,Summer,4.9,No,Free Shipping,Yes,Yes,35,Cash,Every 3 Months
2842,69,Female,Hat,Accessories,37,Idaho,M,Silver,Fall,3.1,No,Free Shipping,Yes,Yes,47,PayPal,Fortnightly
2843,43,Male,Jeans,Clothing,41,Virginia,M,Charcoal,Winter,3.1,No,Standard,Yes,Yes,2,Debit Card,Every 3 Months
2844,56,Male,Shoes,Footwear,44,Ohio,L,Teal,Spring,2.6,No,Express,No,No,5,Venmo,Fortnightly
2845,21,Male,Sandals,Footwear,61,Pennsylvania,M,Brown,Summer,3.8,No,Express,No,No,5,Cash,Quarterly
2846,43,Male,Jewelry,Accessories,51,Arizona,L,Gold,Summer,4.0,No,Store Pickup,Yes,Yes,10,PayPal,Fortnightly
2847,54,Female,Sneakers,Footwear,99,Oregon,L,Turquoise,Fall,3.2,No,Standard,No,No,16,Bank Transfer,Fortnightly
2848,50,Female,Jewelry,Accessories,51,New York,L,Turquoise,Summer,4.7,Yes,Next Day Air,No,No,50,Bank Transfer,Monthly
2849,56,Female,Skirt,Clothing,65,Utah,S,Purple,Winter,2.9,No,Next Day Air,No,No,18,Bank Transfer,Annually
2850,51,Female,Boots,Footwear,57,Maryland,M,Green,Spring,4.9,No,Standard,No,No,24,Venmo,Monthly
2851,30,Male,Jeans,Clothing,44,Alabama,M,Brown,Fall,4.5,No,Standard,Yes,Yes,7,Credit Card,Annually
2852,29,Male,Backpack,Accessories,90,Oklahoma,L,Peach,Spring,4.9,No,Standard,Yes,Yes,5,PayPal,Annually
2853,66,Female,Sunglasses,Accessories,58,Georgia,M,Silver,Winter,3.5,No,2-Day Shipping,Yes,Yes,37,Credit Card,Monthly
2854,33,Male,Shirt,Clothing,99,New York,L,Red,Summer,4.5,No,Express,No,No,31,Credit Card,Annually
2855,45,Male,Socks,Clothing,51,Michigan,M,Magenta,Spring,3.9,Yes,Store Pickup,No,No,2,Credit Card,Weekly
2856,44,Male,Sunglasses,Accessories,50,Montana,XL,Magenta,Spring,4.2,No,2-Day Shipping,No,No,32,Bank Transfer,Annually
2857,22,Male,Sandals,Footwear,46,Arkansas,S,Black,Spring,2.7,Yes,Next Day Air,Yes,Yes,4,PayPal,Quarterly
2858,18,Male,Shorts,Clothing,80,Virginia,S,Pink,Winter,4.1,No,2-Day Shipping,Yes,Yes,46,PayPal,Monthly
2859,39,Male,Backpack,Accessories,87,Washington,S,Pink,Summer,3.1,No,Standard,Yes,Yes,25,Cash,Annually
2860,30,Male,Gloves,Accessories,50,Nebraska,M,Red,Summer,3.5,No,Store Pickup,No,No,37,PayPal,Bi-Weekly
2861,69,Male,Backpack,Accessories,60,Montana,L,Gold,Winter,4.2,No,2-Day Shipping,No,No,45,Cash,Every 3 Months
2862,54,Female,Belt,Accessories,39,Kentucky,L,Olive,Fall,3.4,No,Standard,No,No,22,Bank Transfer,Weekly
2863,30,Male,Scarf,Accessories,56,Hawaii,M,Magenta,Summer,2.7,No,Store Pickup,No,No,29,PayPal,Monthly
2864,68,Male,Sunglasses,Accessories,89,Nevada,M,Gold,Spring,2.7,No,2-Day Shipping,No,No,50,Credit Card,Bi-Weekly
2865,59,Female,Shoes,Footwear,79,Mississippi,S,Peach,Fall,3.6,No,Store Pickup,Yes,Yes,22,Bank Transfer,Quarterly
2866,48,Male,Hat,Accessories,22,South Dakota,M,Purple,Winter,4.3,No,Free Shipping,No,No,2,PayPal,Weekly
2867,33,Male,Jewelry,Accessories,52,Oklahoma,XL,Gold,Summer,4.0,No,Store Pickup,Yes,Yes,47,Bank Transfer,Every 3 Months
2868,43,Male,Blouse,Clothing,86,Massachusetts,L,Charcoal,Fall,2.8,No,Store Pickup,Yes,Yes,48,Cash,Quarterly
2869,56,Male,Skirt,Clothing,93,Louisiana,L,Purple,Summer,3.4,Yes,Free Shipping,Yes,Yes,48,Venmo,Weekly
2870,44,Male,Boots,Footwear,76,Iowa,M,Cyan,Fall,3.1,Yes,Standard,No,No,30,PayPal,Annually
2871,47,Male,Pants,Clothing,88,Oklahoma,S,Pink,Summer,2.8,No,Next Day Air,Yes,Yes,38,Venmo,Monthly
2872,63,Male,Socks,Clothing,74,Tennessee,M,Violet,Winter,2.8,No,2-Day Shipping,Yes,Yes,6,Credit Card,Fortnightly
2873,67,Male,Boots,Footwear,58,South Dakota,M,Green,Fall,4.7,Yes,Store Pickup,No,No,10,Venmo,Monthly
2874,19,Male,Jeans,Clothing,70,New Hampshire,M,Purple,Winter,2.8,No,Free Shipping,Yes,Yes,47,PayPal,Annually
2875,64,Male,Backpack,Accessories,30,Pennsylvania,M,Blue,Winter,4.7,No,Standard,No,No,40,Cash,Every 3 Months
2876,56,Male,Shirt,Clothing,89,Connecticut,S,Green,Fall,3.1,No,Standard,Yes,Yes,48,Cash,Annually
2877,23,Male,Backpack,Accessories,63,New Jersey,M,Cyan,Spring,4.2,No,Standard,No,No,46,Cash,Monthly
2878,35,Male,Sneakers,Footwear,85,Colorado,L,Red,Spring,4.7,No,2-Day Shipping,No,No,38,Bank Transfer,Weekly
2879,68,Male,Sandals,Footwear,23,Oregon,M,Turquoise,Winter,4.9,No,Express,Yes,Yes,4,Venmo,Bi-Weekly
2880,32,Female,Sandals,Footwear,66,Iowa,XL,Silver,Summer,2.8,No,Store Pickup,Yes,Yes,15,Credit Card,Monthly
2881,62,Male,Handbag,Accessories,73,Louisiana,L,Gray,Spring,2.5,No,2-Day Shipping,Yes,Yes,49,Debit Card,Monthly
2882,21,Male,Backpack,Accessories,21,West Virginia,L,Maroon,Fall,2.6,No,Express,Yes,Yes,10,Credit Card,Fortnightly
2883,63,Male,T-shirt,Clothing,31,Pennsylvania,XL,Blue,Winter,3.3,No,Express,No,No,16,Bank Transfer,Weekly
2884,62,Female,Shorts,Clothing,60,Wyoming,S,Cyan,Spring,4.3,Yes,2-Day Shipping,Yes,Yes,35,Cash,Monthly
2885,56,Female,Scarf,Accessories,70,Maine,XL,Olive,Fall,4.0,No,2-Day Shipping,Yes,Yes,46,Cash,Weekly
2886,20,Male,Blouse,Clothing,57,Connecticut,S,Olive,Summer,3.2,Yes,Standard,Yes,Yes,32,PayPal,Quarterly
2887,20,Female,Jacket,Outerwear,79,Tennessee,M,Purple,Fall,4.7,No,Express,No,No,9,Cash,Bi-Weekly
2888,24,Female,Jeans,Clothing,32,Mississippi,L,Red,Summer,3.6,No,2-Day Shipping,No,No,34,Credit Card,Weekly
2889,41,Male,Sunglasses,Accessories,31,Nebraska,S,Violet,Summer,4.4,No,Next Day Air,No,No,18,Venmo,Every 3 Months
2890,23,Female,Backpack,Accessories,89,Georgia,M,White,Summer,4.2,No,Express,Yes,Yes,4,Venmo,Annually
2891,31,Male,Handbag,Accessories,32,Indiana,M,Green,Fall,3.6,Yes,Express,Yes,Yes,21,Cash,Bi-Weekly
2892,55,Female,Backpack,Accessories,60,Nebraska,M,Maroon,Winter,3.3,Yes,Standard,No,No,26,Venmo,Quarterly
2893,63,Male,Shirt,Clothing,67,New Mexico,M,Turquoise,Fall,4.5,No,Express,Yes,Yes,13,Bank Transfer,Annually
2894,50,Male,Sandals,Footwear,30,Arizona,L,Violet,Summer,4.2,No,Store Pickup,No,No,18,Credit Card,Every 3 Months
2895,22,Male,Gloves,Accessories,21,Michigan,M,Charcoal,Winter,4.7,No,Free Shipping,No,No,11,Venmo,Every 3 Months
2896,34,Female,Hat,Accessories,49,Tennessee,L,Peach,Winter,3.1,No,Express,No,No,29,PayPal,Quarterly
2897,26,Female,Jewelry,Accessories,40,Maine,M,Brown,Fall,4.1,Yes,2-Day Shipping,No,No,9,Credit Card,Fortnightly
2898,29,Male,Pants,Clothing,30,Tennessee,L,Silver,Fall,3.1,No,Next Day Air,No,No,35,PayPal,Monthly
2899,51,Male,Coat,Outerwear,88,Florida,L,White,Summer,3.2,Yes,Standard,No,No,9,Cash,Annually
2900,24,Male,Pants,Clothing,66,Maine,S,Turquoise,Summer,3.7,No,Free Shipping,No,No,18,PayPal,Bi-Weekly
2901,42,Male,T-shirt,Clothing,55,North Carolina,M,Gray,Fall,4.1,Yes,Store Pickup,No,No,2,Credit Card,Quarterly
2902,21,Female,Backpack,Accessories,55,Alabama,M,Pink,Winter,4.4,No,Standard,Yes,Yes,49,Venmo,Quarterly
2903,56,Female,Jacket,Outerwear,83,Alaska,XL,Brown,Spring,3.6,No,Free Shipping,No,No,43,Bank Transfer,Annually
2904,60,Male,Jacket,Outerwear,72,Minnesota,L,Red,Fall,4.1,Yes,Express,No,No,25,Cash,Annually
2905,51,Male,Belt,Accessories,56,Arkansas,L,Violet,Fall,4.8,No,Next Day Air,Yes,Yes,24,Bank Transfer,Every 3 Months
2906,26,Female,Shirt,Clothing,85,Kansas,M,Cyan,Winter,,No,Next Day Air,No,No,40,Venmo,Weekly
2907,30,Male,Hat,Accessories,89,Oregon,S,Gold,Winter,3.9,No,Store Pickup,Yes,Yes,8,Bank Transfer,Every 3 Months
2908,67,Female,Belt,Accessories,80,Montana,S,Magenta,Spring,2.7,No,Standard,No,No,43,Credit Card,Annually
2909,66,Male,Shoes,Footwear,95,California,L,Silver,Fall,5.0,No,Free Shipping,Yes,Yes,36,Bank Transfer,Monthly
2910,47,Male,Sneakers,Footwear,39,Indiana,L,Blue,Spring,2.9,No,2-Day Shipping,Yes,Yes,45,PayPal,Annually
2911,28,Female,Hat,Accessories,80,West Virginia,L,White,Summer,4.8,No,Store Pickup,No,No,47,Venmo,Fortnightly
2912,63,Male,Coat,Outerwear,56,Wisconsin,S,Purple,Spring,3.4,Yes,Free Shipping,Yes,Yes,11,Debit Card,Weekly
2913,35,Male,Gloves,Accessories,23,Minnesota,XL,Peach,Fall,2.8,No,Express,Yes,Yes,27,Cash,Annually
2914,18,Male,Jacket,Outerwear,93,Ohio,L,Beige,Fall,4.4,No,Store Pickup,Yes,Yes,19,Bank Transfer,Weekly
2915,56,Male,Handbag,Accessories,93,Idaho,L,Silver,Spring,2.5,No,Express,Yes,Yes,5,Credit Card,Fortnightly
2916,37,Male,Shirt,Clothing,72,Washington,S,Orange,Fall,3.1,No,Express,Yes,Yes,33,Bank Transfer,Weekly
2917,69,Male,Hat,Accessories,55,Arkansas,M,Gold,Spring,4.5,No,Express,Yes,Yes,31,Venmo,Fortnightly
2918,54,Female,Shoes,Footwear,46,Delaware,M,Orange,Winter,5.0,Yes,Store Pickup,No,No,10,Venmo,Weekly
2919,47,Male,Socks,Clothing,93,Wisconsin,S,Gold,Winter,4.6,No,Store Pickup,No,No,13,Bank Transfer,Weekly
2920,37,Male,Shorts,Clothing,25,West Virginia,L,Orange,Winter,4.7,No,Free Shipping,Yes,Yes,32,Debit Card,Weekly
2921,31,Female,Shorts,Clothing,22,Tennessee,M,Cyan,Summer,2.9,No,Free Shipping,Yes,Yes,33,Venmo,Annually
2922,54,Female,Sneakers,Footwear,82,Idaho,S,Olive,Fall,2.9,No,Express,No,No,30,Venmo,Monthly
2923,59,Female,Pants,Clothing,82,Illinois,S,Turquoise,Summer,4.3,Yes,2-Day Shipping,Yes,Yes,2,Debit Card,Annually
2924,32,Male,Skirt,Clothing,62,North Carolina,M,Maroon,Winter,4.8,No,Express,No,No,31,Venmo,Annually
2925,38,Male,Shoes,Footwear,38,Oklahoma,L,Maroon,Summer,4.7,Yes,Store Pickup,Yes,Yes,29,Debit Card,Annually
2926,52,Male,Jacket,Outerwear,86,Indiana,L,Brown,Winter,4.8,No,Next Day Air,Yes,Yes,15,Debit Card,Fortnightly
2927,54,Male,Boots,Footwear,62,Montana,XL,Beige,Spring,4.1,Yes,Free Shipping,Yes,Yes,45,Credit Card,Every 3 Months
2928,53,Male,Sneakers,Footwear,45,Vermont,L,Red,Summer,4.1,Yes,Express,No,No,31,Venmo,Every 3 Months
2929,60,Male,Backpack,Accessories,98,Utah,M,Brown,Winter,3.6,No,Free Shipping,No,No,30,Bank Transfer,Fortnightly
2930,63,Male,Backpack,Accessories,68,Florida,M,Maroon,Summer,2.9,Yes,Standard,No,No,44,Debit Card,Annually
2931,18,Male,Hat,Accessories,79,Delaware,XL,Silver,Summer,3.9,No,2-Day Shipping,Yes,Yes,14,Credit Card,Fortnightly
2932,55,Male,Sunglasses,Accessories,86,Vermont,S,Indigo,Spring,3.8,Yes,Store Pickup,Yes,Yes,46,Debit Card,Quarterly
2933,30,Female,Pants,Clothing,71,Illinois,M,Olive,Fall,5.0,No,Store Pickup,Yes,Yes,46,Credit Card,Every 3 Months
2934,37,Male,Hoodie,Clothing,66,California,M,Violet,Fall,5.0,Yes,Express,No,No,24,Bank Transfer,Annually
2935,64,Male,Jewelry,Accessories,69,North Carolina,S,Lavender,Summer,4.0,Yes,Express,Yes,Yes,30,Bank Transfer,Monthly
2936,49,Female,Sunglasses,Accessories,81,Tennessee,L,Orange,Spring,4.9,No,Store Pickup,No,No,17,Cash,Every 3 Months
2937,27,Male,Coat,Outerwear,89,Ohio,M,Brown,Winter,4.8,No,Next Day Air,Yes,Yes,28,Credit Card,Quarterly
2938,27,Female,Blouse,Clothing,56,Texas,L,Cyan,Spring,4.3,No,Store Pickup,Yes,Yes,25,Debit Card,Quarterly
2939,48,Male,T-shirt,Clothing,98,Texas,XL,Cyan,Fall,3.7,No,Express,Yes,Yes,13,Credit Card,Weekly
2940,60,Male,Blouse,Clothing,85,Michigan,M,Orange,Fall,3.1,Yes,Free Shipping,Yes,Yes,50,Venmo,Weekly
2941,32,Male,Jeans,Clothing,67,Wisconsin,M,Cyan,Spring,4.3,No,Express,No,No,36,Credit Card,Bi-Weekly
2942,19,Female,Skirt,Clothing,86,North Carolina,M,Teal,Summer,2.6,Yes,Free Shipping,No,No,16,Debit Card,Annually
2943,59,Male,Sunglasses,Accessories,59,Washington,M,Magenta,Winter,3.3,Yes,Standard,No,No,21,Debit Card,Fortnightly
2944,24,Male,Coat,Outerwear,52,Kentucky,L,Blue,Summer,3.5,Yes,Standard,No,No,4,Cash,Monthly
2945,26,Male,Sweater,Clothing,20,New Jersey,M,Blue,Spring,3.3,No,Express,No,No,49,Credit Card,Bi-Weekly
2946,38,Male,Skirt,Clothing,30,Arkansas,L,Teal,Winter,4.8,No,2-Day Shipping,Yes,Yes,32,Debit Card,Monthly
2947,66,Male,Sunglasses,Accessories,95,Virginia,M,Yellow,Winter,4.8,No,Store Pickup,Yes,Yes,6,Cash,Quarterly
2948,40,Male,Shirt,Clothing,79,Missouri,S,Charcoal,Summer,3.8,Yes,Express,No,No,32,Venmo,Monthly
2949,28,Male,Sweater,Clothing,82,New Hampshire,L,Gold,Spring,4.0,Yes,Next Day Air,No,No,1,Venmo,Annually
2950,22,Female,Sneakers,Footwear,65,Idaho,XL,Beige,Spring,3.2,No,Store Pickup,No,No,15,Cash,Every 3 Months
2951,45,Male,Skirt,Clothing,73,Texas,S,Peach,Fall,3.5,No,2-Day Shipping,No,No,39,Bank Transfer,Every 3 Months
2952,51,Male,T-shirt,Clothing,82,Washington,L,White,Summer,3.2,No,Express,Yes,Yes,35,Credit Card,Quarterly
2953,54,Female,Backpack,Accessories,87,Wisconsin,XL,Teal,Spring,4.8,No,Store Pickup,No,No,38,Venmo,Fortnightly
2954,68,Male,Boots,Footwear,60,Arizona,M,Peach,Fall,4.1,Yes,2-Day Shipping,No,No,46,Debit Card,Weekly
2955,65,Female,Coat,Outerwear,88,Mississippi,L,Green,Fall,4.3,No,Free Shipping,No,No,38,Credit Card,Fortnightly
2956,22,Female,Handbag,Accessories,75,South Dakota,M,Maroon,Spring,4.3,No,Express,No,No,19,PayPal,Quarterly
2957,36,Female,Shirt,Clothing,33,California,M,Yellow,Summer,,No,Standard,No,No,7,PayPal,Fortnightly
2958,46,Male,Socks,Clothing,79,Idaho,M,Black,Fall,2.5,No,Standard,Yes,Yes,6,PayPal,Weekly
2959,63,Female,Hat,Accessories,66,Oklahoma,M,Black,Fall,3.3,No,Store Pickup,No,No,2,PayPal,Monthly
2960,29,Male,Hat,Accessories,67,North Dakota,M,Cyan,Summer,2.7,No,Free Shipping,No,No,13,Credit Card,Monthly
2961,18,Male,Shorts,Clothing,78,Arkansas,M,Gold,Winter,3.8,No,Store Pickup,Yes,Yes,27,Debit Card,Monthly
2962,31,Male,Hoodie,Clothing,64,South Dakota,M,Violet,Summer,4.7,Yes,Free Shipping,No,No,16,Cash,Quarterly
2963,29,Male,Shirt,Clothing,94,Maine,L,Turquoise,Spring,4.1,Yes,Express,Yes,Yes,5,Cash,Weekly
2964,59,Female,Socks,Clothing,51,Utah,L,Peach,Summer,4.4,No,Store Pickup,No,No,34,Bank Transfer,Every 3 Months
2965,26,Male,T-shirt,Clothing,41,North Dakota,L,Magenta,Spring,4.5,No,Store Pickup,Yes,Yes,18,Cash,Monthly
2966,20,Male,Jeans,Clothing,95,Massachusetts,M,Beige,Summer,4.1,No,Free Shipping,Yes,Yes,33,Venmo,Bi-Weekly
2967,30,Female,Jewelry,Accessories,42,Maryland,M,Purple,Fall,3.2,Yes,Next Day Air,No,No,7,Venmo,Monthly
2968,29,Male,Scarf,Accessories,68,Alabama,M,Teal,Summer,4.0,No,Store Pickup,No,No,34,Debit Card,Fortnightly
2969,19,Female,Shoes,Footwear,65,New Hampshire,XL,Yellow,Fall,3.3,No,Free Shipping,Yes,Yes,13,Venmo,Quarterly
2970,19,Male,Gloves,Accessories,68,Texas,M,Charcoal,Summer,4.8,Yes,2-Day Shipping,Yes,Yes,44,Cash,Bi-Weekly
2971,32,Female,Pants,Clothing,22,Oklahoma,L,Beige,Fall,3.2,Yes,Standard,Yes,Yes,47,Venmo,Fortnightly
2972,58,Female,Jacket,Outerwear,47,Missouri,L,Lavender,Spring,4.1,Yes,Free Shipping,Yes,Yes,50,Credit Card,Monthly
2973,55,Male,Scarf,Accessories,72,Kentucky,M,Maroon,Winter,4.8,No,Standard,No,No,13,Venmo,Quarterly
2974,43,Male,Boots,Footwear,87,Maine,S,Red,Spring,4.0,Yes,Next Day Air,Yes,Yes,41,Cash,Quarterly
2975,60,Male,Blouse,Clothing,82,Vermont,L,Silver,Summer,2.9,No,2-Day Shipping,Yes,Yes,29,Debit Card,Monthly
2976,45,Male,Jacket,Outerwear,83,Idaho,L,Silver,Summer,4.5,No,2-Day Shipping,No,No,30,Bank Transfer,Every 3 Months
2977,43,Male,Handbag,Accessories,27,Washington,S,Lavender,Fall,4.3,No,Store Pickup,No,No,36,PayPal,Weekly
2978,58,Female,Socks,Clothing,97,North Carolina,M,Blue,Spring,4.8,No,Store Pickup,No,No,35,PayPal,Monthly
2979,30,Male,Jeans,Clothing,80,Tennessee,M,Cyan,Summer,4.0,No,Free Shipping,No,No,41,Credit Card,Weekly
2980,48,Male,Pants,Clothing,52,Colorado,M,Brown,Summer,4.3,No,Next Day Air,Yes,Yes,42,Credit Card,Weekly
2981,67,Male,Blouse,Clothing,82,Iowa,S,Charcoal,Summer,3.1,No,Express,Yes,Yes,12,Debit Card,Monthly
2982,60,Male,Blouse,Clothing,86,Wisconsin,M,Turquoise,Summer,3.3,Yes,Express,No,No,12,Credit Card,Annually
2983,67,Male,T-shirt,Clothing,44,Texas,S,Green,Spring,2.9,Yes,Express,No,No,2,Cash,Weekly
2984,43,Female,Gloves,Accessories,34,Connecticut,S,Black,Summer,2.8,Yes,Standard,No,No,30,Bank Transfer,Weekly
2985,31,Male,Jeans,Clothing,96,Louisiana,M,Beige,Fall,4.8,No,Standard,Yes,Yes,50,Credit Card,Bi-Weekly
2986,66,Male,Jeans,Clothing,29,Texas,L,Turquoise,Fall,4.4,No,Store Pickup,No,No,38,PayPal,Bi-Weekly
2987,39,Male,Jeans,Clothing,32,Michigan,M,Orange,Spring,3.7,No,Next Day Air,Yes,Yes,46,Debit Card,Fortnightly
2988,39,Male,Sweater,Clothing,44,Georgia,L,Gold,Summer,2.6,No,Store Pickup,Yes,Yes,40,Cash,Monthly
2989,44,Male,Blouse,Clothing,20,Rhode Island,M,Gray,Summer,2.6,Yes,2-Day Shipping,No,No,31,Bank Transfer,Every 3 Months
2990,60,Male,Shorts,Clothing,28,Michigan,XL,Brown,Fall,3.7,No,Standard,Yes,Yes,14,PayPal,Weekly
2991,38,Male,Jewelry,Accessories,62,Ohio,L,Gray,Spring,3.6,Yes,Free Shipping,No,No,12,Venmo,Quarterly
2992,31,Female,Jeans,Clothing,91,Virginia,XL,Turquoise,Fall,4.8,Yes,Store Pickup,No,No,21,Cash,Weekly
2993,55,Female,Sneakers,Footwear,70,Massachusetts,M,Green,Spring,3.8,No,Free Shipping,Yes,Yes,37,Bank Transfer,Bi-Weekly
2994,33,Male,Coat,Outerwear,20,Oklahoma,M,Teal,Spring,4.6,No,Free Shipping,Yes,Yes,31,PayPal,Quarterly
2995,54,Male,Sunglasses,Accessories,36,Maine,M,Charcoal,Fall,3.5,No,Store Pickup,Yes,Yes,41,Credit Card,Bi-Weekly
2996,46,Male,Pants,Clothing,46,Florida,L,Orange,Fall,2.7,No,Express,Yes,Yes,27,Credit Card,Bi-Weekly
2997,34,Male,Hoodie,Clothing,62,Maryland,M,Gold,Spring,4.0,Yes,Next Day Air,No,No,14,Venmo,Every 3 Months
2998,67,Male,Gloves,Accessories,49,Wyoming,M,Peach,Summer,3.5,No,Standard,Yes,Yes,49,Venmo,Fortnightly
2999,68,Male,Coat,Outerwear,25,Maine,L,Indigo,Summer,3.2,No,Store Pickup,No,No,27,Debit Card,Weekly
3000,40,Female,Coat,Outerwear,70,Maine,L,Turquoise,Summer,2.8,No,Standard,No,No,18,Credit Card,Annually
3001,49,Male,Scarf,Accessories,20,Arizona,S,Gold,Fall,3.1,No,Free Shipping,No,No,39,PayPal,Monthly
3002,69,Female,Sneakers,Footwear,28,Georgia,S,Indigo,Winter,4.1,No,Store Pickup,No,No,2,Credit Card,Every 3 Months
3003,56,Female,Jeans,Clothing,61,Maine,M,Magenta,Summer,4.4,No,Next Day Air,No,No,49,Bank Transfer,Annually
3004,51,Female,Backpack,Accessories,86,New Mexico,L,Orange,Summer,3.2,No,Standard,No,No,15,Venmo,Weekly
3005,32,Female,Sunglasses,Accessories,45,Louisiana,XL,Magenta,Summer,2.9,No,Store Pickup,No,No,37,PayPal,Fortnightly
3006,54,Male,Shirt,Clothing,65,Florida,M,Gray,Winter,3.7,No,Express,No,No,28,Bank Transfer,Bi-Weekly
3007,67,Female,Backpack,Accessories,32,Alabama,L,Cyan,Fall,3.6,Yes,Free Shipping,No,No,28,Debit Card,Weekly
3008,43,Male,Scarf,Accessories,66,New York,M,Red,Fall,3.7,No,Free Shipping,Yes,Yes,26,Credit Card,Quarterly
3009,21,Male,Coat,Outerwear,45,Arizona,S,Blue,Spring,3.8,No,Store Pickup,No,No,31,Venmo,Weekly
3010,69,Female,Socks,Clothing,44,South Carolina,S,Violet,Summer,4.1,No,Store Pickup,Yes,Yes,12,Credit Card,Annually
3011,61,Male,Blouse,Clothing,61,Mississippi,M,Pink,Fall,4.2,Yes,2-Day Shipping,Yes,Yes,6,PayPal,Bi-Weekly
3012,61,Male,Sweater,Clothing,97,Oklahoma,M,Orange,Winter,3.3,No,Express,No,No,44,Venmo,Bi-Weekly
3013,63,Male,Shorts,Clothing,62,New Mexico,L,Beige,Summer,4.8,Yes,Standard,Yes,Yes,9,Bank Transfer,Annually
3014,41,Male,Dress,Clothing,25,Idaho,XL,Turquoise,Spring,4.0,No,Express,No,No,44,Venmo,Monthly
3015,46,Male,Pants,Clothing,63,Louisiana,M,Beige,Fall,4.9,No,Store Pickup,No,No,13,PayPal,Monthly
3016,25,Male,Coat,Outerwear,90,Kentucky,L,Cyan,Summer,2.9,No,Next Day Air,Yes,Yes,48,Venmo,Weekly
3017,37,Male,Pants,Clothing,42,New York,M,Peach,Fall,4.1,No,Standard,Yes,Yes,44,Credit Card,Annually
3018,32,Female,Belt,Accessories,98,Vermont,S,Turquoise,Fall,2.8,Yes,Standard,No,No,48,Bank Transfer,Annually
3019,54,Male,Blouse,Clothing,32,Florida,M,Pink,Winter,4.0,No,2-Day Shipping,No,No,21,Credit Card,Monthly
3020,66,Female,Jeans,Clothing,85,California,M,Yellow,Spring,4.0,Yes,Free Shipping,Yes,Yes,16,Cash,Annually
3021,69,Male,Hoodie,Clothing,51,North Dakota,M,Orange,Summer,3.7,No,Free Shipping,No,No,50,Bank Transfer,Monthly
3022,33,Male,Belt,Accessories,38,Missouri,M,Silver,Winter,2.7,No,Free Shipping,No,No,35,Cash,Weekly
3023,30,Female,T-shirt,Clothing,53,Louisiana,L,Red,Summer,3.8,Yes,Next Day Air,No,No,1,Credit Card,Weekly
3024,31,Male,Shorts,Clothing,92,Mississippi,M,Maroon,Spring,3.9,No,Store Pickup,No,No,28,Credit Card,Fortnightly
3025,59,Female,Sunglasses,Accessories,25,Minnesota,L,Blue,Spring,4.7,No,Next Day Air,Yes,Yes,29,Cash,Weekly
3026,35,Male,Socks,Clothing,91,West Virginia,M,Peach,Winter,3.9,Yes,Store Pickup,Yes,Yes,43,PayPal,Weekly
3027,49,Male,Shoes,Footwear,28,Tennessee,M,Indigo,Winter,3.6,No,Free Shipping,Yes,Yes,24,Debit Card,Fortnightly
3028,66,Male,Shirt,Clothing,51,North Carolina,M,Black,Summer,4.1,No,Standard,Yes,Yes,4,Bank Transfer,Annually
3029,58,Male,Dress,Clothing,66,Kentucky,XL,White,Summer,4.2,No,2-Day Shipping,No,No,12,PayPal,Quarterly
3030,58,Male,Coat,Outerwear,39,Tennessee,S,Gold,Summer,3.9,No,Express,No,No,4,Cash,Quarterly
3031,22,Male,Jeans,Clothing,31,Kentucky,M,Violet,Spring,3.5,Yes,Next Day Air,No,No,14,Credit Card,Annually
3032,53,Female,Sweater,Clothing,28,Mississippi,M,Blue,Winter,4.9,Yes,2-Day Shipping,Yes,Yes,10,Bank Transfer,Bi-Weekly
3033,31,Male,Gloves,Accessories,46,Idaho,M,Silver,Summer,3.4,No,Express,Yes,Yes,47,Credit Card,Annually
3034,23,Male,Jewelry,Accessories,69,Connecticut,L,Yellow,Winter,3.4,Yes,Free Shipping,No,No,29,Bank Transfer,Quarterly
3035,48,Male,Socks,Clothing,67,Michigan,M,Purple,Spring,3.6,No,Standard,Yes,Yes,49,Cash,Quarterly
3036,65,Male,Shorts,Clothing,74,Missouri,L,Black,Fall,2.9,No,Express,Yes,Yes,37,Credit Card,Fortnightly
3037,50,Male,Scarf,Accessories,24,Nevada,L,Teal,Fall,4.1,No,Express,No,No,23,Venmo,Weekly
3038,37,Male,Gloves,Accessories,29,Connecticut,M,Turquoise,Spring,2.6,No,Express,No,No,33,Credit Card,Annually
3039,59,Female,Skirt,Clothing,93,Rhode Island,M,Peach,Winter,3.9,No,2-Day Shipping,No,No,46,Bank Transfer,Quarterly
3040,36,Male,Hat,Accessories,93,Utah,XL,Silver,Spring,4.2,No,Store Pickup,No,No,42,Debit Card,Weekly
3041,35,Male,Sandals,Footwear,31,Louisiana,M,Lavender,Spring,3.4,No,Standard,No,No,13,Credit Card,Every 3 Months
3042,44,Female,Belt,Accessories,32,Utah,M,Olive,Winter,2.8,No,Next Day Air,Yes,Yes,38,Venmo,Weekly
3043,40,Male,Shirt,Clothing,89,Delaware,XL,Gray,Fall,4.0,No,Express,No,No,39,PayPal,Bi-Weekly
3044,46,Female,Belt,Accessories,49,Wyoming,S,Violet,Summer,3.2,No,Express,Yes,Yes,17,Venmo,Annually
3045,50,Female,Belt,Accessories,58,Alaska,L,White,Spring,4.6,No,Free Shipping,No,No,38,Credit Card,Monthly
3046,62,Male,Blouse,Clothing,41,Nevada,M,Olive,Summer,3.7,No,Standard,No,No,14,Credit Card,Monthly
3047,68,Male,Shoes,Footwear,65,Missouri,S,Blue,Winter,3.9,No,2-Day Shipping,Yes,Yes,44,PayPal,Fortnightly
3048,56,Female,Shirt,Clothing,22,Colorado,L,Black,Fall,3.5,No,Express,No,No,36,Bank Transfer,Annually
3049,53,Male,Hat,Accessories,95,Virginia,S,Olive,Fall,2.6,No,Standard,No,No,19,Cash,Fortnightly
3050,65,Male,T-shirt,Clothing,89,Texas,XL,Pink,Summer,4.2,No,Free Shipping,No,No,7,Credit Card,Quarterly
3051,28,Female,Boots,Footwear,35,West Virginia,L,Maroon,Summer,5.0,No,Next Day Air,No,No,30,Credit Card,Annually
3052,69,Male,Belt,Accessories,97,Maryland,S,Indigo,Fall,,No,Next Day Air,No,No,37,Bank Transfer,Quarterly
3053,36,Male,Sandals,Footwear,67,West Virginia,XL,Brown,Winter,2.6,Yes,Free Shipping,No,No,10,Cash,Fortnightly
3054,33,Female,Hat,Accessories,52,New Hampshire,M,Charcoal,Fall,3.6,No,2-Day Shipping,Yes,Yes,9,Venmo,Annually
3055,53,Male,Dress,Clothing,78,Connecticut,L,Green,Winter,4.8,No,Standard,No,No,13,Bank Transfer,Monthly
3056,41,Male,Sneakers,Footwear,92,Iowa,S,Magenta,Summer,4.1,No,Next Day Air,No,No,31,PayPal,Weekly
3057,53,Male,Shoes,Footwear,67,Rhode Island,S,Black,Fall,2.8,No,Store Pickup,No,No,4,Cash,Fortnightly
3058,32,Male,Scarf,Accessories,97,Connecticut,S,Silver,Spring,3.3,No,Free Shipping,No,No,47,Credit Card,Bi-Weekly
3059,25,Female,Jacket,Outerwear,32,Oregon,L,Indigo,Spring,4.6,No,Standard,No,No,28,Cash,Monthly
3060,67,Male,Handbag,Accessories,35,Illinois,S,Gray,Summer,4.0,No,Next Day Air,No,No,36,Venmo,Every 3 Months
3061,62,Male,Jacket,Outerwear,38,Alaska,L,Teal,Fall,3.0,No,2-Day Shipping,No,No,11,Credit Card,Bi-Weekly
3062,48,Female,Sweater,Clothing,77,Arizona,M,Peach,Summer,3.6,No,2-Day Shipping,Yes,Yes,34,Venmo,Annually
3063,27,Male,Coat,Outerwear,32,Alaska,M,Indigo,Summer,4.7,Yes,Store Pickup,No,No,25,Venmo,Quarterly
3064,28,Male,Sneakers,Footwear,39,Arkansas,S,Pink,Winter,3.0,No,Store Pickup,No,No,49,Credit Card,Bi-Weekly
3065,52,Male,Coat,Outerwear,39,Colorado,M,Gray,Spring,4.6,Yes,Standard,Yes,Yes,30,Cash,Bi-Weekly
3066,66,Male,Sweater,Clothing,96,Nebraska,M,Brown,Summer,4.1,No,Free Shipping,No,No,29,Cash,Fortnightly
3067,43,Male,Hat,Accessories,69,Colorado,M,Pink,Fall,4.0,Yes,2-Day Shipping,Yes,Yes,24,Cash,Every 3 Months
3068,53,Female,Sandals,Footwear,34,Montana,M,Orange,Summer,3.0,No,Free Shipping,Yes,Yes,43,Venmo,Fortnightly
3069,49,Female,Hat,Accessories,94,Montana,M,Cyan,Spring,3.1,No,Store Pickup,No,No,41,Cash,Bi-Weekly
3070,25,Female,Hoodie,Clothing,56,Hawaii,M,Brown,Summer,3.7,Yes,Next Day Air,No,No,29,Debit Card,Monthly
3071,43,Male,Blouse,Clothing,92,New Jersey,M,Silver,Summer,2.7,Yes,Express,No,No,25,Cash,Every 3 Months
3072,29,Female,Jacket,Outerwear,61,Oklahoma,M,Black,Summer,3.9,No,2-Day Shipping,No,No,43,PayPal,Annually
3073,46,Female,Gloves,Accessories,55,Maine,L,Red,Winter,4.0,Yes,Standard,No,No,24,Debit Card,Annually
3074,43,Male,Hoodie,Clothing,83,Rhode Island,S,Peach,Summer,3.1,No,Standard,No,No,36,Debit Card,Weekly
3075,55,Male,Hoodie,Clothing,58,Missouri,L,Indigo,Spring,3.3,No,Store Pickup,Yes,Yes,13,Credit Card,Every 3 Months
3076,66,Male,Hat,Accessories,96,Missouri,XL,Beige,Fall,3.6,No,Express,No,No,16,Debit Card,Bi-Weekly
3077,28,Male,Shirt,Clothing,83,Hawaii,M,Beige,Spring,5.0,No,Express,Yes,Yes,48,Debit Card,Weekly
3078,64,Male,Gloves,Accessories,66,New Jersey,S,Gold,Summer,4.6,No,2-Day Shipping,No,No,14,Debit Card,Monthly
3079,24,Female,Hat,Accessories,28,Kansas,M,Turquoise,Winter,2.7,No,Standard,No,No,2,Debit Card,Fortnightly
3080,51,Male,Jeans,Clothing,54,Rhode Island,L,Green,Summer,4.6,No,Next Day Air,No,No,46,Debit Card,Quarterly
3081,48,Male,Pants,Clothing,79,Utah,M,Brown,Spring,3.2,No,Next Day Air,No,No,11,Bank Transfer,Bi-Weekly
3082,52,Male,Shoes,Footwear,81,South Carolina,L,Purple,Spring,4.3,No,Free Shipping,Yes,Yes,42,Bank Transfer,Every 3 Months
3083,42,Female,T-shirt,Clothing,67,Indiana,S,Charcoal,Spring,4.2,Yes,Standard,No,No,1,Debit Card,Every 3 Months
3084,24,Male,Shorts,Clothing,33,Connecticut,S,Brown,Summer,2.7,No,Next Day Air,No,No,45,Bank Transfer,Annually
3085,19,Male,Sandals,Footwear,97,Oregon,M,Green,Winter,3.4,No,Free Shipping,No,No,10,Cash,Bi-Weekly
3086,46,Female,Gloves,Accessories,34,Indiana,M,Pink,Spring,3.3,No,Express,No,No,16,Credit Card,Every 3 Months
3087,30,Male,Gloves,Accessories,82,New York,S,Pink,Spring,3.2,Yes,Standard,Yes,Yes,19,Venmo,Quarterly
3088,35,Female,Sneakers,Footwear,28,Oklahoma,L,Gold,Winter,2.6,No,Free Shipping,Yes,Yes,7,PayPal,Annually
3089,59,Male,Sweater,Clothing,49,Iowa,L,Olive,Spring,4.0,No,2-Day Shipping,No,No,33,Debit Card,Every 3 Months
3090,56,Female,Jeans,Clothing,84,Nevada,M,White,Winter,4.5,No,2-Day Shipping,No,No,14,Bank Transfer,Weekly
3091,30,Female,Sandals,Footwear,68,Oklahoma,L,Peach,Spring,4.3,No,Store Pickup,Yes,Yes,2,PayPal,Every 3 Months
3092,49,Female,Belt,Accessories,37,Ohio,XL,Cyan,Summer,4.6,No,Store Pickup,No,No,28,Debit Card,Weekly
3093,42,Male,Skirt,Clothing,78,Nebraska,M,Green,Fall,3.5,No,Next Day Air,Yes,Yes,33,Cash,Fortnightly
3094,65,Male,Belt,Accessories,74,South Dakota,L,Pink,Summer,,No,2-Day Shipping,No,No,10,Debit Card,Quarterly
3095,34,Male,Blouse,Clothing,98,West Virginia,S,Gold,Fall,3.4,No,Standard,No,No,17,PayPal,Bi-Weekly
3096,25,Female,Pants,Clothing,64,Connecticut,M,Gray,Spring,3.6,No,Express,Yes,Yes,41,Cash,Weekly
3097,57,Male,Jewelry,Accessories,28,Michigan,S,Lavender,Spring,4.6,No,Next Day Air,Yes,Yes,42,Cash,Annually
3098,66,Male,Boots,Footwear,30,Georgia,S,Indigo,Summer,3.7,No,Next Day Air,No,No,3,PayPal,Monthly
3099,41,Male,Skirt,Clothing,84,Tennessee,M,White,Fall,3.1,No,Store Pickup,No,No,32,PayPal,Monthly
3100,30,Female,Jeans,Clothing,34,Tennessee,M,Yellow,Winter,3.3,No,Store Pickup,Yes,Yes,42,PayPal,Fortnightly
3101,69,Male,Hoodie,Clothing,36,Missouri,M,Purple,Spring,4.2,No,Free Shipping,Yes,Yes,4,Debit Card,Quarterly
3102,26,Male,Skirt,Clothing,82,Missouri,XL,Red,Fall,2.6,Yes,Express,No,No,23,Cash,Every 3 Months
3103,29,Male,Belt,Accessories,70,New Hampshire,XL,Gold,Winter,3.1,No,Store Pickup,No,No,18,Debit Card,Monthly
3104,21,Female,Hat,Accessories,34,Nevada,XL,Olive,Summer,4.9,No,Next Day Air,No,No,31,PayPal,Bi-Weekly
3105,29,Male,Gloves,Accessories,43,Wisconsin,M,Black,Summer,4.7,Yes,Express,Yes,Yes,46,Credit Card,Bi-Weekly
3106,22,Female,Boots,Footwear,52,Colorado,S,Yellow,Fall,3.1,Yes,Next Day Air,Yes,Yes,31,PayPal,Every 3 Months
3107,50,Female,Belt,Accessories,20,New Jersey,L,Brown,Fall,2.6,No,Store Pickup,Yes,Yes,39,Venmo,Monthly
3108,58,Male,Scarf,Accessories,77,Connecticut,L,Beige,Spring,3.3,Yes,Store Pickup,No,No,23,PayPal,Monthly
3109,42,Female,Gloves,Accessories,90,Arkansas,L,Violet,Winter,3.9,No,Standard,Yes,Yes,16,Bank Transfer,Weekly
3110,21,Male,Sunglasses,Accessories,47,Wyoming,S,Black,Winter,2.8,No,Store Pickup,Yes,Yes,44,Venmo,Every 3 Months
3111,59,Male,Gloves,Accessories,37,Ohio,M,Olive,Fall,4.7,Yes,Store Pickup,No,No,45,PayPal,Fortnightly
3112,55,Male,Coat,Outerwear,40,South Dakota,M,Blue,Spring,4.4,No,Express,No,No,15,Debit Card,Fortnightly
3113,33,Male,Shirt,Clothing,28,South Dakota,M,Purple,Spring,3.1,Yes,2-Day Shipping,Yes,Yes,22,Bank Transfer,Weekly
3114,33,Male,Hat,Accessories,39,Vermont,S,White,Spring,3.2,Yes,Express,No,No,36,Credit Card,Monthly
3115,46,Male,Jeans,Clothing,91,New Hampshire,L,White,Summer,3.9,No,2-Day Shipping,Yes,Yes,27,Bank Transfer,Bi-Weekly
3116,38,Male,Socks,Clothing,66,Illinois,XL,Green,Summer,2.9,Yes,2-Day Shipping,Yes,Yes,48,Venmo,Every 3 Months
3117,69,Female,Coat,Outerwear,64,Texas,M,Olive,Fall,3.5,No,2-Day Shipping,No,No,18,Bank Transfer,Quarterly
3118,39,Male,Pants,Clothing,76,Louisiana,L,Maroon,Summer,3.3,Yes,2-Day Shipping,No,No,10,Cash,Annually
3119,56,Male,Gloves,Accessories,43,Kansas,XL,Gray,Winter,3.2,No,Store Pickup,No,No,10,Cash,Annually
3120,28,Male,Pants,Clothing,92,New Jersey,L,Beige,Winter,4.1,No,Next Day Air,Yes,Yes,18,Venmo,Monthly
3121,24,Male,Sunglasses,Accessories,33,Minnesota,XL,Olive,Summer,4.1,No,Express,No,No,20,Credit Card,Bi-Weekly
3122,37,Male,Dress,Clothing,89,Wisconsin,XL,Purple,Fall,4.0,No,2-Day Shipping,No,No,23,PayPal,Weekly
3123,27,Male,Backpack,Accessories,70,South Carolina,L,Maroon,Winter,3.4,No,Free Shipping,Yes,Yes,33,PayPal,Fortnightly
3124,60,Male,Coat,Outerwear,71,New York,M,Purple,Summer,4.0,No,Next Day Air,Yes,Yes,25,Credit Card,Bi-Weekly
3125,26,Male,Belt,Accessories,98,Connecticut,L,Lavender,Summer,2.9,No,Store Pickup,No,No,4,Cash,Annually
3126,50,Female,Gloves,Accessories,67,Missouri,L,Green,Winter,2.6,No,Free Shipping,No,No,36,Venmo,Weekly
3127,32,Female,Scarf,Accessories,41,New Jersey,M,Green,Fall,3.3,No,Next Day Air,Yes,Yes,25,Credit Card,Quarterly
3128,70,Male,Shorts,Clothing,65,Utah,M,Magenta,Spring,3.9,No,Free Shipping,No,No,37,Credit Card,Quarterly
3129,30,Female,Shoes,Footwear,56,Kentucky,M,Silver,Fall,3.3,No,Next Day Air,No,No,21,Credit Card,Annually
3130,57,Male,Sweater,Clothing,35,Louisiana,S,Indigo,Fall,3.5,No,Free Shipping,No,No,23,Cash,Weekly
3131,40,Male,Skirt,Clothing,94,Massachusetts,M,Green,Fall,3.3,No,Standard,No,No,19,Cash,Annually
3132,23,Female,Belt,Accessories,62,Georgia,S,Magenta,Spring,3.6,No,2-Day Shipping,Yes,Yes,48,Cash,Annually
3133,27,Male,Coat,Outerwear,81,Maryland,M,Peach,Summer,3.0,No,Next Day Air,Yes,Yes,32,Debit Card,Annually
3134,45,Male,Sunglasses,Accessories,72,South Carolina,S,Purple,Spring,5.0,Yes,Standard,Yes,Yes,24,Credit Card,Monthly
3135,25,Male,Scarf,Accessories,83,Ohio,L,Yellow,Winter,3.7,Yes,Standard,No,No,1,Bank Transfer,Monthly
3136,51,Female,Shorts,Clothing,100,New Jersey,XL,Red,Spring,3.6,Yes,Free Shipping,Yes,Yes,34,Debit Card,Annually
3137,56,Male,Shoes,Footwear,97,Ohio,M,Green,Fall,3.3,Yes,2-Day Shipping,No,No,22,Debit Card,Fortnightly
3138,56,Male,Skirt,Clothing,95,Oklahoma,S,Maroon,Summer,4.2,No,Next Day Air,Yes,Yes,6,Venmo,Bi-Weekly
3139,44,Male,Belt,Accessories,31,Virginia,M,Gold,Fall,3.8,No,Free Shipping,Yes,Yes,36,Debit Card,Monthly
3140,47,Male,Belt,Accessories,71,Wyoming,M,Pink,Spring,2.8,No,Next Day Air,No,No,20,Bank Transfer,Annually
3141,20,Male,Shoes,Footwear,37,Massachusetts,M,Orange,Winter,3.2,No,Free Shipping,No,No,34,Cash,Monthly
3142,24,Male,Blouse,Clothing,50,Georgia,M,Gray,Summer,2.8,No,Standard,Yes,Yes,6,Venmo,Every 3 Months
3143,57,Male,T-shirt,Clothing,86,Rhode Island,L,Brown,Spring,3.2,No,Next Day Air,No,No,17,PayPal,Bi-Weekly
3144,69,Male,Pants,Clothing,29,Florida,S,Violet,Winter,3.6,No,2-Day Shipping,Yes,Yes,31,Bank Transfer,Annually
3145,52,Male,Skirt,Clothing,69,West Virginia,M,Blue,Spring,3.8,No,2-Day Shipping,Yes,Yes,15,Bank Transfer,Every 3 Months
3146,37,Female,Sunglasses,Accessories,91,Alabama,M,Yellow,Summer,3.6,No,2-Day Shipping,No,No,16,Credit Card,Bi-Weekly
3147,34,Male,Blouse,Clothing,21,Connecticut,M,Yellow,Winter,3.3,No,Store Pickup,Yes,Yes,10,Cash,Every 3 Months
3148,24,Female,Skirt,Clothing,54,Oregon,L,White,Summer,4.8,No,Store Pickup,No,No,4,Venmo,Monthly
3149,29,Male,Sunglasses,Accessories,33,Virginia,M,Black,Summer,3.1,Yes,Express,No,No,6,Credit Card,Bi-Weekly
3150,66,Male,Skirt,Clothing,87,Massachusetts,M,Gray,Winter,5.0,No,Next Day Air,No,No,43,Bank Transfer,Bi-Weekly
3151,22,Male,Boots,Footwear,54,Texas,XL,Green,Summer,3.2,No,Free Shipping,Yes,Yes,8,Cash,Bi-Weekly
3152,25,Male,Dress,Clothing,60,New Hampshire,L,Red,Fall,4.6,No,Store Pickup,No,No,9,Venmo,Annually
3153,58,Male,T-shirt,Clothing,67,Michigan,M,Green,Fall,4.1,Yes,Store Pickup,No,No,42,Credit Card,Bi-Weekly
3154,57,Male,Scarf,Accessories,23,New Jersey,S,Black,Summer,4.3,Yes,Store Pickup,No,No,2,Credit Card,Annually
3155,54,Female,Coat,Outerwear,67,Washington,M,Cyan,Fall,2.9,Yes,Standard,No,No,5,PayPal,Weekly
3156,40,Male,Dress,Clothing,21,Mississippi,S,Blue,Summer,4.6,No,Free Shipping,Yes,Yes,19,Debit Card,Weekly
3157,32,Male,Skirt,Clothing,58,Nevada,S,Magenta,Fall,4.1,No,2-Day Shipping,Yes,Yes,31,Debit Card,Weekly
3158,43,Female,Socks,Clothing,49,New York,L,Lavender,Spring,3.9,Yes,Express,No,No,19,Debit Card,Every 3 Months
3159,42,Male,Shoes,Footwear,46,Maryland,M,Pink,Winter,4.7,No,Free Shipping,No,No,28,Credit Card,Every 3 Months
3160,32,Male,Coat,Outerwear,70,Maryland,M,Red,Winter,4.0,No,2-Day Shipping,No,No,18,Credit Card,Bi-Weekly
3161,24,Female,Sweater,Clothing,76,Maryland,XL,Charcoal,Spring,2.9,No,Store Pickup,No,No,38,Cash,Fortnightly
3162,45,Male,Dress,Clothing,21,West Virginia,L,Charcoal,Summer,2.9,No,Express,No,No,16,Credit Card,Quarterly
3163,44,Male,Shorts,Clothing,86,Rhode Island,XL,Yellow,Fall,3.3,No,Standard,No,No,3,PayPal,Bi-Weekly
3164,67,Female,Sweater,Clothing,84,North Dakota,M,Gold,Fall,3.0,No,2-Day Shipping,No,No,36,Venmo,Bi-Weekly
3165,70,Male,Sunglasses,Accessories,71,Virginia,M,Teal,Winter,3.0,No,Express,Yes,Yes,30,Bank Transfer,Annually
3166,56,Male,Scarf,Accessories,50,Mississippi,S,Teal,Winter,3.8,Yes,Express,No,No,42,Bank Transfer,Quarterly
3167,18,Female,Backpack,Accessories,59,Arkansas,L,Orange,Fall,3.8,No,2-Day Shipping,Yes,Yes,48,Bank Transfer,Quarterly
3168,29,Male,Blouse,Clothing,34,Georgia,L,Lavender,Summer,4.1,No,Express,No,No,10,Credit Card,Fortnightly
3169,22,Female,Pants,Clothing,74,Montana,M,Gold,Spring,4.4,No,2-Day Shipping,Yes,Yes,6,Venmo,Monthly
3170,54,Female,Jacket,Outerwear,63,Wyoming,XL,Teal,Winter,3.1,No,Standard,No,No,1,Debit Card,Every 3 Months
3171,54,Female,Skirt,Clothing,86,Michigan,M,Violet,Spring,2.6,No,Express,No,No,36,Debit Card,Fortnightly
3172,53,Male,Shirt,Clothing,75,Arizona,L,Pink,Summer,2.8,Yes,Next Day Air,No,No,2,Credit Card,Every 3 Months
3173,40,Male,Jeans,Clothing,82,Virginia,L,Cyan,Winter,4.0,Yes,Next Day Air,No,No,40,Debit Card,Bi-Weekly
3174,69,Female,Boots,Footwear,98,Ohio,S,Olive,Fall,4.5,Yes,2-Day Shipping,No,No,22,PayPal,Quarterly
3175,54,Female,Handbag,Accessories,97,New Hampshire,S,Olive,Fall,3.8,No,Store Pickup,No,No,25,Venmo,Weekly
3176,41,Male,Sunglasses,Accessories,93,Connecticut,L,Yellow,Winter,2.5,No,Next Day Air,No,No,40,PayPal,Monthly
3177,41,Male,Jewelry,Accessories,73,Oklahoma,L,Maroon,Summer,4.5,Yes,Free Shipping,No,No,25,Debit Card,Fortnightly
3178,29,Male,Shoes,Footwear,57,New Hampshire,M,White,Spring,4.7,No,Standard,No,No,45,Bank Transfer,Monthly
3179,69,Male,Gloves,Accessories,49,Hawaii,S,Yellow,Fall,,No,Next Day Air,No,No,11,Credit Card,Quarterly
3180,58,Male,Skirt,Clothing,72,Massachusetts,M,Lavender,Fall,3.6,No,Free Shipping,No,No,40,Credit Card,Weekly
3181,27,Male,Shirt,Clothing,31,Arizona,M,Black,Fall,3.1,No,Free Shipping,No,No,17,Cash,Fortnightly
3182,44,Male,Pants,Clothing,31,Texas,M,Olive,Spring,4.2,No,Express,Yes,Yes,22,Bank Transfer,Every 3 Months
3183,60,Male,Jeans,Clothing,65,Arizona,M,Charcoal,Fall,4.8,No,Free Shipping,No,No,10,PayPal,Quarterly
3184,70,Male,Jacket,Outerwear,85,Delaware,M,Silver,Fall,4.3,Yes,2-Day Shipping,Yes,Yes,21,Credit Card,Quarterly
3185,31,Male,Shoes,Footwear,66,Nebraska,M,White,Winter,4.9,No,Store Pickup,Yes,Yes,39,Credit Card,Quarterly
3186,29,Male,Blouse,Clothing,55,Virginia,M,Silver,Fall,4.9,Yes,2-Day Shipping,No,No,38,PayPal,Annually
3187,52,Male,Hat,Accessories,29,Indiana,M,Orange,Summer,4.2,No,Store Pickup,No,No,12,Credit Card,Monthly
3188,57,Female,Backpack,Accessories,91,New Jersey,M,Turquoise,Summer,3.5,Yes,Standard,Yes,Yes,31,Venmo,Annually
3189,42,Male,Scarf,Accessories,34,Montana,M,Pink,Winter,4.8,No,Next Day Air,No,No,49,Cash,Monthly
3190,51,Male,Coat,Outerwear,41,Rhode Island,L,Charcoal,Summer,2.9,No,Express,No,No,22,Cash,Bi-Weekly
3191,58,Male,T-shirt,Clothing,30,Oregon,L,Lavender,Winter,2.6,Yes,Express,No,No,10,Bank Transfer,Annually
3192,19,Female,Jewelry,Accessories,33,West Virginia,M,Indigo,Fall,2.9,No,2-Day Shipping,Yes,Yes,11,Cash,Monthly
3193,65,Female,Handbag,Accessories,53,Missouri,M,Lavender,Winter,3.6,No,Standard,No,No,12,Bank Transfer,Annually
3194,64,Male,Jacket,Outerwear,90,Nebraska,S,Purple,Summer,4.7,Yes,Free Shipping,No,No,15,Cash,Bi-Weekly
3195,59,Male,T-shirt,Clothing,100,New Hampshire,M,Lavender,Winter,4.6,No,Next Day Air,Yes,Yes,47,PayPal,Fortnightly
3196,33,Male,Hat,Accessories,21,Georgia,M,Beige,Summer,3.2,No,Standard,No,No,14,Venmo,Annually
3197,48,Male,Skirt,Clothing,97,Indiana,M,Brown,Fall,3.2,Yes,Free Shipping,No,No,35,PayPal,Monthly
3198,31,Female,Gloves,Accessories,51,New Hampshire,S,Teal,Winter,4.4,No,Next Day Air,Yes,Yes,11,Bank Transfer,Quarterly
3199,44,Female,Jacket,Outerwear,65,Rhode Island,L,Orange,Winter,3.5,No,Express,No,No,1,Venmo,Bi-Weekly
3200,49,Male,Belt,Accessories,62,Wisconsin,XL,Lavender,Winter,3.0,Yes,2-Day Shipping,Yes,Yes,7,Credit Card,Quarterly
3201,26,Female,Sweater,Clothing,82,Iowa,L,Charcoal,Fall,3.0,Yes,Standard,No,No,40,Credit Card,Monthly
3202,42,Male,Coat,Outerwear,20,North Carolina,L,Cyan,Spring,4.8,No,Next Day Air,No,No,39,Credit Card,Every 3 Months
3203,19,Female,Hat,Accessories,29,California,M,Lavender,Spring,3.1,No,Express,Yes,Yes,22,Venmo,Monthly
3204,46,Male,Jewelry,Accessories,30,Missouri,M,Purple,Spring,3.0,No,Free Shipping,Yes,Yes,48,Cash,Fortnightly
3205,38,Male,Jacket,Outerwear,85,Georgia,L,Gray,Spring,3.4,Yes,Next Day Air,Yes,Yes,35,Debit Card,Monthly
3206,41,Male,Sunglasses,Accessories,31,Indiana,S,Teal,Fall,4.9,Yes,Free Shipping,Yes,Yes,7,Debit Card,Bi-Weekly
3207,34,Female,Shirt,Clothing,60,Alaska,S,Lavender,Fall,3.6,Yes,Next Day Air,Yes,Yes,24,Venmo,Monthly
3208,24,Female,Blouse,Clothing,57,New Mexico,XL,Gray,Winter,2.9,No,Express,Yes,Yes,29,Bank Transfer,Annually
3209,20,Female,Sunglasses,Accessories,49,Louisiana,S,Red,Summer,4.5,No,Store Pickup,No,No,25,Credit Card,Weekly
3210,58,Female,Pants,Clothing,83,Wyoming,L,Indigo,Fall,3.4,No,2-Day Shipping,No,No,10,Venmo,Weekly
3211,68,Female,Shorts,Clothing,49,New York,L,Gray,Fall,3.1,Yes,Store Pickup,Yes,Yes,29,Bank Transfer,Quarterly
3212,54,Male,Hoodie,Clothing,65,Florida,M,Yellow,Winter,2.6,No,Standard,No,No,24,Credit Card,Weekly
3213,69,Female,Jeans,Clothing,44,Missouri,XL,Orange,Winter,4.2,No,Standard,Yes,Yes,16,Debit Card,Bi-Weekly
3214,44,Male,Blouse,Clothing,56,Utah,XL,Teal,Spring,3.9,Yes,Free Shipping,No,No,48,Debit Card,Every 3 Months
3215,32,Male,Jeans,Clothing,50,Georgia,L,Cyan,Summer,4.2,No,Free Shipping,No,No,7,Credit Card,Every 3 Months
3216,33,Male,Scarf,Accessories,66,Tennessee,M,Cyan,Fall,3.1,Yes,Next Day Air,No,No,22,Bank Transfer,Annually
3217,57,Female,Pants,Clothing,89,Wisconsin,L,Lavender,Winter,4.9,No,Next Day Air,No,No,47,Bank Transfer,Every 3 Months
3218,70,Female,T-shirt,Clothing,78,Illinois,L,Black,Winter,3.5,No,Express,Yes,Yes,36,Venmo,Every 3 Months
3219,41,Male,Backpack,Accessories,21,Nevada,S,Turquoise,Summer,4.2,Yes,Express,No,No,26,Debit Card,Monthly
3220,65,Female,Backpack,Accessories,27,Connecticut,L,Indigo,Fall,4.7,No,Store Pickup,Yes,Yes,36,Venmo,Every 3 Months
3221,24,Female,Sandals,Footwear,37,Wisconsin,S,Maroon,Fall,3.7,No,Standard,Yes,Yes,31,Debit Card,Quarterly
3222,33,Male,Shorts,Clothing,25,Nevada,S,Turquoise,Summer,2.7,Yes,Store Pickup,Yes,Yes,48,Debit Card,Fortnightly
3223,51,Male,Belt,Accessories,77,Idaho,L,Teal,Summer,3.5,No,Store Pickup,Yes,Yes,27,Venmo,Monthly
3224,65,Male,Socks,Clothing,93,Virginia,M,Indigo,Winter,3.2,Yes,Free Shipping,Yes,Yes,30,Debit Card,Bi-Weekly
3225,42,Male,Sunglasses,Accessories,66,Louisiana,S,Beige,Summer,3.8,Yes,Next Day Air,No,No,14,PayPal,Annually
3226,45,Female,Scarf,Accessories,71,Maine,L,Orange,Spring,3.0,No,2-Day Shipping,Yes,Yes,2,Credit Card,Monthly
3227,29,Female,Handbag,Accessories,83,North Dakota,S,Cyan,Winter,4.2,No,Free Shipping,No,No,16,Bank Transfer,Annually
3228,44,Male,Jewelry,Accessories,81,Tennessee,M,Purple,Fall,3.0,Yes,Standard,Yes,Yes,30,PayPal,Annually
3229,42,Male,Jacket,Outerwear,45,Nevada,L,Black,Winter,3.2,No,Next Day Air,Yes,Yes,3,Credit Card,Bi-Weekly
3230,23,Male,Scarf,Accessories,69,North Carolina,M,Blue,Winter,4.8,No,Next Day Air,Yes,Yes,9,Venmo,Every 3 Months
3231,51,Male,Socks,Clothing,23,Alabama,L,White,Fall,3.6,No,Next Day Air,Yes,Yes,11,Venmo,Weekly
3232,66,Male,Sneakers,Footwear,26,New Jersey,XL,Peach,Summer,4.7,Yes,Express,No,No,9,PayPal,Monthly
3233,44,Male,Pants,Clothing,53,Connecticut,S,Violet,Summer,3.6,Yes,Store Pickup,No,No,24,Cash,Bi-Weekly
3234,28,Male,Sneakers,Footwear,71,Connecticut,S,Purple,Spring,4.3,Yes,Standard,Yes,Yes,3,Venmo,Bi-Weekly
3235,64,Male,Gloves,Accessories,41,South Dakota,S,Peach,Summer,4.5,No,Free Shipping,Yes,Yes,3,PayPal,Annually
3236,67,Male,Dress,Clothing,45,Michigan,M,Brown,Winter,3.4,Yes,Free Shipping,Yes,Yes,25,Bank Transfer,Every 3 Months
3237,34,Female,Backpack,Accessories,48,Virginia,S,Peach,Summer,4.1,No,Free Shipping,No,No,36,PayPal,Quarterly
3238,50,Male,Blouse,Clothing,98,Idaho,S,Peach,Fall,3.5,No,Store Pickup,No,No,45,Cash,Quarterly
3239,25,Male,Blouse,Clothing,24,Florida,S,Peach,Fall,2.6,Yes,Express,No,No,37,Credit Card,Quarterly
3240,42,Female,Skirt,Clothing,64,North Carolina,M,Olive,Winter,3.8,No,Standard,Yes,Yes,7,Debit Card,Weekly
3241,38,Male,Gloves,Accessories,77,Mississippi,M,Purple,Summer,4.7,No,Free Shipping,No,No,45,PayPal,Quarterly
3242,54,Male,Hat,Accessories,89,Nevada,L,Lavender,Fall,4.1,No,Free Shipping,No,No,24,Debit Card,Every 3 Months
3243,26,Male,Dress,Clothing,66,Nebraska,M,Silver,Winter,4.2,No,Next Day Air,No,No,16,Venmo,Annually
3244,63,Female,Backpack,Accessories,67,Kansas,L,Magenta,Fall,4.7,No,Store Pickup,No,No,40,Venmo,Every 3 Months
3245,41,Male,Jacket,Outerwear,22,Maryland,M,Yellow,Fall,3.4,No,Next Day Air,No,No,1,Cash,Quarterly
3246,26,Male,Coat,Outerwear,58,Hawaii,M,Beige,Fall,4.8,No,Free Shipping,No,No,31,Bank Transfer,Quarterly
3247,33,Male,Jewelry,Accessories,84,Kansas,M,Lavender,Fall,4.3,Yes,Free Shipping,Yes,Yes,44,Venmo,Quarterly
3248,63,Male,Blouse,Clothing,25,Illinois,M,Gray,Summer,4.4,No,Free Shipping,Yes,Yes,21,Credit Card,Quarterly
3249,23,Female,Hat,Accessories,89,Connecticut,L,Red,Summer,3.8,No,Standard,No,No,41,Credit Card,Weekly
3250,55,Male,Shoes,Footwear,83,Ohio,XL,Black,Spring,4.2,No,2-Day Shipping,No,No,37,Bank Transfer,Fortnightly
3251,41,Female,Shoes,Footwear,70,Utah,S,Indigo,Spring,2.6,No,2-Day Shipping,No,No,37,PayPal,Monthly
3252,44,Male,Coat,Outerwear,53,Rhode Island,M,Pink,Spring,3.6,No,2-Day Shipping,Yes,Yes,29,Cash,Fortnightly
3253,55,Female,Hoodie,Clothing,81,California,S,Blue,Spring,4.0,No,Standard,Yes,Yes,26,Credit Card,Annually
3254,56,Male,Skirt,Clothing,31,North Carolina,S,Black,Spring,2.9,No,Next Day Air,No,No,32,Cash,Monthly
3255,59,Male,Shirt,Clothing,35,South Dakota,XL,Brown,Spring,3.6,Yes,Free Shipping,No,No,31,PayPal,Fortnightly
3256,42,Male,Sneakers,Footwear,27,Kansas,L,Blue,Fall,3.8,No,Next Day Air,No,No,24,Credit Card,Monthly
3257,31,Male,Coat,Outerwear,45,South Carolina,L,Green,Fall,4.4,No,Free Shipping,No,No,49,Credit Card,Monthly
3258,61,Male,Jewelry,Accessories,90,Montana,L,Magenta,Winter,2.7,Yes,Standard,No,No,31,Debit Card,Fortnightly
3259,54,Male,Shorts,Clothing,75,Idaho,M,Gray,Winter,3.6,No,Express,Yes,Yes,24,Credit Card,Annually
3260,59,Male,Jewelry,Accessories,82,Wisconsin,L,Red,Spring,3.1,No,Standard,Yes,Yes,46,Cash,Every 3 Months
3261,55,Male,Skirt,Clothing,30,Wisconsin,M,Orange,Winter,3.2,No,Store Pickup,Yes,Yes,15,Credit Card,Bi-Weekly
3262,25,Male,Scarf,Accessories,94,Indiana,L,Olive,Winter,4.0,No,Next Day Air,Yes,Yes,20,PayPal,Fortnightly
3263,60,Male,Skirt,Clothing,61,Georgia,L,Orange,Spring,4.8,Yes,Standard,No,No,41,Credit Card,Quarterly
3264,42,Female,Pants,Clothing,77,Kansas,M,Beige,Summer,3.5,Yes,Store Pickup,No,No,30,Venmo,Bi-Weekly
3265,61,Male,Sweater,Clothing,57,Nevada,M,Yellow,Spring,3.4,No,Standard,No,No,8,Cash,Quarterly
3266,68,Female,Jeans,Clothing,81,Vermont,L,Teal,Fall,3.6,Yes,Store Pickup,No,No,27,Venmo,Weekly
3267,64,Female,Jeans,Clothing,84,Pennsylvania,M,Turquoise,Winter,3.4,Yes,Free Shipping,Yes,Yes,7,PayPal,Quarterly
3268,29,Male,Coat,Outerwear,32,New Hampshire,M,Charcoal,Spring,4.8,No,Store Pickup,No,No,4,Bank Transfer,Fortnightly
3269,50,Female,Belt,Accessories,63,New Hampshire,L,Brown,Spring,3.7,Yes,Express,No,No,33,Venmo,Monthly
3270,37,Male,Dress,Clothing,53,Texas,M,Orange,Spring,2.6,No,Express,No,No,36,PayPal,Every 3 Months
3271,25,Male,Coat,Outerwear,27,Georgia,XL,Cyan,Summer,4.6,No,Standard,No,No,28,Cash,Monthly
3272,65,Female,Pants,Clothing,99,Michigan,S,Gold,Summer,3.5,No,Free Shipping,No,No,19,Debit Card,Fortnightly
3273,46,Female,Shorts,Clothing,52,Missouri,M,Orange,Summer,3.4,No,Standard,Yes,Yes,31,Bank Transfer,Every 3 Months
3274,19,Male,Sneakers,Footwear,95,Utah,S,Beige,Spring,4.1,Yes,Standard,Yes,Yes,42,Debit Card,Bi-Weekly
3275,60,Female,Jacket,Outerwear,57,Michigan,S,Lavender,Fall,3.9,Yes,Express,Yes,Yes,14,Bank Transfer,Quarterly
3276,18,Male,Sandals,Footwear,55,Virginia,L,White,Winter,4.6,No,Standard,Yes,Yes,40,Credit Card,Monthly
3277,18,Male,Blouse,Clothing,75,Hawaii,M,Magenta,Spring,3.4,Yes,Next Day Air,Yes,Yes,48,Cash,Weekly
3278,46,Male,Hat,Accessories,90,Nebraska,M,Violet,Spring,4.7,Yes,Next Day Air,Yes,Yes,24,PayPal,Quarterly
3279,25,Male,Jeans,Clothing,30,Connecticut,M,Lavender,Fall,2.7,No,Standard,No,No,18,Cash,Bi-Weekly
3280,50,Male,Shorts,Clothing,34,Texas,S,Pink,Spring,3.1,No,Free Shipping,No,No,4,PayPal,Quarterly
3281,58,Male,Sandals,Footwear,72,Nevada,L,Pink,Fall,3.5,No,Next Day Air,No,No,13,PayPal,Fortnightly
3282,66,Male,Socks,Clothing,83,Michigan,XL,Turquoise,Winter,,No,Free Shipping,No,No,4,PayPal,Bi-Weekly
3283,41,Female,Dress,Clothing,88,New Hampshire,L,Red,Spring,2.7,No,Express,No,No,37,Cash,Weekly
3284,41,Female,Skirt,Clothing,77,New Hampshire,M,Turquoise,Summer,3.2,No,Free Shipping,Yes,Yes,37,Credit Card,Fortnightly
3285,63,Male,Scarf,Accessories,29,Iowa,M,Purple,Fall,4.1,No,Store Pickup,Yes,Yes,49,Bank Transfer,Weekly
3286,62,Male,Handbag,Accessories,33,Ohio,M,Blue,Fall,3.2,No,Standard,No,No,37,PayPal,Fortnightly
3287,43,Male,Jeans,Clothing,89,Tennessee,M,Lavender,Winter,2.8,No,Next Day Air,Yes,Yes,45,Credit Card,Every 3 Months
3288,55,Male,Pants,Clothing,59,New Mexico,L,Pink,Summer,3.5,Yes,Standard,No,No,4,Bank Transfer,Bi-Weekly
3289,61,Male,Jacket,Outerwear,87,Indiana,L,Cyan,Spring,4.7,No,Free Shipping,No,No,13,Venmo,Fortnightly
3290,43,Female,Blouse,Clothing,40,Oregon,L,Violet,Spring,4.3,No,2-Day Shipping,Yes,Yes,29,Venmo,Fortnightly
3291,21,Male,Jeans,Clothing,83,Oklahoma,M,Turquoise,Winter,2.6,No,Free Shipping,Yes,Yes,28,PayPal,Bi-Weekly
3292,29,Female,Jewelry,Accessories,30,Wyoming,XL,Magenta,Summer,3.5,No,Free Shipping,No,No,46,PayPal,Fortnightly
3293,33,Female,Shirt,Clothing,74,North Dakota,M,Turquoise,Spring,2.8,No,Standard,No,No,17,Venmo,Every 3 Months
3294,43,Male,Handbag,Accessories,75,Virginia,M,Turquoise,Fall,2.6,No,Free Shipping,No,No,21,PayPal,Every 3 Months
3295,48,Male,Socks,Clothing,90,Georgia,M,Green,Spring,2.9,No,Next Day Air,No,No,35,Debit Card,Bi-Weekly
3296,49,Male,Skirt,Clothing,44,Maryland,M,Red,Spring,4.3,No,Standard,Yes,Yes,25,Credit Card,Fortnightly
3297,50,Male,Jewelry,Accessories,83,New Jersey,M,Magenta,Summer,4.0,No,Store Pickup,Yes,Yes,6,Cash,Quarterly
3298,29,Female,Sunglasses,Accessories,69,South Carolina,L,Indigo,Summer,3.1,No,Standard,Yes,Yes,27,Cash,Quarterly
3299,64,Male,Dress,Clothing,80,New Mexico,L,Indigo,Winter,2.8,No,Next Day Air,No,No,19,Venmo,Quarterly
3300,60,Male,Socks,Clothing,57,Georgia,M,Purple,Spring,4.6,No,Store Pickup,Yes,Yes,29,Bank Transfer,Annually
3301,45,Female,Jacket,Outerwear,97,Delaware,M,Pink,Winter,2.7,No,Free Shipping,No,No,8,Venmo,Every 3 Months
3302,38,Male,Jeans,Clothing,51,Maryland,M,Silver,Winter,2.9,No,Express,Yes,Yes,3,Debit Card,Bi-Weekly
3303,64,Male,Shorts,Clothing,50,New York,M,Beige,Fall,3.3,Yes,Store Pickup,No,No,7,Bank Transfer,Bi-Weekly
3304,38,Male,Socks,Clothing,74,California,M,Green,Summer,4.5,No,Store Pickup,No,No,43,PayPal,Annually
3305,47,Male,Socks,Clothing,79,Alabama,M,Red,Summer,4.7,No,Next Day Air,No,No,13,Cash,Every 3 Months
3306,49,Female,Socks,Clothing,38,Utah,M,Orange,Spring,3.9,No,Express,Yes,Yes,33,Bank Transfer,Quarterly
3307,19,Male,Coat,Outerwear,57,Arizona,M,Orange,Spring,4.1,No,Next Day Air,No,No,1,Cash,Annually
3308,51,Male,Dress,Clothing,68,Alabama,M,White,Fall,3.0,No,Next Day Air,Yes,Yes,24,PayPal,Weekly
3309,29,Female,Sandals,Footwear,44,Florida,S,Indigo,Winter,4.3,Yes,Standard,No,No,12,Debit Card,Monthly
3310,41,Male,Scarf,Accessories,84,Ohio,M,Charcoal,Summer,4.9,No,Next Day Air,Yes,Yes,15,Credit Card,Quarterly
3311,61,Female,Hoodie,Clothing,86,South Dakota,S,Lavender,Summer,3.4,Yes,Standard,Yes,Yes,3,Bank Transfer,Annually
3312,60,Male,Shorts,Clothing,99,Wyoming,M,Brown,Summer,2.5,Yes,2-Day Shipping,No,No,20,Credit Card,Every 3 Months
3313,23,Male,Gloves,Accessories,36,Kentucky,L,Gray,Winter,3.1,No,Next Day Air,Yes,Yes,38,Venmo,Fortnightly
3314,18,Male,Backpack,Accessories,21,Arizona,S,Charcoal,Spring,3.5,Yes,Free Shipping,No,No,50,Bank Transfer,Annually
3315,32,Female,Jeans,Clothing,29,Oklahoma,M,Green,Fall,2.6,No,Express,No,No,7,PayPal,Every 3 Months
3316,69,Male,Jeans,Clothing,62,Louisiana,M,Lavender,Spring,4.7,No,Free Shipping,No,No,21,Bank Transfer,Weekly
3317,54,Male,Jacket,Outerwear,86,Delaware,M,Black,Winter,3.9,No,Next Day Air,No,No,23,Cash,Quarterly
3318,52,Male,Jewelry,Accessories,57,Indiana,XL,Red,Spring,4.2,Yes,Next Day Air,No,No,18,Debit Card,Monthly
3319,55,Male,Gloves,Accessories,90,Rhode Island,M,Indigo,Summer,4.4,Yes,Free Shipping,No,No,3,Cash,Annually
3320,70,Male,Coat,Outerwear,78,Alaska,M,Olive,Winter,2.8,No,Express,Yes,Yes,27,PayPal,Annually
3321,39,Male,Hoodie,Clothing,71,Kentucky,L,Brown,Summer,4.6,No,Express,No,No,27,Bank Transfer,Fortnightly
3322,33,Female,Shorts,Clothing,51,Idaho,M,Orange,Winter,3.4,No,2-Day Shipping,No,No,17,PayPal,Weekly
3323,47,Male,Boots,Footwear,52,Delaware,L,Brown,Winter,3.6,No,Express,No,No,15,Cash,Every 3 Months
3324,65,Male,Jeans,Clothing,52,Virginia,L,Blue,Fall,2.9,No,Next Day Air,No,No,18,Cash,Bi-Weekly
3325,69,Male,Jewelry,Accessories,80,West Virginia,XL,Maroon,Summer,3.9,No,Standard,Yes,Yes,20,Cash,Annually
3326,68,Male,Boots,Footwear,31,Vermont,L,Gold,Summer,3.4,No,Standard,Yes,Yes,6,Cash,Fortnightly
3327,41,Female,Coat,Outerwear,34,Texas,L,Red,Spring,4.6,No,Express,No,No,6,Bank Transfer,Quarterly
3328,47,Male,Sneakers,Footwear,43,Arizona,M,Indigo,Spring,4.0,No,2-Day Shipping,No,No,42,PayPal,Annually
3329,60,Female,Boots,Footwear,87,Maryland,M,Purple,Spring,4.0,No,Express,No,No,50,Cash,Quarterly
3330,30,Male,Sunglasses,Accessories,21,Montana,M,Black,Winter,3.4,No,Store Pickup,No,No,34,Bank Transfer,Annually
3331,47,Female,Backpack,Accessories,53,Oregon,M,Red,Fall,4.4,Yes,Standard,Yes,Yes,17,Venmo,Fortnightly
3332,54,Female,Shirt,Clothing,42,Missouri,M,Cyan,Spring,4.5,Yes,Standard,Yes,Yes,3,Venmo,Every 3 Months
3333,29,Male,Pants,Clothing,76,Delaware,M,Brown,Winter,4.4,No,Free Shipping,No,No,33,Cash,Monthly
3334,63,Female,Sweater,Clothing,49,North Carolina,M,Pink,Spring,4.3,No,Free Shipping,Yes,Yes,34,Cash,Monthly
3335,43,Female,Scarf,Accessories,97,North Carolina,M,Peach,Summer,3.0,No,2-Day Shipping,No,No,42,Credit Card,Annually
3336,29,Male,Coat,Outerwear,59,Oklahoma,M,Maroon,Summer,3.8,Yes,Standard,Yes,Yes,36,Credit Card,Annually
3337,49,Male,Sunglasses,Accessories,66,Pennsylvania,XL,Violet,Spring,3.3,Yes,Standard,No,No,43,PayPal,Monthly
3338,49,Male,Blouse,Clothing,45,Connecticut,M,Maroon,Winter,3.4,No,Express,Yes,Yes,33,Venmo,Monthly
3339,55,Male,Handbag,Accessories,72,Oregon,M,Orange,Winter,3.8,No,2-Day Shipping,No,No,36,Credit Card,Annually
3340,60,Female,Pants,Clothing,26,Missouri,L,Blue,Fall,4.1,Yes,Next Day Air,No,No,45,Cash,Weekly
3341,52,Female,Sandals,Footwear,64,South Dakota,S,Yellow,Fall,4.2,Yes,Store Pickup,No,No,49,Credit Card,Weekly
3342,26,Male,Handbag,Accessories,22,Arkansas,L,Yellow,Summer,4.6,No,Next Day Air,Yes,Yes,31,Venmo,Bi-Weekly
3343,64,Male,Skirt,Clothing,45,North Carolina,M,Maroon,Spring,3.6,No,2-Day Shipping,Yes,Yes,31,Credit Card,Fortnightly
3344,18,Male,T-shirt,Clothing,95,Rhode Island,L,Orange,Summer,2.9,No,Next Day Air,No,No,1,Cash,Fortnightly
3345,34,Male,Shorts,Clothing,40,Arizona,M,Silver,Fall,4.2,No,Next Day Air,Yes,Yes,10,Credit Card,Annually
3346,50,Male,Socks,Clothing,39,South Carolina,S,Yellow,Winter,3.7,No,Store Pickup,Yes,Yes,37,Venmo,Annually
3347,54,Female,Socks,Clothing,27,Nevada,M,Blue,Winter,3.9,No,2-Day Shipping,No,No,45,Credit Card,Fortnightly
3348,31,Female,Gloves,Accessories,51,Nevada,XL,Olive,Summer,4.5,No,Express,Yes,Yes,10,Debit Card,Monthly
3349,37,Female,Handbag,Accessories,26,Rhode Island,M,Peach,Spring,3.4,No,2-Day Shipping,No,No,36,Cash,Weekly
3350,24,Male,Coat,Outerwear,46,Arizona,M,Turquoise,Spring,3.9,No,Free Shipping,Yes,Yes,31,PayPal,Annually
3351,29,Female,Boots,Footwear,54,Hawaii,S,Indigo,Spring,2.5,No,Next Day Air,Yes,Yes,13,Bank Transfer,Monthly
3352,49,Female,Belt,Accessories,74,Vermont,M,Yellow,Fall,2.7,No,Store Pickup,Yes,Yes,36,Bank Transfer,Fortnightly
3353,28,Male,T-shirt,Clothing,45,Florida,XL,Pink,Spring,2.5,No,Standard,No,No,18,Venmo,Quarterly
3354,21,Male,Skirt,Clothing,39,Massachusetts,XL,Peach,Summer,3.7,No,2-Day Shipping,Yes,Yes,20,PayPal,Monthly
3355,37,Male,Gloves,Accessories,29,Ohio,L,Turquoise,Fall,4.9,No,Express,Yes,Yes,19,Bank Transfer,Bi-Weekly
3356,47,Female,Socks,Clothing,75,Kentucky,M,Beige,Fall,4.9,No,2-Day Shipping,Yes,Yes,36,Bank Transfer,Every 3 Months
3357,49,Male,Sweater,Clothing,56,New Jersey,M,Lavender,Summer,2.8,Yes,Standard,No,No,27,Bank Transfer,Annually
3358,58,Female,Jewelry,Accessories,97,Nevada,M,Silver,Summer,3.6,No,Free Shipping,Yes,Yes,49,Debit Card,Bi-Weekly
3359,47,Male,Skirt,Clothing,95,South Dakota,L,Yellow,Spring,3.0,No,Standard,Yes,Yes,30,Venmo,Bi-Weekly
3360,27,Male,Shoes,Footwear,79,Alabama,M,Yellow,Spring,3.1,No,Standard,Yes,Yes,7,Credit Card,Quarterly
3361,25,Male,Sunglasses,Accessories,41,Kentucky,L,Brown,Winter,4.5,No,Standard,Yes,Yes,18,Venmo,Weekly
3362,58,Female,Hat,Accessories,83,Hawaii,M,Olive,Fall,3.7,No,Next Day Air,No,No,42,Credit Card,Quarterly
3363,20,Female,Jacket,Outerwear,31,Mississippi,L,Black,Summer,4.3,No,Standard,No,No,50,Cash,Weekly
3364,50,Male,Jeans,Clothing,98,Michigan,S,Turquoise,Fall,2.5,Yes,Next Day Air,No,No,37,Venmo,Quarterly
3365,67,Female,Socks,Clothing,46,North Carolina,L,Gold,Fall,4.1,No,2-Day Shipping,Yes,Yes,25,PayPal,Weekly
3366,20,Male,Hat,Accessories,71,Delaware,L,Charcoal,Fall,4.1,No,Store Pickup,Yes,Yes,39,PayPal,Bi-Weekly
3367,33,Male,Coat,Outerwear,42,Montana,M,Blue,Spring,4.3,Yes,Store Pickup,Yes,Yes,26,Debit Card,Weekly
3368,37,Female,Pants,Clothing,70,Alabama,L,Teal,Spring,4.3,No,Free Shipping,No,No,40,Bank Transfer,Annually
3369,67,Female,Jewelry,Accessories,64,Illinois,S,Green,Spring,2.9,No,Standard,Yes,Yes,11,Debit Card,Bi-Weekly
3370,24,Female,Jacket,Outerwear,60,Rhode Island,S,Gold,Winter,4.4,No,Next Day Air,Yes,Yes,28,Debit Card,Annually
3371,30,Male,Pants,Clothing,80,Massachusetts,XL,Beige,Fall,4.0,No,Store Pickup,Yes,Yes,44,PayPal,Every 3 Months
3372,42,Male,Belt,Accessories,28,Montana,M,Purple,Summer,3.6,No,Next Day Air,Yes,Yes,22,Debit Card,Weekly
3373,32,Female,Scarf,Accessories,29,Idaho,M,Peach,Summer,3.4,Yes,Standard,No,No,32,Bank Transfer,Weekly
3374,40,Male,Blouse,Clothing,96,Pennsylvania,M,White,Fall,3.4,No,2-Day Shipping,Yes,Yes,1,Cash,Monthly
3375,64,Male,Jewelry,Accessories,99,South Carolina,M,Cyan,Spring,4.7,Yes,2-Day Shipping,Yes,Yes,49,Debit Card,Every 3 Months
3376,28,Female,Jacket,Outerwear,23,Massachusetts,L,Silver,Spring,2.9,No,Express,Yes,Yes,42,Credit Card,Weekly
3377,67,Male,Handbag,Accessories,63,Kansas,M,Pink,Summer,3.8,No,Express,No,No,8,PayPal,Every 3 Months
3378,46,Female,Jewelry,Accessories,49,Michigan,S,Blue,Spring,3.5,No,Express,No,No,32,Bank Transfer,Every 3 Months
3379,67,Female,Hat,Accessories,67,Hawaii,M,Brown,Winter,4.5,Yes,Next Day Air,Yes,Yes,36,Credit Card,Annually
3380,51,Female,Hoodie,Clothing,90,Maryland,S,Lavender,Spring,3.5,No,Standard,Yes,Yes,39,Bank Transfer,Annually
3381,62,Female,Shoes,Footwear,73,Washington,M,Peach,Summer,4.7,No,2-Day Shipping,No,No,34,Bank Transfer,Weekly
3382,64,Female,Sweater,Clothing,64,Oklahoma,M,Charcoal,Winter,4.2,No,Store Pickup,Yes,Yes,36,PayPal,Weekly
3383,29,Female,Coat,Outerwear,63,Florida,L,Black,Winter,4.2,No,Free Shipping,No,No,7,Venmo,Fortnightly
3384,34,Male,Coat,Outerwear,45,Tennessee,S,Pink,Winter,4.3,Yes,Standard,No,No,39,PayPal,Fortnightly
3385,67,Male,Sneakers,Footwear,57,North Dakota,M,Violet,Spring,3.1,No,Store Pickup,No,No,10,Bank Transfer,Annually
3386,24,Female,Sneakers,Footwear,22,Wyoming,M,Yellow,Spring,4.0,No,Next Day Air,No,No,23,Venmo,Monthly
3387,25,Female,Backpack,Accessories,62,Connecticut,M,Charcoal,Summer,4.6,No,Express,No,No,38,PayPal,Quarterly
3388,37,Male,Pants,Clothing,83,Pennsylvania,XL,Black,Winter,2.7,No,Store Pickup,Yes,Yes,14,Venmo,Every 3 Months
3389,18,Male,Scarf,Accessories,35,Florida,M,Magenta,Winter,4.1,Yes,2-Day Shipping,Yes,Yes,12,Cash,Fortnightly
3390,28,Male,Hat,Accessories,20,South Dakota,L,Violet,Spring,4.6,No,2-Day Shipping,No,No,7,PayPal,Quarterly
3391,33,Male,Shirt,Clothing,90,Kentucky,L,Gold,Summer,4.3,Yes,Store Pickup,Yes,Yes,42,Cash,Annually
3392,22,Female,Boots,Footwear,53,Wyoming,S,Charcoal,Winter,5.0,Yes,Express,Yes,Yes,12,Cash,Annually
3393,23,Female,Shirt,Clothing,91,Alabama,XL,Purple,Fall,2.7,No,Express,No,No,49,Bank Transfer,Fortnightly
3394,23,Male,Handbag,Accessories,91,Arizona,M,Olive,Spring,3.4,No,Standard,No,No,49,Debit Card,Monthly
3395,58,Male,Jeans,Clothing,26,California,M,Turquoise,Fall,4.7,No,2-Day Shipping,Yes,Yes,33,Bank Transfer,Annually
3396,67,Male,Shirt,Clothing,97,Alaska,S,Silver,Summer,3.6,No,Store Pickup,Yes,Yes,41,Debit Card,Monthly
3397,50,Male,Sandals,Footwear,69,Arizona,S,Brown,Summer,4.9,No,Next Day Air,Yes,Yes,20,Cash,Annually
3398,64,Male,Shoes,Footwear,47,Tennessee,L,Blue,Spring,4.3,No,Free Shipping,No,No,14,Credit Card,Fortnightly
3399,57,Male,Shirt,Clothing,54,Virginia,S,Olive,Winter,3.6,No,Free Shipping,Yes,Yes,19,Venmo,Every 3 Months
3400,50,Male,Sandals,Footwear,24,Oklahoma,XL,Gold,Summer,3.0,Yes,Store Pickup,Yes,Yes,14,Debit Card,Annually
3401,69,Female,Jacket,Outerwear,27,Vermont,M,Beige,Fall,4.3,No,Next Day Air,No,No,28,PayPal,Annually
3402,66,Male,Belt,Accessories,27,Massachusetts,L,Violet,Summer,4.5,No,Express,No,No,1,Credit Card,Quarterly
3403,67,Female,Scarf,Accessories,92,New Mexico,M,Olive,Summer,3.0,Yes,2-Day Shipping,Yes,Yes,28,Cash,Fortnightly
3404,65,Male,Shirt,Clothing,93,Idaho,XL,Magenta,Fall,4.7,No,Free Shipping,No,No,25,Credit Card,Quarterly
3405,52,Male,Backpack,Accessories,82,Arizona,M,Pink,Spring,4.0,No,Free Shipping,Yes,Yes,38,PayPal,Quarterly
3406,37,Female,Pants,Clothing,24,Florida,M,Pink,Fall,4.6,Yes,Store Pickup,Yes,Yes,30,Bank Transfer,Every 3 Months
3407,38,Male,Jacket,Outerwear,85,Colorado,L,Charcoal,Summer,3.9,No,Express,No,No,14,Venmo,Annually
3408,49,Female,Handbag,Accessories,92,South Dakota,M,Beige,Fall,4.7,Yes,Store Pickup,No,No,27,Venmo,Monthly
3409,24,Female,Socks,Clothing,78,Alaska,M,Black,Fall,3.7,Yes,Free Shipping,No,No,23,Debit Card,Quarterly
3410,59,Female,Boots,Footwear,94,California,M,Magenta,Fall,2.9,No,Free Shipping,Yes,Yes,37,Debit Card,Every 3 Months
3411,51,Male,Boots,Footwear,78,Mississippi,M,Blue,Summer,2.7,No,Express,Yes,Yes,31,Credit Card,Weekly
3412,58,Male,Sweater,Clothing,37,North Carolina,S,Pink,Winter,4.3,Yes,Store Pickup,No,No,37,Credit Card,Annually
3413,66,Male,Shorts,Clothing,65,Kansas,M,Green,Spring,4.8,No,Next Day Air,No,No,35,Cash,Annually
3414,30,Female,Shorts,Clothing,83,Nebraska,L,Yellow,Fall,3.4,No,2-Day Shipping,Yes,Yes,48,Bank Transfer,Weekly
3415,24,Male,Boots,Footwear,67,Alabama,S,Blue,Fall,4.3,No,Next Day Air,Yes,Yes,11,Credit Card,Fortnightly
3416,42,Male,Shorts,Clothing,56,Missouri,XL,Olive,Summer,5.0,No,Free Shipping,Yes,Yes,45,Venmo,Bi-Weekly
3417,46,Female,Pants,Clothing,82,California,M,Turquoise,Winter,4.6,No,Store Pickup,Yes,Yes,20,PayPal,Quarterly
3418,41,Male,Jewelry,Accessories,72,Michigan,S,Charcoal,Spring,4.0,No,Express,No,No,44,Venmo,Every 3 Months
3419,67,Male,T-shirt,Clothing,33,Georgia,M,Peach,Spring,3.4,No,Free Shipping,No,No,19,PayPal,Fortnightly
3420,37,Male,Dress,Clothing,35,South Carolina,XL,Teal,Fall,2.7,No,2-Day Shipping,No,No,44,Cash,Weekly
3421,32,Male,Shirt,Clothing,55,Florida,XL,Orange,Winter,,No,2-Day Shipping,Yes,Yes,33,PayPal,Fortnightly
3422,61,Male,Dress,Clothing,83,Rhode Island,L,Cyan,Winter,2.6,Yes,Standard,No,No,28,Credit Card,Fortnightly
3423,36,Female,Hat,Accessories,89,North Carolina,M,Pink,Fall,3.5,No,2-Day Shipping,Yes,Yes,37,Bank Transfer,Fortnightly
3424,51,Female,Hoodie,Clothing,48,South Carolina,S,Teal,Fall,4.0,No,Next Day Air,No,No,3,Venmo,Weekly
3425,57,Male,Coat,Outerwear,54,New Mexico,L,Silver,Fall,4.1,No,Standard,No,No,2,Bank Transfer,Fortnightly
3426,32,Female,Socks,Clothing,75,Kentucky,S,Beige,Spring,4.4,No,Express,No,No,32,Venmo,Weekly
3427,68,Female,Blouse,Clothing,88,Tennessee,L,Beige,Fall,3.9,No,Express,Yes,Yes,38,Cash,Fortnightly
3428,50,Female,Hoodie,Clothing,98,Oregon,XL,Cyan,Winter,3.7,No,Express,No,No,22,Credit Card,Every 3 Months
3429,28,Female,Sandals,Footwear,44,Idaho,M,Olive,Fall,4.9,No,2-Day Shipping,No,No,38,Venmo,Fortnightly
3430,49,Male,Backpack,Accessories,42,Vermont,S,Peach,Summer,3.2,Yes,Express,Yes,Yes,4,Credit Card,Quarterly
3431,28,Male,Dress,Clothing,90,Vermont,M,Maroon,Winter,3.2,No,Free Shipping,No,No,4,Credit Card,Weekly
3432,54,Female,Jeans,Clothing,58,Maine,XL,Blue,Spring,3.9,No,Standard,Yes,Yes,8,Debit Card,Quarterly
3433,32,Male,Skirt,Clothing,72,Iowa,M,Turquoise,Fall,2.8,Yes,Next Day Air,Yes,Yes,9,Credit Card,Annually
3434,59,Male,Sunglasses,Accessories,26,Indiana,M,Red,Spring,3.1,No,Store Pickup,No,No,14,Venmo,Weekly
3435,45,Female,Gloves,Accessories,68,Idaho,M,Cyan,Spring,3.4,Yes,Store Pickup,No,No,9,PayPal,Monthly
3436,41,Female,Handbag,Accessories,75,Oklahoma,M,Violet,Spring,3.5,Yes,Standard,No,No,9,PayPal,Bi-Weekly
3437,19,Female,Handbag,Accessories,37,Hawaii,L,Orange,Spring,3.9,No,Store Pickup,Yes,Yes,2,Credit Card,Fortnightly
3438,19,Male,Handbag,Accessories,88,Illinois,L,Green,Spring,3.7,No,Free Shipping,No,No,20,Cash,Fortnightly
3439,47,Male,Backpack,Accessories,100,North Carolina,M,Peach,Summer,3.6,No,Store Pickup,Yes,Yes,5,Credit Card,Annually
3440,29,Female,Hoodie,Clothing,47,Oklahoma,M,Turquoise,Spring,3.3,No,2-Day Shipping,No,No,50,PayPal,Weekly
3441,70,Male,Sneakers,Footwear,37,Arizona,S,Lavender,Fall,2.5,Yes,Standard,No,No,44,Cash,Annually
3442,67,Male,Sandals,Footwear,73,Rhode Island,L,Pink,Winter,3.9,Yes,Express,Yes,Yes,16,Bank Transfer,Quarterly
3443,38,Female,Gloves,Accessories,47,Arkansas,L,Silver,Spring,4.8,No,Free Shipping,No,No,49,Bank Transfer,Annually
3444,40,Female,Jeans,Clothing,42,Oregon,XL,Red,Fall,5.0,No,2-Day Shipping,Yes,Yes,3,Bank Transfer,Weekly
3445,46,Female,Shirt,Clothing,29,Alabama,M,Brown,Fall,2.6,Yes,Standard,No,No,25,Venmo,Bi-Weekly
3446,23,Male,Coat,Outerwear,29,Arkansas,L,Charcoal,Fall,2.6,No,Next Day Air,Yes,Yes,26,Credit Card,Bi-Weekly
3447,32,Male,Coat,Outerwear,48,North Dakota,M,Olive,Winter,4.2,No,Next Day Air,Yes,Yes,12,Cash,Quarterly
3448,66,Female,Sunglasses,Accessories,36,Maine,S,Olive,Winter,4.4,No,Express,No,No,5,Venmo,Monthly
3449,70,Female,Shoes,Footwear,97,Nebraska,S,Yellow,Winter,2.9,No,Store Pickup,Yes,Yes,18,Debit Card,Monthly
3450,64,Male,Jewelry,Accessories,46,Pennsylvania,M,Teal,Fall,4.4,No,Store Pickup,Yes,Yes,8,PayPal,Annually
3451,54,Male,Shoes,Footwear,86,North Carolina,L,Pink,Spring,3.5,Yes,Standard,Yes,Yes,11,Credit Card,Monthly
3452,51,Male,Jewelry,Accessories,81,Iowa,S,Teal,Winter,3.7,Yes,Store Pickup,Yes,Yes,8,Venmo,Quarterly
3453,51,Male,Socks,Clothing,30,New Hampshire,L,Magenta,Winter,3.9,No,2-Day Shipping,No,No,27,Venmo,Monthly
3454,32,Female,Scarf,Accessories,53,Kentucky,L,Olive,Winter,3.1,No,Next Day Air,No,No,49,Credit Card,Quarterly
3455,21,Male,Jeans,Clothing,99,Illinois,M,Brown,Winter,3.7,No,Next Day Air,No,No,46,Venmo,Bi-Weekly
3456,52,Female,Sweater,Clothing,52,Michigan,S,Red,Summer,3.2,No,2-Day Shipping,Yes,Yes,17,PayPal,Weekly
3457,70,Female,Sneakers,Footwear,85,Arkansas,S,Brown,Summer,3.3,Yes,Next Day Air,No,No,25,Cash,Quarterly
3458,69,Male,Handbag,Accessories,93,Connecticut,L,Gold,Fall,4.7,Yes,Next Day Air,No,No,17,PayPal,Bi-Weekly
3459,69,Female,Belt,Accessories,47,West Virginia,L,Charcoal,Spring,3.1,No,Express,No,No,28,PayPal,Weekly
3460,54,Male,Gloves,Accessories,25,Arizona,M,Orange,Spring,3.8,No,Standard,No,No,44,Bank Transfer,Weekly
3461,29,Male,Jacket,Outerwear,72,Alaska,L,Charcoal,Winter,3.5,No,2-Day Shipping,Yes,Yes,1,Credit Card,Quarterly
3462,40,Male,Hoodie,Clothing,82,Alaska,XL,Gold,Summer,2.7,No,Next Day Air,Yes,Yes,3,Debit Card,Every 3 Months
3463,30,Male,Sunglasses,Accessories,66,Arkansas,M,Lavender,Winter,3.7,No,Store Pickup,No,No,21,Venmo,Every 3 Months
3464,21,Female,Belt,Accessories,20,Florida,S,Silver,Summer,3.3,No,2-Day Shipping,Yes,Yes,33,Credit Card,Monthly
3465,51,Female,Hoodie,Clothing,90,Utah,S,Black,Spring,3.6,No,2-Day Shipping,No,No,50,Debit Card,Fortnightly
3466,27,Male,Jeans,Clothing,83,Utah,M,Gray,Spring,2.7,No,Standard,No,No,20,Bank Transfer,Monthly
3467,60,Male,Backpack,Accessories,24,Utah,M,Purple,Winter,4.8,No,Next Day Air,No,No,5,Debit Card,Monthly
3468,68,Female,Socks,Clothing,82,Utah,L,Purple,Summer,4.2,Yes,Next Day Air,No,No,49,Bank Transfer,Fortnightly
3469,33,Male,Hat,Accessories,91,Pennsylvania,S,Silver,Spring,3.4,No,Free Shipping,Yes,Yes,5,Venmo,Fortnightly
3470,18,Male,T-shirt,Clothing,23,Pennsylvania,M,Peach,Summer,3.9,No,Store Pickup,No,No,17,Cash,Annually
3471,34,Male,Socks,Clothing,57,Vermont,L,Orange,Fall,2.7,No,Express,No,No,23,Credit Card,Quarterly
3472,65,Female,Sneakers,Footwear,55,Florida,S,Olive,Spring,4.7,No,Express,No,No,6,Bank Transfer,Monthly
3473,30,Male,Jeans,Clothing,42,New Hampshire,M,Lavender,Winter,4.0,No,2-Day Shipping,No,No,40,Cash,Annually
3474,60,Male,Jewelry,Accessories,29,Oregon,S,White,Summer,3.4,No,Next Day Air,Yes,Yes,24,Bank Transfer,Annually
3475,18,Male,Dress,Clothing,87,Hawaii,L,Pink,Summer,2.8,No,Standard,No,No,17,PayPal,Every 3 Months
3476,25,Female,Hoodie,Clothing,68,Alaska,M,Gold,Summer,5.0,No,Next Day Air,No,No,21,Credit Card,Fortnightly
3477,69,Male,Hoodie,Clothing,56,Montana,S,Beige,Fall,4.4,No,Standard,Yes,Yes,28,Credit Card,Annually
3478,29,Male,Sandals,Footwear,57,South Carolina,M,Cyan,Summer,3.2,No,Standard,No,No,30,Venmo,Bi-Weekly
3479,28,Male,Pants,Clothing,86,North Carolina,S,Maroon,Fall,4.5,No,Free Shipping,Yes,Yes,42,Cash,Annually
3480,54,Female,Hat,Accessories,34,Delaware,L,Cyan,Summer,,No,Next Day Air,No,No,14,PayPal,Every 3 Months
3481,52,Male,Blouse,Clothing,25,Pennsylvania,M,Silver,Winter,2.7,Yes,Free Shipping,No,No,5,Bank Transfer,Every 3 Months
3482,29,Male,Belt,Accessories,91,North Dakota,M,Purple,Fall,3.9,No,2-Day Shipping,Yes,Yes,16,Venmo,Every 3 Months
3483,57,Male,Jewelry,Accessories,36,Vermont,M,Beige,Spring,2.9,Yes,Express,No,No,24,Debit Card,Bi-Weekly
3484,69,Male,Socks,Clothing,46,Wyoming,L,Orange,Fall,3.4,Yes,Express,No,No,49,PayPal,Monthly
3485,46,Female,Shoes,Footwear,61,Texas,S,Turquoise,Winter,2.8,No,Express,No,No,18,Credit Card,Quarterly
3486,28,Male,Socks,Clothing,40,New York,M,Magenta,Spring,4.7,No,Standard,Yes,Yes,48,Cash,Bi-Weekly
3487,33,Male,Socks,Clothing,29,New York,L,Charcoal,Fall,2.9,No,Free Shipping,Yes,Yes,1,Debit Card,Bi-Weekly
3488,31,Male,Shorts,Clothing,94,Colorado,L,Turquoise,Spring,3.1,Yes,Express,No,No,43,Cash,Bi-Weekly
3489,25,Male,Jacket,Outerwear,57,Hawaii,S,Magenta,Spring,3.5,No,Standard,Yes,Yes,7,Venmo,Quarterly
3490,56,Male,Coat,Outerwear,100,North Carolina,M,Peach,Fall,4.1,No,Next Day Air,No,No,43,PayPal,Fortnightly
3491,62,Male,Belt,Accessories,40,New Jersey,M,Charcoal,Spring,3.8,No,Next Day Air,Yes,Yes,13,Cash,Fortnightly
3492,53,Male,Shirt,Clothing,44,New Jersey,M,Silver,Winter,3.8,No,Next Day Air,No,No,22,Debit Card,Fortnightly
3493,23,Female,Scarf,Accessories,28,Mississippi,S,White,Winter,3.0,Yes,Standard,Yes,Yes,23,Credit Card,Fortnightly
3494,32,Male,Jeans,Clothing,38,Illinois,M,Gray,Fall,4.9,No,2-Day Shipping,No,No,48,PayPal,Monthly
3495,63,Male,Boots,Footwear,32,Iowa,S,Orange,Spring,3.5,No,2-Day Shipping,No,No,16,Debit Card,Fortnightly
3496,24,Male,Skirt,Clothing,37,Idaho,M,Turquoise,Fall,4.8,No,Store Pickup,Yes,Yes,6,Venmo,Bi-Weekly
3497,59,Male,Shorts,Clothing,85,Louisiana,S,Yellow,Spring,2.5,No,Store Pickup,No,No,12,Debit Card,Every 3 Months
3498,30,Male,Pants,Clothing,42,Wisconsin,M,Brown,Winter,4.2,No,Standard,No,No,24,Venmo,Quarterly
3499,69,Female,Scarf,Accessories,49,Wisconsin,S,Pink,Summer,2.6,No,Next Day Air,No,No,42,PayPal,Bi-Weekly
3500,42,Male,Socks,Clothing,89,Hawaii,L,Cyan,Spring,4.4,No,Store Pickup,Yes,Yes,23,Venmo,Weekly
3501,65,Male,Pants,Clothing,46,Kentucky,L,Peach,Fall,5.0,No,2-Day Shipping,Yes,Yes,12,Debit Card,Every 3 Months
3502,67,Female,Coat,Outerwear,65,Delaware,L,Yellow,Fall,4.5,No,Store Pickup,No,No,5,Debit Card,Annually
3503,43,Female,Shoes,Footwear,25,Georgia,M,Yellow,Spring,3.0,No,2-Day Shipping,Yes,Yes,10,Venmo,Fortnightly
3504,49,Female,Shirt,Clothing,42,Maryland,M,Beige,Summer,5.0,No,Next Day Air,No,No,43,PayPal,Monthly
3505,63,Male,Boots,Footwear,79,Kentucky,M,White,Spring,3.2,No,Store Pickup,Yes,Yes,16,Cash,Annually
3506,62,Female,Handbag,Accessories,69,Massachusetts,M,Black,Spring,2.9,No,Next Day Air,Yes,Yes,21,Venmo,Fortnightly
3507,21,Female,Coat,Outerwear,92,North Dakota,M,Yellow,Spring,4.4,Yes,Free Shipping,No,No,2,Bank Transfer,Fortnightly
3508,67,Male,T-shirt,Clothing,34,Idaho,M,Black,Fall,4.9,Yes,2-Day Shipping,No,No,19,Cash,Monthly
3509,53,Female,Shirt,Clothing,42,Delaware,M,Maroon,Winter,4.9,No,Next Day Air,No,No,2,PayPal,Fortnightly
3510,66,Male,Scarf,Accessories,26,Florida,S,Orange,Winter,4.0,Yes,Express,Yes,Yes,12,Debit Card,Quarterly
3511,59,Male,Backpack,Accessories,76,Kentucky,L,Purple,Fall,3.7,No,Standard,Yes,Yes,11,Debit Card,Bi-Weekly
3512,49,Male,Jeans,Clothing,55,Arizona,M,Silver,Spring,3.0,No,Next Day Air,Yes,Yes,34,Credit Card,Quarterly
3513,31,Male,Sunglasses,Accessories,85,Kansas,S,White,Summer,3.5,No,Standard,No,No,2,Bank Transfer,Monthly
3514,40,Male,Hat,Accessories,35,Arkansas,M,Peach,Spring,2.6,No,Free Shipping,No,No,25,Cash,Bi-Weekly
3515,29,Female,Socks,Clothing,68,Montana,XL,Cyan,Fall,2.6,No,Free Shipping,No,No,22,Cash,Weekly
3516,65,Male,Sneakers,Footwear,82,Utah,S,Turquoise,Winter,4.0,No,Store Pickup,Yes,Yes,48,Bank Transfer,Monthly
3517,27,Female,Scarf,Accessories,28,Michigan,L,Orange,Spring,3.1,Yes,Express,Yes,Yes,34,Credit Card,Weekly
3518,70,Male,Belt,Accessories,34,California,XL,Gray,Spring,3.5,Yes,Express,Yes,Yes,33,PayPal,Every 3 Months
3519,51,Male,Backpack,Accessories,88,Vermont,M,Brown,Fall,3.7,Yes,Standard,Yes,Yes,9,Credit Card,Weekly
3520,32,Male,Jeans,Clothing,61,Virginia,M,Peach,Fall,3.9,No,Express,No,No,45,Venmo,Quarterly
3521,29,Female,Sunglasses,Accessories,96,Kansas,M,Brown,Spring,2.9,Yes,Store Pickup,No,No,18,Venmo,Fortnightly
3522,35,Male,Dress,Clothing,83,Florida,S,Teal,Summer,3.9,No,Standard,No,No,22,Venmo,Bi-Weekly
3523,18,Female,T-shirt,Clothing,55,Arizona,M,Lavender,Spring,3.2,No,Free Shipping,Yes,Yes,47,Cash,Annually
3524,33,Male,Scarf,Accessories,35,Nebraska,M,Gray,Fall,4.7,No,Standard,No,No,22,PayPal,Every 3 Months
3525,64,Female,Jeans,Clothing,72,North Carolina,S,Green,Spring,3.3,No,Next Day Air,Yes,Yes,8,Cash,Every 3 Months
3526,54,Female,Sweater,Clothing,68,Ohio,S,Teal,Spring,3.0,Yes,Standard,No,No,2,Cash,Monthly
3527,66,Male,Jewelry,Accessories,50,California,M,Beige,Summer,4.2,No,Standard,No,No,14,PayPal,Quarterly
3528,20,Male,Coat,Outerwear,47,Pennsylvania,M,Silver,Fall,4.2,No,2-Day Shipping,No,No,3,Debit Card,Quarterly
3529,29,Male,Socks,Clothing,62,Delaware,L,Teal,Winter,3.4,No,Express,No,No,42,Debit Card,Fortnightly
3530,36,Male,Jeans,Clothing,66,Louisiana,M,Violet,Winter,3.0,No,Standard,No,No,10,Credit Card,Fortnightly
3531,20,Male,Shirt,Clothing,90,Hawaii,S,Beige,Summer,3.3,No,Next Day Air,No,No,1,Debit Card,Monthly
3532,65,Female,Scarf,Accessories,34,Illinois,L,Maroon,Summer,4.6,No,Store Pickup,No,No,21,PayPal,Fortnightly
3533,19,Male,Sunglasses,Accessories,23,New Jersey,M,Peach,Fall,3.9,Yes,Standard,No,No,39,Debit Card,Every 3 Months
3534,68,Male,Hat,Accessories,70,Texas,M,Olive,Winter,3.4,No,Express,No,No,31,PayPal,Quarterly
3535,64,Male,Skirt,Clothing,69,Nevada,XL,Magenta,Spring,3.5,Yes,Standard,No,No,10,Debit Card,Every 3 Months
3536,24,Female,Backpack,Accessories,40,Illinois,M,Peach,Winter,3.6,Yes,2-Day Shipping,No,No,35,Credit Card,Annually
3537,50,Male,Sunglasses,Accessories,99,South Carolina,XL,Peach,Spring,4.1,No,Free Shipping,Yes,Yes,27,Venmo,Quarterly
3538,39,Male,Gloves,Accessories,56,West Virginia,S,Peach,Spring,4.4,No,Free Shipping,No,No,12,Bank Transfer,Quarterly
3539,69,Male,Hat,Accessories,79,Oregon,M,Maroon,Summer,3.8,Yes,Store Pickup,No,No,35,Credit Card,Quarterly
3540,68,Male,Sandals,Footwear,33,West Virginia,M,Cyan,Summer,4.0,No,Express,Yes,Yes,38,PayPal,Annually
3541,62,Male,Socks,Clothing,25,Oklahoma,S,Turquoise,Winter,4.5,Yes,Free Shipping,Yes,Yes,14,Debit Card,Weekly
3542,56,Male,Boots,Footwear,71,Michigan,M,Orange,Summer,4.7,No,Store Pickup,Yes,Yes,31,PayPal,Bi-Weekly
3543,57,Male,Shorts,Clothing,70,Pennsylvania,M,Brown,Summer,4.4,No,Store Pickup,No,No,38,Debit Card,Fortnightly
3544,18,Male,Scarf,Accessories,64,Mississippi,M,Violet,Fall,3.7,Yes,Free Shipping,No,No,22,PayPal,Weekly
3545,56,Female,Pants,Clothing,71,Missouri,L,Purple,Summer,3.3,No,Standard,No,No,3,Venmo,Quarterly
3546,47,Male,Hoodie,Clothing,32,North Carolina,S,Silver,Fall,3.2,Yes,Free Shipping,No,No,16,Venmo,Every 3 Months
3547,44,Male,Shoes,Footwear,21,Arizona,L,Beige,Winter,3.4,No,Standard,No,No,33,Cash,Quarterly
3548,32,Male,Coat,Outerwear,20,Ohio,XL,Brown,Spring,4.4,No,Express,No,No,4,Debit Card,Annually
3549,64,Male,Sunglasses,Accessories,35,Rhode Island,M,Magenta,Fall,3.8,No,Express,Yes,Yes,47,Venmo,Fortnightly
3550,43,Female,Hoodie,Clothing,93,Nevada,S,Brown,Fall,3.5,Yes,Next Day Air,No,No,13,Venmo,Quarterly
3551,19,Male,Shorts,Clothing,99,Delaware,L,Violet,Winter,4.6,Yes,Store Pickup,No,No,32,PayPal,Weekly
3552,37,Male,Shoes,Footwear,50,Virginia,S,Charcoal,Spring,4.5,Yes,Store Pickup,Yes,Yes,12,Credit Card,Quarterly
3553,20,Male,Shirt,Clothing,60,Wyoming,L,Black,Summer,3.8,No,Next Day Air,No,No,30,Venmo,Bi-Weekly
3554,44,Male,Blouse,Clothing,38,New Mexico,M,Indigo,Summer,4.1,Yes,Standard,No,No,14,Cash,Quarterly
3555,36,Female,Boots,Footwear,76,New Jersey,M,Indigo,Spring,4.2,No,Free Shipping,No,No,16,Venmo,Fortnightly
3556,59,Male,Belt,Accessories,79,Oregon,M,Pink,Spring,3.3,No,Express,Yes,Yes,12,Debit Card,Quarterly
3557,65,Male,Sweater,Clothing,53,Texas,XL,Beige,Spring,4.6,Yes,Standard,No,No,26,Debit Card,Annually
3558,68,Male,Sandals,Footwear,53,Georgia,S,Brown,Spring,2.7,No,Next Day Air,No,No,6,Debit Card,Fortnightly
3559,36,Female,Scarf,Accessories,49,Alabama,XL,Teal,Summer,4.0,Yes,Store Pickup,Yes,Yes,33,Credit Card,Bi-Weekly
3560,40,Male,Dress,Clothing,45,Arkansas,L,Purple,Spring,3.2,No,Standard,No,No,12,Venmo,Monthly
3561,42,Female,Jacket,Outerwear,90,Massachusetts,M,Violet,Winter,4.0,Yes,Store Pickup,No,No,1,Venmo,Bi-Weekly
3562,29,Female,Sunglasses,Accessories,81,Oklahoma,S,Turquoise,Winter,3.3,No,Standard,No,No,10,Venmo,Every 3 Months
3563,45,Male,Hoodie,Clothing,72,West Virginia,M,White,Summer,2.7,No,Standard,Yes,Yes,28,Venmo,Weekly
3564,21,Male,Shoes,Footwear,42,Hawaii,L,Magenta,Fall,3.3,No,Store Pickup,No,No,22,Credit Card,Annually
3565,32,Female,Shorts,Clothing,62,Kansas,M,Green,Spring,4.0,No,2-Day Shipping,Yes,Yes,10,Debit Card,Monthly
3566,61,Male,Sunglasses,Accessories,63,Massachusetts,L,Magenta,Winter,4.4,No,Standard,No,No,26,Credit Card,Quarterly
3567,41,Male,Scarf,Accessories,43,Georgia,M,Turquoise,Fall,4.5,No,Next Day Air,No,No,32,Cash,Fortnightly
3568,23,Male,Skirt,Clothing,88,Tennessee,XL,Purple,Spring,3.2,Yes,Standard,No,No,2,Venmo,Every 3 Months
3569,59,Male,Coat,Outerwear,72,Iowa,M,Turquoise,Summer,3.2,No,Store Pickup,No,No,6,Credit Card,Quarterly
3570,43,Female,Belt,Accessories,36,Colorado,S,Indigo,Fall,4.6,No,Free Shipping,No,No,5,Bank Transfer,Fortnightly
3571,64,Female,Blouse,Clothing,83,Arkansas,XL,Maroon,Spring,3.9,No,Store Pickup,No,No,23,Venmo,Weekly
3572,48,Male,Hat,Accessories,39,Mississippi,L,Teal,Summer,3.2,Yes,2-Day Shipping,Yes,Yes,6,Venmo,Every 3 Months
3573,64,Male,Jeans,Clothing,37,Maryland,M,Lavender,Summer,2.8,Yes,Express,Yes,Yes,45,Credit Card,Bi-Weekly
3574,27,Female,Jacket,Outerwear,59,North Dakota,M,Red,Fall,3.7,Yes,Store Pickup,Yes,Yes,37,Debit Card,Annually
3575,35,Male,Scarf,Accessories,68,Idaho,L,Indigo,Summer,4.3,No,Standard,Yes,Yes,26,Credit Card,Monthly
3576,33,Female,Shorts,Clothing,93,Colorado,M,Red,Fall,4.5,No,Standard,Yes,Yes,12,PayPal,Fortnightly
3577,33,Female,Boots,Footwear,66,Texas,M,White,Winter,2.9,No,Next Day Air,No,No,45,Cash,Weekly
3578,63,Female,Shoes,Footwear,26,North Carolina,XL,Gold,Fall,4.8,No,Standard,Yes,Yes,5,Credit Card,Quarterly
3579,35,Female,Sunglasses,Accessories,35,North Carolina,L,Green,Spring,2.6,Yes,Standard,Yes,Yes,46,Venmo,Quarterly
3580,68,Male,Shorts,Clothing,28,Vermont,L,Gray,Summer,3.3,Yes,Standard,Yes,Yes,35,Venmo,Monthly
3581,24,Male,T-shirt,Clothing,87,Utah,M,White,Spring,3.9,No,Express,Yes,Yes,42,Venmo,Every 3 Months
3582,25,Male,Boots,Footwear,94,Virginia,L,Red,Spring,3.2,No,Free Shipping,No,No,6,Bank Transfer,Quarterly
3583,35,Female,Shoes,Footwear,64,California,S,Violet,Fall,3.7,No,Store Pickup,Yes,Yes,45,PayPal,Annually
3584,65,Female,Sweater,Clothing,65,Tennessee,M,Maroon,Spring,4.2,No,Standard,No,No,15,Debit Card,Every 3 Months
3585,41,Male,T-shirt,Clothing,22,Vermont,XL,Peach,Summer,3.2,No,Store Pickup,Yes,Yes,21,Cash,Fortnightly
3586,29,Male,T-shirt,Clothing,27,Oregon,M,Blue,Summer,4.4,No,Standard,No,No,30,PayPal,Annually
3587,49,Male,Blouse,Clothing,99,Nebraska,M,Maroon,Fall,4.8,No,Express,Yes,Yes,3,PayPal,Weekly
3588,61,Male,Coat,Outerwear,91,Nebraska,S,Olive,Spring,3.0,Yes,Store Pickup,Yes,Yes,38,Bank Transfer,Fortnightly
3589,68,Male,Sunglasses,Accessories,89,Wisconsin,M,Peach,Winter,3.5,No,Express,Yes,Yes,2,Bank Transfer,Every 3 Months
3590,51,Male,Belt,Accessories,78,Iowa,S,Indigo,Fall,2.8,No,Free Shipping,Yes,Yes,49,PayPal,Quarterly
3591,51,Male,Handbag,Accessories,66,Vermont,M,Lavender,Summer,3.3,No,Next Day Air,No,No,40,Credit Card,Monthly
3592,40,Male,Blouse,Clothing,84,Louisiana,M,Green,Fall,4.0,Yes,Standard,Yes,Yes,2,PayPal,Annually
3593,25,Female,Socks,Clothing,46,Wisconsin,L,Black,Winter,2.7,Yes,Store Pickup,No,No,2,PayPal,Quarterly
3594,55,Male,Pants,Clothing,21,Georgia,M,Pink,Summer,4.8,No,2-Day Shipping,No,No,45,PayPal,Fortnightly
3595,35,Male,Jewelry,Accessories,32,Maine,M,Turquoise,Summer,2.8,No,Free Shipping,No,No,28,PayPal,Annually
3596,45,Male,Handbag,Accessories,83,Ohio,L,Green,Spring,4.2,Yes,Standard,Yes,Yes,27,PayPal,Weekly
3597,23,Male,Jacket,Outerwear,75,Vermont,S,Turquoise,Fall,4.3,No,Express,No,No,22,Venmo,Bi-Weekly
3598,66,Male,Boots,Footwear,32,Montana,L,Brown,Winter,5.0,No,Express,No,No,10,Cash,Monthly
3599,67,Male,Gloves,Accessories,77,Florida,S,Magenta,Winter,3.7,Yes,Free Shipping,No,No,41,Venmo,Every 3 Months
3600,49,Female,Jeans,Clothing,53,California,M,Lavender,Summer,4.9,No,Next Day Air,No,No,39,PayPal,Monthly
3601,55,Male,T-shirt,Clothing,94,Ohio,S,Violet,Summer,4.8,No,Store Pickup,Yes,Yes,8,Credit Card,Bi-Weekly
3602,19,Male,Handbag,Accessories,40,Nevada,M,Turquoise,Winter,2.9,No,Standard,Yes,Yes,46,PayPal,Fortnightly
3603,18,Female,Shorts,Clothing,99,Maryland,S,Turquoise,Summer,4.0,No,2-Day Shipping,Yes,Yes,31,Credit Card,Annually
3604,40,Female,Boots,Footwear,98,Texas,M,Lavender,Summer,4.0,Yes,Store Pickup,No,No,30,Venmo,Quarterly
3605,18,Female,Jewelry,Accessories,54,Maine,L,Pink,Spring,4.2,No,2-Day Shipping,No,No,9,Venmo,Annually
3606,50,Male,Skirt,Clothing,31,Montana,M,White,Summer,4.0,No,Next Day Air,No,No,13,Debit Card,Annually
3607,30,Male,Shoes,Footwear,85,California,M,Black,Fall,3.8,Yes,Standard,Yes,Yes,47,Venmo,Weekly
3608,64,Male,T-shirt,Clothing,98,Washington,M,Peach,Spring,2.9,Yes,Express,No,No,33,Debit Card,Weekly
3609,68,Female,Dress,Clothing,94,Illinois,L,Beige,Fall,4.5,No,Free Shipping,No,No,10,Credit Card,Every 3 Months
3610,53,Male,Jacket,Outerwear,87,Oklahoma,L,Silver,Winter,3.9,No,2-Day Shipping,No,No,18,PayPal,Quarterly
3611,35,Male,Hat,Accessories,42,Washington,M,Gold,Fall,3.4,No,Free Shipping,No,No,14,Bank Transfer,Bi-Weekly
3612,28,Male,Sandals,Footwear,27,Alaska,M,Yellow,Winter,3.6,No,2-Day Shipping,Yes,Yes,7,Venmo,Weekly
3613,60,Female,Coat,Outerwear,63,Ohio,XL,Blue,Summer,2.7,No,Free Shipping,No,No,5,Debit Card,Every 3 Months
3614,19,Male,Sweater,Clothing,35,Illinois,M,Lavender,Fall,4.6,No,Standard,No,No,49,Debit Card,Quarterly
3615,23,Male,Boots,Footwear,99,Idaho,M,Red,Spring,3.8,Yes,Standard,Yes,Yes,42,Debit Card,Every 3 Months
3616,60,Male,Pants,Clothing,55,North Carolina,S,Cyan,Winter,4.4,No,2-Day Shipping,No,No,36,Bank Transfer,Fortnightly
3617,56,Female,Skirt,Clothing,45,Missouri,L,Purple,Spring,2.7,No,Store Pickup,Yes,Yes,28,Cash,Every 3 Months
3618,31,Female,T-shirt,Clothing,70,Utah,L,Red,Summer,3.0,No,2-Day Shipping,Yes,Yes,22,Bank Transfer,Annually
3619,31,Male,Hoodie,Clothing,32,Tennessee,M,Lavender,Summer,4.9,No,Standard,No,No,21,Debit Card,Monthly
3620,46,Male,Sunglasses,Accessories,94,North Dakota,M,Orange,Fall,3.1,Yes,Express,No,No,28,Debit Card,Every 3 Months
3621,25,Female,Scarf,Accessories,43,California,XL,Pink,Fall,4.2,No,Next Day Air,Yes,Yes,21,Venmo,Bi-Weekly
3622,54,Male,Boots,Footwear,83,Connecticut,L,Turquoise,Winter,2.9,No,Express,Yes,Yes,40,Cash,Annually
3623,48,Male,Dress,Clothing,21,North Dakota,M,Maroon,Summer,4.7,No,Next Day Air,Yes,Yes,36,Debit Card,Weekly
3624,58,Male,Handbag,Accessories,39,Vermont,XL,Gray,Summer,4.5,No,Express,Yes,Yes,47,Venmo,Quarterly
3625,42,Female,Hoodie,Clothing,43,Washington,S,Silver,Fall,4.8,No,Free Shipping,Yes,Yes,44,Cash,Quarterly
3626,39,Female,Hoodie,Clothing,96,Wisconsin,S,Silver,Fall,3.1,No,Free Shipping,No,No,17,Debit Card,Monthly
3627,54,Male,Handbag,Accessories,49,Tennessee,M,Turquoise,Spring,3.0,Yes,Free Shipping,No,No,28,Credit Card,Annually
3628,69,Male,Skirt,Clothing,52,Ohio,M,Indigo,Summer,4.8,No,2-Day Shipping,No,No,35,Credit Card,Fortnightly
3629,67,Male,Jacket,Outerwear,22,Colorado,S,White,Fall,3.2,Yes,Next Day Air,No,No,14,Debit Card,Fortnightly
3630,23,Female,Shorts,Clothing,94,Pennsylvania,M,Cyan,Spring,5.0,No,Standard,Yes,Yes,4,PayPal,Weekly
3631,24,Male,Blouse,Clothing,80,Virginia,XL,Gold,Summer,2.5,No,Store Pickup,No,No,50,Debit Card,Bi-Weekly
3632,47,Female,Sneakers,Footwear,37,Arizona,M,Maroon,Winter,4.7,Yes,Express,Yes,Yes,45,Venmo,Bi-Weekly
3633,41,Female,Shoes,Footwear,74,Connecticut,L,Violet,Fall,3.5,No,Next Day Air,Yes,Yes,2,Debit Card,Annually
3634,37,Female,Shirt,Clothing,95,Washington,S,Beige,Winter,4.9,Yes,Express,No,No,24,PayPal,Every 3 Months
3635,34,Male,Dress,Clothing,65,Michigan,M,Olive,Summer,2.7,No,Express,No,No,49,Credit Card,Quarterly
3636,19,Male,Scarf,Accessories,94,Connecticut,L,Violet,Fall,3.1,No,2-Day Shipping,No,No,4,Debit Card,Quarterly
3637,68,Female,Shorts,Clothing,46,North Dakota,L,Black,Spring,4.8,No,Store Pickup,Yes,Yes,17,Cash,Fortnightly
3638,31,Female,Dress,Clothing,32,Illinois,M,Brown,Summer,2.6,Yes,Standard,No,No,20,PayPal,Quarterly
3639,51,Female,Shoes,Footwear,68,Wyoming,M,Black,Summer,4.8,No,2-Day Shipping,No,No,33,Venmo,Bi-Weekly
3640,27,Male,Sandals,Footwear,84,Indiana,M,Olive,Summer,3.5,No,2-Day Shipping,Yes,Yes,26,PayPal,Weekly
3641,32,Male,Skirt,Clothing,25,Virginia,M,Maroon,Spring,3.0,No,Standard,No,No,35,Venmo,Monthly
3642,42,Male,Blouse,Clothing,27,Hawaii,L,Beige,Fall,4.4,No,Express,Yes,Yes,29,Credit Card,Weekly
3643,67,Female,Shirt,Clothing,81,South Dakota,M,White,Spring,4.2,No,Next Day Air,Yes,Yes,18,PayPal,Every 3 Months
3644,30,Male,Hat,Accessories,30,Kansas,L,Turquoise,Winter,2.6,Yes,Next Day Air,Yes,Yes,12,Bank Transfer,Annually
3645,22,Male,Blouse,Clothing,48,Maryland,M,Blue,Summer,4.8,No,2-Day Shipping,Yes,Yes,6,Credit Card,Monthly
3646,54,Male,Coat,Outerwear,60,Montana,S,Purple,Winter,4.8,No,Store Pickup,Yes,Yes,23,Debit Card,Bi-Weekly
3647,33,Female,Sweater,Clothing,20,Ohio,M,Red,Spring,4.5,No,Express,No,No,29,Debit Card,Quarterly
3648,70,Male,Handbag,Accessories,71,South Carolina,M,Green,Spring,3.9,No,Standard,Yes,Yes,22,Debit Card,Weekly
3649,40,Male,Jewelry,Accessories,48,Pennsylvania,L,Gray,Summer,3.3,No,Express,No,No,15,Bank Transfer,Monthly
3650,56,Female,Coat,Outerwear,28,Maine,M,Silver,Spring,4.8,No,Store Pickup,Yes,Yes,6,Cash,Weekly
3651,42,Male,Hat,Accessories,79,Indiana,XL,Cyan,Summer,4.4,Yes,2-Day Shipping,Yes,Yes,5,Credit Card,Annually
3652,67,Male,Sandals,Footwear,35,Wyoming,M,Beige,Winter,3.0,Yes,Free Shipping,Yes,Yes,35,Debit Card,Bi-Weekly
3653,58,Male,Handbag,Accessories,31,Hawaii,S,Red,Fall,3.1,No,Store Pickup,No,No,8,Cash,Fortnightly
3654,45,Male,T-shirt,Clothing,60,Delaware,L,Lavender,Fall,4.5,No,Store Pickup,No,No,36,Credit Card,Fortnightly
3655,47,Male,Shorts,Clothing,83,New Mexico,L,Cyan,Summer,4.0,Yes,Standard,No,No,12,Debit Card,Bi-Weekly
3656,18,Male,Jewelry,Accessories,30,Oregon,M,Beige,Summer,3.4,No,Store Pickup,Yes,Yes,4,Debit Card,Monthly
3657,21,Male,Backpack,Accessories,48,Wyoming,L,Beige,Spring,,No,Standard,Yes,Yes,18,Debit Card,Every 3 Months
3658,47,Male,Shoes,Footwear,92,Virginia,M,Gold,Summer,3.6,No,Next Day Air,Yes,Yes,45,Debit Card,Every 3 Months
3659,56,Male,Backpack,Accessories,24,Illinois,S,Blue,Winter,4.9,No,Standard,Yes,Yes,31,Debit Card,Quarterly
3660,47,Female,Blouse,Clothing,46,Arkansas,L,Purple,Spring,4.0,Yes,Standard,Yes,Yes,8,PayPal,Bi-Weekly
3661,35,Male,Hat,Accessories,22,Oregon,S,Green,Spring,4.1,No,Free Shipping,No,No,23,Cash,Annually
3662,56,Male,Backpack,Accessories,63,Maryland,M,Brown,Spring,4.1,No,Standard,Yes,Yes,45,PayPal,Fortnightly
3663,18,Female,Sweater,Clothing,74,New Jersey,L,Indigo,Summer,3.1,No,Free Shipping,No,No,31,Bank Transfer,Bi-Weekly
3664,64,Male,Socks,Clothing,69,Utah,L,Gold,Winter,3.0,No,Express,No,No,23,Venmo,Monthly
3665,65,Male,Belt,Accessories,83,Colorado,L,Magenta,Spring,2.8,No,Next Day Air,No,No,42,PayPal,Fortnightly
3666,24,Male,Belt,Accessories,57,Nebraska,L,Blue,Fall,4.1,No,Next Day Air,No,No,19,Cash,Every 3 Months
3667,43,Male,Jeans,Clothing,41,North Carolina,XL,Pink,Winter,3.9,No,Next Day Air,No,No,28,Cash,Weekly
3668,26,Male,Belt,Accessories,28,Illinois,S,Beige,Spring,2.6,No,Express,No,No,49,Cash,Monthly
3669,23,Male,Scarf,Accessories,41,Louisiana,L,Magenta,Fall,4.7,No,2-Day Shipping,No,No,36,Bank Transfer,Annually
3670,31,Male,Shorts,Clothing,60,Minnesota,XL,Green,Fall,4.2,No,2-Day Shipping,No,No,21,Debit Card,Quarterly
3671,56,Male,Dress,Clothing,45,Oklahoma,L,Silver,Fall,3.0,Yes,2-Day Shipping,No,No,46,Bank Transfer,Quarterly
3672,29,Male,Sneakers,Footwear,42,Maine,M,Gold,Spring,3.0,No,Free Shipping,Yes,Yes,49,Credit Card,Monthly
3673,62,Male,Jacket,Outerwear,67,Connecticut,S,Green,Winter,3.8,Yes,Next Day Air,Yes,Yes,46,Credit Card,Quarterly
3674,51,Male,Gloves,Accessories,41,Wisconsin,M,Pink,Spring,4.3,No,Express,No,No,32,Debit Card,Monthly
3675,23,Male,Socks,Clothing,34,Kentucky,S,Blue,Winter,3.1,Yes,Express,Yes,Yes,11,Credit Card,Monthly
3676,55,Male,Sunglasses,Accessories,36,Virginia,L,Pink,Spring,2.8,Yes,Next Day Air,Yes,Yes,30,Credit Card,Annually
3677,51,Male,Belt,Accessories,38,Rhode Island,XL,Gray,Winter,2.8,No,Standard,Yes,Yes,37,Venmo,Bi-Weekly
3678,64,Male,Jacket,Outerwear,69,Vermont,M,Red,Spring,4.6,No,2-Day Shipping,No,No,48,PayPal,Annually
3679,69,Female,Sweater,Clothing,40,Kentucky,M,Green,Spring,3.3,No,Free Shipping,No,No,23,Cash,Fortnightly
3680,29,Female,Shoes,Footwear,49,Alaska,XL,Turquoise,Summer,3.4,Yes,Free Shipping,No,No,37,Cash,Every 3 Months
3681,54,Male,Jewelry,Accessories,30,Oklahoma,L,Green,Spring,4.6,No,Next Day Air,No,No,37,Bank Transfer,Monthly
3682,49,Male,Sneakers,Footwear,96,Nevada,M,Violet,Spring,3.9,No,Store Pickup,No,No,34,Cash,Quarterly
3683,35,Female,Scarf,Accessories,24,Pennsylvania,L,Maroon,Winter,4.6,Yes,Express,Yes,Yes,20,Cash,Fortnightly
3684,42,Male,Dress,Clothing,56,California,L,Lavender,Winter,3.2,No,Free Shipping,No,No,45,Debit Card,Fortnightly
3685,56,Female,Hat,Accessories,60,New Mexico,L,Charcoal,Spring,3.2,No,2-Day Shipping,No,No,13,Credit Card,Weekly
3686,40,Male,Handbag,Accessories,50,Maine,M,Indigo,Winter,4.9,No,Express,Yes,Yes,19,Bank Transfer,Weekly
3687,70,Male,Dress,Clothing,70,Kansas,M,Violet,Summer,3.9,No,Express,No,No,31,Credit Card,Weekly
3688,38,Female,Pants,Clothing,22,West Virginia,XL,Maroon,Spring,3.9,Yes,2-Day Shipping,No,No,8,Bank Transfer,Annually
3689,22,Male,Pants,Clothing,27,New Mexico,L,Orange,Fall,3.7,No,Store Pickup,Yes,Yes,14,Debit Card,Quarterly
3690,23,Female,Sunglasses,Accessories,88,New Mexico,XL,Orange,Spring,4.6,No,Standard,No,No,2,PayPal,Annually
3691,36,Female,Jewelry,Accessories,87,Louisiana,L,Gold,Winter,2.8,No,Express,Yes,Yes,21,Debit Card,Quarterly
3692,49,Male,Jeans,Clothing,22,Nevada,M,White,Spring,2.6,No,Store Pickup,No,No,48,Venmo,Weekly
3693,24,Male,Blouse,Clothing,72,Oklahoma,M,Gray,Fall,3.6,No,Free Shipping,No,No,17,Cash,Monthly
3694,55,Female,Sunglasses,Accessories,49,New Mexico,L,Gray,Spring,3.6,Yes,Next Day Air,Yes,Yes,46,Debit Card,Annually
3695,30,Male,Handbag,Accessories,49,Wyoming,S,Orange,Summer,4.2,Yes,Express,No,No,10,Venmo,Quarterly
3696,29,Male,Backpack,Accessories,67,Massachusetts,XL,Indigo,Spring,4.9,No,Store Pickup,No,No,7,Bank Transfer,Quarterly
3697,26,Female,Socks,Clothing,75,Rhode Island,M,Teal,Fall,4.9,No,Free Shipping,No,No,28,PayPal,Annually
3698,32,Male,Shorts,Clothing,22,Maine,M,White,Winter,3.2,No,2-Day Shipping,No,No,44,Debit Card,Quarterly
3699,44,Male,Sneakers,Footwear,95,Michigan,M,Teal,Spring,3.8,No,2-Day Shipping,Yes,Yes,19,Credit Card,Every 3 Months
3700,55,Male,Socks,Clothing,44,South Carolina,XL,Maroon,Winter,3.0,No,Store Pickup,No,No,10,Venmo,Annually
3701,47,Male,Skirt,Clothing,76,Maryland,L,Olive,Spring,4.8,Yes,Store Pickup,Yes,Yes,45,Debit Card,Quarterly
3702,64,Male,Hoodie,Clothing,83,Vermont,L,Cyan,Spring,4.2,No,Standard,Yes,Yes,35,Debit Card,Every 3 Months
3703,62,Male,Sunglasses,Accessories,67,Nebraska,XL,Silver,Summer,5.0,Yes,Standard,No,No,27,Venmo,Every 3 Months
3704,22,Female,Socks,Clothing,89,Michigan,S,Green,Spring,3.7,No,2-Day Shipping,Yes,Yes,39,PayPal,Monthly
3705,41,Male,Coat,Outerwear,74,Texas,L,Yellow,Spring,4.9,No,Free Shipping,Yes,Yes,31,Credit Card,Annually
3706,58,Male,Pants,Clothing,41,Utah,S,Black,Fall,4.4,No,Standard,Yes,Yes,41,Bank Transfer,Bi-Weekly
3707,65,Male,Pants,Clothing,22,Illinois,L,Gold,Winter,3.9,No,Next Day Air,No,No,3,Venmo,Bi-Weekly
3708,19,Male,Sunglasses,Accessories,31,Delaware,S,Turquoise,Spring,2.8,No,Store Pickup,No,No,21,PayPal,Annually
3709,69,Female,T-shirt,Clothing,62,Idaho,M,Olive,Spring,3.0,Yes,2-Day Shipping,No,No,21,Credit Card,Weekly
3710,39,Male,Shirt,Clothing,33,New Mexico,L,Violet,Fall,2.9,No,Express,Yes,Yes,32,Credit Card,Monthly
3711,56,Female,Pants,Clothing,29,Tennessee,M,Gold,Winter,2.7,No,Free Shipping,Yes,Yes,44,PayPal,Fortnightly
3712,67,Male,Shirt,Clothing,92,Washington,M,Violet,Summer,4.4,No,Next Day Air,Yes,Yes,41,PayPal,Monthly
3713,34,Male,Handbag,Accessories,48,South Carolina,L,Beige,Winter,3.2,No,Free Shipping,Yes,Yes,37,Cash,Weekly
3714,22,Male,Jeans,Clothing,47,Montana,S,Peach,Spring,4.8,No,2-Day Shipping,No,No,27,Credit Card,Annually
3715,65,Male,Jewelry,Accessories,34,Maine,M,Purple,Fall,3.3,Yes,2-Day Shipping,Yes,Yes,24,Bank Transfer,Every 3 Months
3716,49,Male,Dress,Clothing,62,Alaska,S,Cyan,Winter,3.7,No,Store Pickup,Yes,Yes,42,Debit Card,Fortnightly
3717,21,Male,Jewelry,Accessories,89,Illinois,L,Beige,Summer,3.9,No,Free Shipping,No,No,18,Debit Card,Monthly
3718,22,Male,Jacket,Outerwear,98,Delaware,L,Cyan,Summer,2.7,No,Express,No,No,40,Debit Card,Fortnightly
3719,62,Male,Sneakers,Footwear,78,Connecticut,S,Red,Spring,2.7,No,2-Day Shipping,Yes,Yes,23,Debit Card,Weekly
3720,67,Male,Jacket,Outerwear,49,Illinois,S,Brown,Summer,2.9,No,Express,Yes,Yes,23,Venmo,Annually
3721,33,Male,Belt,Accessories,37,Maine,L,Yellow,Winter,5.0,No,Standard,Yes,Yes,13,Venmo,Every 3 Months
3722,55,Male,Sweater,Clothing,67,Mississippi,M,Gold,Winter,4.8,Yes,Next Day Air,No,No,6,Bank Transfer,Monthly
3723,61,Male,Pants,Clothing,25,Louisiana,M,Orange,Winter,4.7,Yes,Express,Yes,Yes,2,Credit Card,Annually
3724,31,Male,Shoes,Footwear,47,Virginia,L,Beige,Winter,3.3,No,Next Day Air,No,No,9,PayPal,Weekly
3725,70,Male,Pants,Clothing,67,New Hampshire,L,Silver,Fall,4.4,No,Express,No,No,24,Bank Transfer,Weekly
3726,31,Female,Gloves,Accessories,50,New Hampshire,L,Beige,Spring,3.1,No,Standard,No,No,6,PayPal,Weekly
3727,47,Male,Sweater,Clothing,63,Missouri,M,Cyan,Fall,4.3,No,Standard,No,No,21,PayPal,Fortnightly
3728,34,Female,Coat,Outerwear,93,New Hampshire,M,Maroon,Spring,3.6,No,2-Day Shipping,No,No,49,Bank Transfer,Bi-Weekly
3729,69,Male,T-shirt,Clothing,92,South Carolina,XL,Gray,Summer,3.6,Yes,Store Pickup,Yes,Yes,35,Cash,Weekly
3730,53,Female,Sweater,Clothing,57,Maine,L,Gray,Fall,3.2,No,Standard,Yes,Yes,10,Credit Card,Weekly
3731,40,Male,T-shirt,Clothing,47,Louisiana,L,Green,Summer,4.5,No,Free Shipping,Yes,Yes,30,PayPal,Monthly
3732,64,Male,Backpack,Accessories,47,West Virginia,M,Indigo,Winter,4.6,No,2-Day Shipping,No,No,43,Cash,Quarterly
3733,39,Male,Coat,Outerwear,99,South Dakota,L,Yellow,Winter,2.9,Yes,Free Shipping,No,No,45,Cash,Quarterly
3734,37,Female,Hat,Accessories,65,Nevada,L,Magenta,Winter,4.4,Yes,Standard,No,No,27,Cash,Monthly
3735,65,Male,Backpack,Accessories,91,Texas,M,Purple,Summer,3.8,Yes,Standard,No,No,14,PayPal,Every 3 Months
3736,66,Female,Belt,Accessories,84,Massachusetts,M,Black,Summer,4.2,Yes,2-Day Shipping,Yes,Yes,14,Cash,Bi-Weekly
3737,44,Female,Sweater,Clothing,31,New Hampshire,M,Magenta,Spring,4.5,No,Standard,No,No,19,Cash,Monthly
3738,67,Male,Hat,Accessories,56,New Mexico,L,Gray,Winter,3.5,No,Store Pickup,No,No,39,Bank Transfer,Bi-Weekly
3739,64,Male,Backpack,Accessories,81,New Jersey,S,Yellow,Summer,3.7,No,Express,Yes,Yes,27,Venmo,Weekly
3740,20,Male,Belt,Accessories,53,New Mexico,L,Lavender,Winter,4.2,No,Free Shipping,No,No,24,Bank Transfer,Quarterly
3741,70,Male,Skirt,Clothing,22,Oklahoma,M,Charcoal,Summer,3.8,Yes,Next Day Air,Yes,Yes,3,Debit Card,Fortnightly
3742,39,Female,Blouse,Clothing,93,Georgia,S,Maroon,Winter,2.7,Yes,2-Day Shipping,No,No,34,Venmo,Monthly
3743,69,Male,Jeans,Clothing,48,Michigan,L,Black,Fall,4.8,Yes,2-Day Shipping,Yes,Yes,40,Venmo,Every 3 Months
3744,34,Female,Pants,Clothing,89,Nebraska,S,Indigo,Spring,3.9,No,2-Day Shipping,Yes,Yes,40,Credit Card,Quarterly
3745,59,Male,Pants,Clothing,78,Missouri,L,Yellow,Spring,2.7,Yes,Standard,Yes,Yes,40,Debit Card,Quarterly
3746,67,Male,Skirt,Clothing,26,Idaho,M,Black,Winter,4.9,Yes,Standard,No,No,42,Venmo,Every 3 Months
3747,57,Female,Gloves,Accessories,64,Wisconsin,M,Orange,Fall,4.6,No,Free Shipping,No,No,15,Venmo,Annually
3748,68,Male,Boots,Footwear,33,Texas,M,Olive,Summer,2.5,No,2-Day Shipping,Yes,Yes,37,PayPal,Quarterly
3749,23,Female,Handbag,Accessories,98,Ohio,M,Olive,Summer,2.9,No,Free Shipping,No,No,12,Cash,Annually
3750,67,Male,Sunglasses,Accessories,28,Massachusetts,M,Teal,Summer,3.6,No,Free Shipping,Yes,Yes,6,PayPal,Annually
3751,41,Male,Sunglasses,Accessories,49,New Jersey,S,White,Summer,3.6,No,Free Shipping,Yes,Yes,21,Venmo,Every 3 Months
3752,65,Male,Skirt,Clothing,51,Maine,L,Silver,Summer,4.5,No,Store Pickup,No,No,26,Bank Transfer,Fortnightly
3753,68,Male,Blouse,Clothing,100,Kentucky,M,Gold,Spring,4.5,No,Express,No,No,11,Bank Transfer,Bi-Weekly
3754,51,Female,Jewelry,Accessories,92,Pennsylvania,L,Green,Spring,2.9,No,Next Day Air,Yes,Yes,12,Venmo,Bi-Weekly
3755,65,Male,Handbag,Accessories,77,Washington,L,Peach,Summer,4.7,No,Next Day Air,No,No,27,Venmo,Annually
3756,64,Male,Belt,Accessories,41,Missouri,M,Gold,Fall,4.7,Yes,Free Shipping,Yes,Yes,11,Bank Transfer,Annually
3757,26,Female,Boots,Footwear,31,Washington,S,Maroon,Summer,3.0,No,Express,Yes,Yes,44,Cash,Bi-Weekly
3758,51,Female,Sandals,Footwear,44,Louisiana,S,Peach,Winter,3.7,No,2-Day Shipping,Yes,Yes,29,Debit Card,Every 3 Months
3759,69,Male,Shoes,Footwear,72,Iowa,L,Silver,Summer,3.5,Yes,Free Shipping,Yes,Yes,1,Debit Card,Every 3 Months
3760,56,Female,Sweater,Clothing,35,Illinois,L,Orange,Spring,2.5,Yes,Express,Yes,Yes,3,Cash,Every 3 Months
3761,55,Male,Jacket,Outerwear,30,Massachusetts,L,Violet,Fall,4.7,No,Store Pickup,No,No,34,Cash,Bi-Weekly
3762,47,Male,Gloves,Accessories,26,Connecticut,M,Teal,Winter,4.6,No,Standard,Yes,Yes,33,Bank Transfer,Bi-Weekly
3763,51,Male,Hat,Accessories,30,New York,M,Magenta,Spring,2.8,No,Express,Yes,Yes,18,Venmo,Annually
3764,70,Male,Backpack,Accessories,20,Idaho,L,Indigo,Winter,4.8,No,Free Shipping,No,No,50,PayPal,Weekly
3765,40,Male,Hoodie,Clothing,56,Idaho,M,White,Winter,3.5,Yes,Store Pickup,Yes,Yes,46,Credit Card,Fortnightly
3766,43,Male,Jeans,Clothing,61,South Carolina,S,Purple,Fall,4.7,No,Next Day Air,No,No,35,Bank Transfer,Fortnightly
3767,61,Male,Sneakers,Footwear,95,New Mexico,M,Gray,Spring,4.5,Yes,Store Pickup,Yes,Yes,18,Cash,Weekly
3768,30,Female,Jewelry,Accessories,55,Ohio,M,Violet,Winter,4.6,Yes,Store Pickup,No,No,24,Venmo,Fortnightly
3769,53,Female,Jacket,Outerwear,81,Virginia,XL,Violet,Spring,3.4,No,Store Pickup,No,No,2,Cash,Every 3 Months
3770,37,Male,Shorts,Clothing,33,Vermont,M,Charcoal,Winter,4.5,Yes,Standard,Yes,Yes,32,Cash,Monthly
3771,52,Male,Jewelry,Accessories,29,Alaska,M,Gray,Summer,2.9,No,2-Day Shipping,Yes,Yes,19,Credit Card,Quarterly
3772,49,Male,Sunglasses,Accessories,78,New Jersey,L,Turquoise,Spring,3.8,No,Free Shipping,Yes,Yes,31,PayPal,Quarterly
3773,39,Male,Blouse,Clothing,97,North Carolina,M,Violet,Summer,2.7,No,Express,No,No,39,Venmo,Quarterly
3774,63,Male,Sunglasses,Accessories,70,Pennsylvania,S,Gold,Spring,2.7,Yes,Standard,Yes,Yes,27,Credit Card,Every 3 Months
3775,65,Male,Shorts,Clothing,80,Arkansas,M,Brown,Fall,3.1,No,Free Shipping,No,No,42,Credit Card,Annually
3776,57,Female,Socks,Clothing,21,Montana,M,Brown,Summer,3.5,No,Express,No,No,47,Bank Transfer,Monthly
3777,51,Female,Dress,Clothing,38,Pennsylvania,S,Peach,Summer,2.9,No,Store Pickup,Yes,Yes,40,Debit Card,Quarterly
3778,23,Female,Sunglasses,Accessories,36,Idaho,M,Blue,Summer,3.6,No,Next Day Air,No,No,8,Bank Transfer,Monthly
3779,59,Female,Handbag,Accessories,51,West Virginia,M,Indigo,Summer,3.4,No,Store Pickup,No,No,19,Cash,Weekly
3780,39,Male,Shoes,Footwear,64,Wyoming,M,Magenta,Spring,4.4,No,Express,Yes,Yes,20,Credit Card,Quarterly
3781,50,Female,Shoes,Footwear,56,Kansas,M,Red,Summer,4.5,No,2-Day Shipping,Yes,Yes,6,Venmo,Quarterly
3782,47,Female,Jacket,Outerwear,68,Colorado,XL,Orange,Summer,4.2,No,Store Pickup,Yes,Yes,46,Credit Card,Monthly
3783,57,Male,Coat,Outerwear,35,Iowa,L,Gold,Summer,3.4,No,2-Day Shipping,No,No,35,Bank Transfer,Annually
3784,50,Female,Backpack,Accessories,47,Missouri,S,Olive,Fall,2.7,No,Express,No,No,37,Cash,Monthly
3785,39,Male,Shirt,Clothing,32,South Carolina,M,Beige,Spring,4.8,No,Next Day Air,No,No,34,Credit Card,Monthly
3786,41,Female,Jewelry,Accessories,93,New Mexico,L,Cyan,Summer,3.7,No,2-Day Shipping,No,No,20,Cash,Quarterly
3787,58,Female,Socks,Clothing,93,Massachusetts,M,Peach,Fall,3.1,No,Free Shipping,Yes,Yes,20,Cash,Bi-Weekly
3788,48,Female,Sunglasses,Accessories,75,Oregon,M,Indigo,Fall,3.8,No,Store Pickup,No,No,23,Cash,Quarterly
3789,22,Male,Pants,Clothing,28,New Jersey,M,Purple,Summer,2.8,No,Next Day Air,No,No,8,Cash,Fortnightly
3790,41,Female,Hat,Accessories,43,South Dakota,M,Maroon,Spring,4.1,Yes,Free Shipping,Yes,Yes,45,Debit Card,Every 3 Months
3791,32,Male,Handbag,Accessories,56,Minnesota,L,Green,Fall,3.2,No,Free Shipping,Yes,Yes,32,PayPal,Bi-Weekly
3792,21,Male,Socks,Clothing,93,Pennsylvania,M,Peach,Fall,4.6,No,Next Day Air,No,No,16,Bank Transfer,Fortnightly
3793,44,Male,Sneakers,Footwear,24,Washington,M,Blue,Summer,3.3,Yes,Free Shipping,Yes,Yes,20,Cash,Weekly
3794,67,Male,Shorts,Clothing,43,South Carolina,XL,Gold,Summer,3.6,No,2-Day Shipping,Yes,Yes,11,Debit Card,Weekly
3795,54,Male,Sunglasses,Accessories,57,Florida,M,Maroon,Spring,3.3,No,2-Day Shipping,Yes,Yes,41,Bank Transfer,Monthly
3796,19,Male,Jeans,Clothing,76,Oklahoma,M,Beige,Fall,4.7,No,Free Shipping,No,No,18,Cash,Monthly
3797,39,Male,Dress,Clothing,52,Oregon,S,Beige,Summer,3.9,No,Free Shipping,Yes,Yes,25,PayPal,Monthly
3798,56,Male,Hat,Accessories,93,Delaware,M,Cyan,Spring,4.2,Yes,Express,Yes,Yes,27,PayPal,Bi-Weekly
3799,29,Male,Shirt,Clothing,48,Delaware,M,Olive,Winter,5.0,Yes,2-Day Shipping,No,No,45,Bank Transfer,Annually
3800,60,Female,Jeans,Clothing,68,Missouri,L,Black,Fall,4.1,No,Next Day Air,No,No,31,Credit Card,Monthly
3801,26,Male,Boots,Footwear,81,New Hampshire,XL,Cyan,Summer,2.9,No,Next Day Air,No,No,47,Venmo,Weekly
3802,24,Female,Shirt,Clothing,48,Kentucky,XL,Brown,Fall,4.3,Yes,Express,Yes,Yes,6,Venmo,Annually
3803,27,Female,Coat,Outerwear,23,Washington,XL,Beige,Winter,3.9,No,Standard,Yes,Yes,47,PayPal,Fortnightly
3804,34,Male,Backpack,Accessories,67,Vermont,L,Black,Winter,3.5,No,Express,No,No,29,PayPal,Quarterly
3805,34,Male,Socks,Clothing,30,Maine,XL,Gray,Spring,4.2,Yes,Standard,No,No,2,Venmo,Bi-Weekly
3806,34,Male,Jeans,Clothing,60,Florida,M,Red,Spring,3.2,Yes,Store Pickup,No,No,47,Cash,Fortnightly
3807,51,Male,Sneakers,Footwear,49,Michigan,M,Magenta,Spring,4.5,Yes,2-Day Shipping,No,No,28,Credit Card,Quarterly
3808,32,Male,Shorts,Clothing,27,Maine,L,Purple,Spring,4.7,No,Store Pickup,Yes,Yes,7,PayPal,Monthly
3809,33,Male,Sandals,Footwear,57,Washington,L,Brown,Fall,3.5,No,Next Day Air,No,No,29,Bank Transfer,Every 3 Months
3810,52,Male,Backpack,Accessories,78,Missouri,S,Blue,Winter,3.8,No,Store Pickup,No,No,35,Cash,Annually
3811,32,Male,Gloves,Accessories,91,Louisiana,M,Brown,Fall,3.1,No,Store Pickup,No,No,49,Cash,Quarterly
3812,40,Male,Sweater,Clothing,99,Georgia,M,Cyan,Winter,2.5,No,Free Shipping,No,No,48,Bank Transfer,Monthly
3813,45,Female,Shorts,Clothing,37,Minnesota,L,Red,Winter,3.9,No,Express,Yes,Yes,2,Venmo,Quarterly
3814,41,Male,Sweater,Clothing,77,Rhode Island,M,Gold,Winter,4.9,Yes,2-Day Shipping,Yes,Yes,22,Cash,Every 3 Months
3815,18,Male,Sandals,Footwear,74,Georgia,L,Maroon,Summer,2.6,Yes,2-Day Shipping,No,No,10,Cash,Fortnightly
3816,27,Male,Gloves,Accessories,70,Minnesota,S,Beige,Spring,2.9,Yes,Store Pickup,Yes,Yes,38,Credit Card,Every 3 Months
3817,49,Male,Skirt,Clothing,56,New York,M,Violet,Spring,4.0,No,Standard,Yes,Yes,20,Debit Card,Every 3 Months
3818,56,Male,Belt,Accessories,52,Pennsylvania,S,Orange,Spring,4.5,No,Express,No,No,6,Credit Card,Monthly
3819,53,Male,Shirt,Clothing,44,West Virginia,L,Violet,Winter,3.1,No,Store Pickup,No,No,48,Credit Card,Every 3 Months
3820,30,Male,Gloves,Accessories,25,California,M,Green,Spring,3.1,No,Next Day Air,No,No,16,PayPal,Bi-Weekly
3821,20,Male,Dress,Clothing,78,Connecticut,M,Blue,Fall,4.8,No,Store Pickup,No,No,49,Cash,Weekly
3822,39,Female,Skirt,Clothing,96,New York,S,Orange,Fall,3.0,No,Express,Yes,Yes,46,Venmo,Weekly
3823,26,Male,Blouse,Clothing,90,Texas,M,Silver,Fall,2.7,No,Next Day Air,No,No,2,PayPal,Fortnightly
3824,68,Male,Jacket,Outerwear,86,Minnesota,L,Yellow,Fall,2.6,No,Free Shipping,Yes,Yes,31,Venmo,Annually
3825,56,Male,Sandals,Footwear,28,Illinois,M,Teal,Winter,4.0,No,Store Pickup,No,No,6,Debit Card,Weekly
3826,60,Male,Sweater,Clothing,33,California,S,Green,Spring,3.5,No,Next Day Air,Yes,Yes,19,Bank Transfer,Monthly
3827,22,Male,Sneakers,Footwear,85,Maine,XL,Yellow,Fall,4.2,No,2-Day Shipping,No,No,6,PayPal,Annually
3828,69,Male,Jeans,Clothing,47,Alaska,XL,Black,Fall,4.0,No,Standard,No,No,9,Venmo,Annually
3829,26,Male,Blouse,Clothing,61,Nevada,XL,Beige,Winter,3.2,Yes,Next Day Air,Yes,Yes,43,Credit Card,Bi-Weekly
3830,24,Male,Sandals,Footwear,75,Hawaii,M,Teal,Fall,4.8,No,Store Pickup,No,No,5,Debit Card,Bi-Weekly
3831,36,Female,Blouse,Clothing,34,Hawaii,S,Silver,Spring,3.6,No,Store Pickup,No,No,22,Venmo,Annually
3832,70,Male,Shoes,Footwear,59,Texas,M,Magenta,Fall,3.2,No,2-Day Shipping,Yes,Yes,4,PayPal,Monthly
3833,48,Male,Jacket,Outerwear,99,New Jersey,M,Purple,Winter,2.6,No,Next Day Air,No,No,50,Credit Card,Every 3 Months
3834,24,Male,Shorts,Clothing,94,Illinois,S,Teal,Summer,2.7,No,Standard,No,No,14,PayPal,Annually
3835,70,Female,Sandals,Footwear,58,Wyoming,XL,Indigo,Fall,3.1,Yes,Store Pickup,No,No,38,PayPal,Annually
3836,50,Female,Sandals,Footwear,96,Illinois,M,Silver,Fall,2.8,Yes,Store Pickup,No,No,14,Debit Card,Weekly
3837,53,Male,Skirt,Clothing,32,Missouri,M,Blue,Spring,3.5,No,Next Day Air,Yes,Yes,15,Credit Card,Every 3 Months
3838,25,Male,Sweater,Clothing,65,Oklahoma,L,Yellow,Spring,4.6,Yes,2-Day Shipping,Yes,Yes,26,Debit Card,Every 3 Months
3839,25,Male,Jeans,Clothing,56,Minnesota,S,Lavender,Summer,3.5,No,2-Day Shipping,No,No,26,PayPal,Every 3 Months
3840,27,Female,Skirt,Clothing,53,Colorado,L,White,Winter,2.7,No,Free Shipping,No,No,4,PayPal,Weekly
3841,64,Male,Blouse,Clothing,49,Utah,M,Charcoal,Summer,3.5,No,Next Day Air,Yes,Yes,40,Credit Card,Fortnightly
3842,45,Male,Sweater,Clothing,94,Alaska,S,Yellow,Spring,3.7,No,2-Day Shipping,No,No,9,Bank Transfer,Monthly
3843,60,Female,Hoodie,Clothing,98,Missouri,XL,Lavender,Spring,4.0,No,Express,Yes,Yes,32,Bank Transfer,Monthly
3844,27,Male,Blouse,Clothing,37,Montana,M,Brown,Summer,4.1,No,Free Shipping,No,No,4,Credit Card,Quarterly
3845,54,Male,Shirt,Clothing,89,New Hampshire,S,Red,Spring,4.3,No,Free Shipping,Yes,Yes,16,Cash,Annually
3846,53,Male,Sunglasses,Accessories,42,Missouri,XL,Brown,Fall,4.5,No,Next Day Air,No,No,16,Debit Card,Fortnightly
3847,39,Male,Hat,Accessories,50,Utah,M,Gold,Winter,4.6,No,2-Day Shipping,Yes,Yes,46,Credit Card,Fortnightly
3848,62,Male,Belt,Accessories,39,Nebraska,S,Pink,Winter,3.8,No,Express,Yes,Yes,48,Cash,Monthly
3849,59,Male,Backpack,Accessories,42,New Mexico,L,Gold,Winter,4.7,No,Express,No,No,41,Cash,Every 3 Months
3850,66,Female,Shoes,Footwear,50,North Dakota,XL,White,Spring,2.9,Yes,Express,No,No,42,Debit Card,Monthly
3851,44,Male,Jewelry,Accessories,97,New Jersey,L,Beige,Winter,4.8,No,Store Pickup,Yes,Yes,21,Cash,Weekly
3852,53,Male,Dress,Clothing,23,Alaska,M,Olive,Winter,3.4,No,Store Pickup,No,No,46,PayPal,Monthly
3853,42,Male,Dress,Clothing,94,Louisiana,L,Lavender,Summer,4.9,Yes,Store Pickup,No,No,39,Cash,Monthly
3854,26,Female,Sunglasses,Accessories,26,Oregon,M,Lavender,Fall,2.8,No,2-Day Shipping,No,No,29,Bank Transfer,Quarterly
3855,66,Male,Sunglasses,Accessories,96,Wisconsin,M,Lavender,Fall,4.4,No,Standard,Yes,Yes,6,Credit Card,Quarterly
3856,58,Male,Dress,Clothing,68,Minnesota,M,Magenta,Fall,4.8,No,Free Shipping,Yes,Yes,14,Credit Card,Bi-Weekly
3857,31,Male,Jewelry,Accessories,64,Texas,M,Red,Spring,4.1,No,Next Day Air,No,No,25,PayPal,Weekly
3858,41,Male,Coat,Outerwear,79,Wyoming,M,Purple,Summer,4.7,Yes,2-Day Shipping,No,No,19,Debit Card,Fortnightly
3859,46,Male,Backpack,Accessories,48,Oregon,L,Teal,Winter,4.3,No,Store Pickup,No,No,36,Credit Card,Annually
3860,59,Male,Shirt,Clothing,31,Alaska,L,Gold,Fall,2.9,Yes,Next Day Air,No,No,19,Bank Transfer,Fortnightly
3861,36,Male,Boots,Footwear,78,Pennsylvania,M,Olive,Winter,4.4,Yes,Next Day Air,Yes,Yes,41,Venmo,Every 3 Months
3862,54,Male,Dress,Clothing,56,Colorado,L,Green,Fall,2.5,Yes,Next Day Air,No,No,23,Venmo,Every 3 Months
3863,41,Male,Sweater,Clothing,97,Hawaii,M,Teal,Winter,4.2,Yes,Standard,No,No,45,Credit Card,Bi-Weekly
3864,46,Male,Sweater,Clothing,78,Alaska,M,Cyan,Summer,4.3,No,Free Shipping,No,No,22,Credit Card,Every 3 Months
3865,50,Male,Jacket,Outerwear,73,Ohio,L,Olive,Summer,3.1,No,Store Pickup,Yes,Yes,48,Bank Transfer,Quarterly
3866,36,Male,Skirt,Clothing,51,New York,S,Red,Fall,4.7,No,Free Shipping,No,No,36,PayPal,Annually
3867,51,Male,Boots,Footwear,57,Idaho,S,Orange,Fall,4.7,No,Next Day Air,No,No,7,Credit Card,Weekly
3868,44,Male,Shorts,Clothing,64,Georgia,L,Green,Winter,3.4,No,Express,Yes,Yes,7,Venmo,Weekly
3869,47,Male,Dress,Clothing,76,Alaska,XL,White,Summer,4.9,No,Next Day Air,No,No,15,Cash,Weekly
3870,49,Male,Blouse,Clothing,82,Iowa,XL,Brown,Summer,4.3,No,Free Shipping,Yes,Yes,38,Venmo,Annually
3871,44,Female,Shorts,Clothing,85,Idaho,XL,Red,Winter,2.8,No,Standard,No,No,32,Credit Card,Monthly
3872,60,Male,Sweater,Clothing,62,Maine,M,Green,Summer,3.3,No,Standard,Yes,Yes,24,Bank Transfer,Fortnightly
3873,65,Male,Sweater,Clothing,69,Kentucky,S,Magenta,Summer,5.0,No,2-Day Shipping,Yes,Yes,2,Credit Card,Monthly
3874,69,Female,Scarf,Accessories,49,Alaska,M,Maroon,Fall,3.5,No,Express,Yes,Yes,48,Credit Card,Monthly
3875,46,Female,Scarf,Accessories,82,Iowa,XL,Green,Spring,4.4,Yes,Free Shipping,No,No,23,PayPal,Every 3 Months
3876,44,Male,T-shirt,Clothing,40,Washington,L,Lavender,Winter,3.4,Yes,Free Shipping,Yes,Yes,10,PayPal,Annually
3877,43,Male,Shoes,Footwear,55,Florida,M,Cyan,Summer,3.8,No,Express,Yes,Yes,25,Credit Card,Weekly
3878,58,Male,Sandals,Footwear,47,North Dakota,M,Turquoise,Winter,4.2,Yes,Next Day Air,Yes,Yes,36,PayPal,Annually
3879,59,Male,Gloves,Accessories,83,Oklahoma,L,Olive,Fall,5.0,Yes,Free Shipping,No,No,29,Venmo,Monthly
3880,51,Male,Skirt,Clothing,83,Washington,L,Beige,Fall,4.0,No,Store Pickup,Yes,Yes,2,Bank Transfer,Every 3 Months
3881,47,Male,Blouse,Clothing,49,North Carolina,M,Red,Spring,3.7,Yes,Free Shipping,No,No,1,Cash,Bi-Weekly
3882,18,Male,Shirt,Clothing,45,Pennsylvania,M,Indigo,Winter,2.9,No,Express,No,No,49,Venmo,Monthly
3883,34,Male,Blouse,Clothing,60,Iowa,S,Gold,Summer,3.9,No,Express,No,No,38,Debit Card,Every 3 Months
3884,43,Female,Shorts,Clothing,23,West Virginia,S,Orange,Spring,4.7,Yes,2-Day Shipping,No,No,29,PayPal,Fortnightly
3885,70,Male,Jacket,Outerwear,29,Utah,S,Peach,Winter,2.6,No,Next Day Air,Yes,Yes,19,PayPal,Bi-Weekly
3886,50,Male,Gloves,Accessories,96,Arizona,M,Maroon,Fall,4.9,No,Standard,No,No,44,Debit Card,Bi-Weekly
3887,58,Female,Sweater,Clothing,83,Minnesota,M,Turquoise,Winter,4.3,No,Next Day Air,No,No,22,PayPal,Quarterly
3888,70,Male,Backpack,Accessories,75,Hawaii,L,Magenta,Summer,4.9,No,Express,No,No,20,Venmo,Every 3 Months
3889,53,Male,Sweater,Clothing,86,Indiana,M,Peach,Summer,2.9,Yes,2-Day Shipping,Yes,Yes,34,Bank Transfer,Annually
3890,34,Male,Coat,Outerwear,90,Illinois,L,Green,Winter,4.7,Yes,Store Pickup,No,No,40,Bank Transfer,Annually
3891,26,Male,Backpack,Accessories,33,New Hampshire,L,Beige,Spring,3.5,No,2-Day Shipping,Yes,Yes,25,PayPal,Fortnightly
3892,57,Male,Scarf,Accessories,38,Hawaii,S,Magenta,Fall,4.9,No,Next Day Air,Yes,Yes,34,Debit Card,Every 3 Months
3893,35,Male,Jeans,Clothing,31,Arkansas,M,Green,Fall,3.0,Yes,Standard,No,No,17,Venmo,Annually
3894,42,Male,Gloves,Accessories,65,North Carolina,M,Magenta,Winter,3.9,No,Express,Yes,Yes,48,Debit Card,Annually
3895,66,Male,Handbag,Accessories,40,Oregon,M,Violet,Spring,2.8,No,2-Day Shipping,Yes,Yes,11,PayPal,Fortnightly
3896,22,Male,T-shirt,Clothing,68,Indiana,M,Gray,Spring,3.3,No,2-Day Shipping,No,No,45,Credit Card,Every 3 Months
3897,37,Male,Sweater,Clothing,80,Missouri,L,Red,Spring,4.3,No,2-Day Shipping,Yes,Yes,28,Credit Card,Bi-Weekly
3898,68,Female,Scarf,Accessories,83,Washington,L,Teal,Winter,2.8,No,Express,Yes,Yes,50,Venmo,Every 3 Months
3899,42,Male,Sneakers,Footwear,95,Montana,S,Brown,Spring,3.6,No,Express,No,No,23,Venmo,Every 3 Months
3900,67,Male,Hat,Accessories,77,Florida,L,Silver,Fall,3.5,No,Store Pickup,No,No,25,Cash,Weekly
